{
  "type": "FeatureCollection",
  "name": "osm-regional-parks-vancouver-island-working-extent",
  "attribution": "© OpenStreetMap contributors, ODbL",
  "retrievedAt": "2026-08-14T09:43:57.430Z",
  "query": "OSM name contains 'Regional Park'; relation geometry hydrated through OSM API /relation/{id}/full.json",
  "features": [
    {
      "type": "Feature",
      "properties": {
        "osm_id": "way/49403651",
        "name": "Gonzales Hill Regional Park",
        "leisure": "park",
        "boundary": null,
        "operator": "CRD Parks",
        "protection_title": null,
        "source": "OpenStreetMap",
        "source_url": "https://www.openstreetmap.org/way/49403651"
      },
      "geometry": {
        "type": "Polygon",
        "coordinates": [
          [
            [
              -123.3230223,
              48.4145131
            ],
            [
              -123.322963,
              48.4143012
            ],
            [
              -123.3233568,
              48.4140648
            ],
            [
              -123.3239871,
              48.4136422
            ],
            [
              -123.3239069,
              48.4136415
            ],
            [
              -123.3239045,
              48.4136225
            ],
            [
              -123.3238972,
              48.4136022
            ],
            [
              -123.3238877,
              48.4135863
            ],
            [
              -123.3246988,
              48.4135917
            ],
            [
              -123.324709,
              48.4128484
            ],
            [
              -123.3248224,
              48.4128492
            ],
            [
              -123.3249225,
              48.4128532
            ],
            [
              -123.3250209,
              48.4128638
            ],
            [
              -123.3250969,
              48.4128748
            ],
            [
              -123.3251676,
              48.4128886
            ],
            [
              -123.3252516,
              48.4129088
            ],
            [
              -123.3253429,
              48.4129363
            ],
            [
              -123.3254245,
              48.4129659
            ],
            [
              -123.3254939,
              48.4129956
            ],
            [
              -123.3255687,
              48.4130333
            ],
            [
              -123.3256595,
              48.4130813
            ],
            [
              -123.3257367,
              48.4131239
            ],
            [
              -123.3258921,
              48.4132077
            ],
            [
              -123.3259512,
              48.4132465
            ],
            [
              -123.3259839,
              48.4132757
            ],
            [
              -123.3260126,
              48.4133115
            ],
            [
              -123.3260262,
              48.4133363
            ],
            [
              -123.3260359,
              48.4133618
            ],
            [
              -123.3260431,
              48.413394
            ],
            [
              -123.3260446,
              48.4134246
            ],
            [
              -123.3260397,
              48.4134543
            ],
            [
              -123.3260262,
              48.4134742
            ],
            [
              -123.3260111,
              48.4134852
            ],
            [
              -123.3259946,
              48.4134939
            ],
            [
              -123.3259742,
              48.4135013
            ],
            [
              -123.3259566,
              48.4135075
            ],
            [
              -123.3259416,
              48.4135156
            ],
            [
              -123.3259197,
              48.4135315
            ],
            [
              -123.3259047,
              48.4135481
            ],
            [
              -123.3258945,
              48.413569
            ],
            [
              -123.3258926,
              48.4135925
            ],
            [
              -123.325897,
              48.4136096
            ],
            [
              -123.3259057,
              48.4136261
            ],
            [
              -123.3259174,
              48.4136399
            ],
            [
              -123.3259347,
              48.4136546
            ],
            [
              -123.3258908,
              48.4136548
            ],
            [
              -123.3248622,
              48.414394
            ],
            [
              -123.3244441,
              48.414107
            ],
            [
              -123.3230223,
              48.4145131
            ]
          ]
        ]
      }
    },
    {
      "type": "Feature",
      "properties": {
        "osm_id": "way/54355402",
        "name": "Heart/Stocking Lakes Regional Park",
        "leisure": "park",
        "boundary": null,
        "operator": "Cowichan Valley Regional District",
        "protection_title": null,
        "source": "OpenStreetMap",
        "source_url": "https://www.openstreetmap.org/way/54355402"
      },
      "geometry": {
        "type": "Polygon",
        "coordinates": [
          [
            [
              -123.8072791,
              48.9605184
            ],
            [
              -123.805377,
              48.9604932
            ],
            [
              -123.8054771,
              48.9598529
            ],
            [
              -123.8049609,
              48.9590157
            ],
            [
              -123.8047695,
              48.9581592
            ],
            [
              -123.8045288,
              48.9577773
            ],
            [
              -123.8040002,
              48.957049
            ],
            [
              -123.8033554,
              48.9559949
            ],
            [
              -123.8034382,
              48.955756
            ],
            [
              -123.8042359,
              48.9549695
            ],
            [
              -123.8068529,
              48.9533438
            ],
            [
              -123.8080473,
              48.9530191
            ],
            [
              -123.8094344,
              48.9529241
            ],
            [
              -123.8125638,
              48.952614
            ],
            [
              -123.8135091,
              48.9528687
            ],
            [
              -123.8135746,
              48.9527956
            ],
            [
              -123.8137195,
              48.9540526
            ],
            [
              -123.8158926,
              48.9551621
            ],
            [
              -123.8147779,
              48.9568199
            ],
            [
              -123.8177762,
              48.9567987
            ],
            [
              -123.8177501,
              48.9552043
            ],
            [
              -123.8180518,
              48.9553278
            ],
            [
              -123.8185074,
              48.9560356
            ],
            [
              -123.8184193,
              48.9561433
            ],
            [
              -123.8183245,
              48.9562594
            ],
            [
              -123.8183413,
              48.9567822
            ],
            [
              -123.8182575,
              48.9569082
            ],
            [
              -123.8174901,
              48.957176
            ],
            [
              -123.8172033,
              48.9574419
            ],
            [
              -123.8167552,
              48.9586347
            ],
            [
              -123.8165821,
              48.958836
            ],
            [
              -123.8160329,
              48.9590189
            ],
            [
              -123.8157577,
              48.9593728
            ],
            [
              -123.8159516,
              48.9597314
            ],
            [
              -123.8163757,
              48.9601243
            ],
            [
              -123.8162917,
              48.9610516
            ],
            [
              -123.8169554,
              48.9619133
            ],
            [
              -123.8173007,
              48.9620011
            ],
            [
              -123.817413,
              48.9623073
            ],
            [
              -123.8180104,
              48.9620409
            ],
            [
              -123.8188976,
              48.9625387
            ],
            [
              -123.8188466,
              48.9651746
            ],
            [
              -123.8160965,
              48.9651509
            ],
            [
              -123.8160639,
              48.965971
            ],
            [
              -123.8141558,
              48.966
            ],
            [
              -123.8141304,
              48.964158
            ],
            [
              -123.8112028,
              48.9641672
            ],
            [
              -123.811282,
              48.9605512
            ],
            [
              -123.8072791,
              48.9605184
            ]
          ]
        ]
      }
    },
    {
      "type": "Feature",
      "properties": {
        "osm_id": "way/82150840",
        "name": "Bear Hill Regional Park",
        "leisure": "park",
        "boundary": null,
        "operator": "CRD Parks",
        "protection_title": null,
        "source": "OpenStreetMap",
        "source_url": "https://www.openstreetmap.org/way/82150840"
      },
      "geometry": {
        "type": "Polygon",
        "coordinates": [
          [
            [
              -123.3914134,
              48.5458969
            ],
            [
              -123.3932014,
              48.5458829
            ],
            [
              -123.3956985,
              48.5458633
            ],
            [
              -123.4035603,
              48.5458016
            ],
            [
              -123.4035658,
              48.5470315
            ],
            [
              -123.4076634,
              48.5470104
            ],
            [
              -123.4076698,
              48.5483476
            ],
            [
              -123.4087821,
              48.548307
            ],
            [
              -123.4091708,
              48.5483104
            ],
            [
              -123.4094828,
              48.5483578
            ],
            [
              -123.4097896,
              48.5484661
            ],
            [
              -123.4097947,
              48.5478364
            ],
            [
              -123.410388,
              48.5478364
            ],
            [
              -123.4104033,
              48.5464382
            ],
            [
              -123.4130524,
              48.5463976
            ],
            [
              -123.4130626,
              48.5462994
            ],
            [
              -123.412587,
              48.5451652
            ],
            [
              -123.4103982,
              48.5451855
            ],
            [
              -123.4104187,
              48.5435062
            ],
            [
              -123.3916872,
              48.5436079
            ],
            [
              -123.3923292,
              48.5453064
            ],
            [
              -123.3912655,
              48.5453552
            ],
            [
              -123.3914134,
              48.5458969
            ]
          ]
        ]
      }
    },
    {
      "type": "Feature",
      "properties": {
        "osm_id": "way/139815715",
        "name": "Island View Beach Regional Park",
        "leisure": "park",
        "boundary": null,
        "operator": null,
        "protection_title": null,
        "source": "OpenStreetMap",
        "source_url": "https://www.openstreetmap.org/way/139815715"
      },
      "geometry": {
        "type": "Polygon",
        "coordinates": [
          [
            [
              -123.3761491,
              48.5832576
            ],
            [
              -123.3761344,
              48.5796122
            ],
            [
              -123.3757554,
              48.5796122
            ],
            [
              -123.3758,
              48.5778
            ],
            [
              -123.3768452,
              48.5778
            ],
            [
              -123.377,
              48.5778
            ],
            [
              -123.3755698,
              48.5746336
            ],
            [
              -123.3753563,
              48.5746346
            ],
            [
              -123.3753563,
              48.5746137
            ],
            [
              -123.3732655,
              48.5746163
            ],
            [
              -123.3688308,
              48.5746219
            ],
            [
              -123.3682218,
              48.5746227
            ],
            [
              -123.3681026,
              48.5742161
            ],
            [
              -123.3680103,
              48.5739689
            ],
            [
              -123.367855,
              48.5735981
            ],
            [
              -123.3677177,
              48.5732839
            ],
            [
              -123.3675737,
              48.5729757
            ],
            [
              -123.3674206,
              48.5726227
            ],
            [
              -123.3682601,
              48.5726153
            ],
            [
              -123.3682471,
              48.5724798
            ],
            [
              -123.3682106,
              48.5720971
            ],
            [
              -123.3663253,
              48.572104
            ],
            [
              -123.3663271,
              48.5721762
            ],
            [
              -123.366329,
              48.5722561
            ],
            [
              -123.3663307,
              48.5723275
            ],
            [
              -123.3664551,
              48.5725426
            ],
            [
              -123.3665105,
              48.5727135
            ],
            [
              -123.3665503,
              48.5731993
            ],
            [
              -123.3665918,
              48.5737049
            ],
            [
              -123.3665997,
              48.5738016
            ],
            [
              -123.3667112,
              48.5741975
            ],
            [
              -123.3667827,
              48.5747287
            ],
            [
              -123.3669227,
              48.5749384
            ],
            [
              -123.3671174,
              48.575227
            ],
            [
              -123.3672537,
              48.5754795
            ],
            [
              -123.3674524,
              48.5758351
            ],
            [
              -123.3675069,
              48.5760438
            ],
            [
              -123.3675964,
              48.5760902
            ],
            [
              -123.3677717,
              48.5764458
            ],
            [
              -123.3678379,
              48.5767318
            ],
            [
              -123.3678885,
              48.577059
            ],
            [
              -123.3678963,
              48.5772497
            ],
            [
              -123.3679236,
              48.5774584
            ],
            [
              -123.3679859,
              48.5777186
            ],
            [
              -123.3679859,
              48.5779145
            ],
            [
              -123.3679976,
              48.5779892
            ],
            [
              -123.3680054,
              48.5781051
            ],
            [
              -123.3680716,
              48.5781876
            ],
            [
              -123.3682819,
              48.578337
            ],
            [
              -123.3685584,
              48.5785225
            ],
            [
              -123.3686674,
              48.578672
            ],
            [
              -123.3688162,
              48.5788049
            ],
            [
              -123.3690979,
              48.5790516
            ],
            [
              -123.3692049,
              48.5792646
            ],
            [
              -123.3694814,
              48.5795119
            ],
            [
              -123.3696138,
              48.5796459
            ],
            [
              -123.3697072,
              48.5798701
            ],
            [
              -123.3699604,
              48.5800865
            ],
            [
              -123.3703055,
              48.5803044
            ],
            [
              -123.3703399,
              48.5806905
            ],
            [
              -123.3704978,
              48.5809315
            ],
            [
              -123.3708211,
              48.5811918
            ],
            [
              -123.3710002,
              48.5813335
            ],
            [
              -123.3710976,
              48.5814881
            ],
            [
              -123.3712027,
              48.5816761
            ],
            [
              -123.3712494,
              48.5819183
            ],
            [
              -123.3712611,
              48.5821167
            ],
            [
              -123.3713312,
              48.5822738
            ],
            [
              -123.3714597,
              48.5825366
            ],
            [
              -123.3714987,
              48.5827737
            ],
            [
              -123.3714559,
              48.5829463
            ],
            [
              -123.3714107,
              48.5831903
            ],
            [
              -123.3713974,
              48.5832503
            ],
            [
              -123.3761491,
              48.5832576
            ]
          ]
        ]
      }
    },
    {
      "type": "Feature",
      "properties": {
        "osm_id": "way/155212263",
        "name": "Coles Bay Regional Park",
        "leisure": "park",
        "boundary": null,
        "operator": "CRD Parks",
        "protection_title": null,
        "source": "OpenStreetMap",
        "source_url": "https://www.openstreetmap.org/way/155212263"
      },
      "geometry": {
        "type": "Polygon",
        "coordinates": [
          [
            [
              -123.4667688,
              48.630786
            ],
            [
              -123.4668237,
              48.6308348
            ],
            [
              -123.4669251,
              48.6308869
            ],
            [
              -123.4670726,
              48.6309162
            ],
            [
              -123.4670734,
              48.6313587
            ],
            [
              -123.4635593,
              48.6328486
            ],
            [
              -123.4635774,
              48.6307803
            ],
            [
              -123.4667688,
              48.630786
            ]
          ]
        ]
      }
    },
    {
      "type": "Feature",
      "properties": {
        "osm_id": "way/202232001",
        "name": "Foden Regional Park",
        "leisure": "park",
        "boundary": null,
        "operator": null,
        "protection_title": null,
        "source": "OpenStreetMap",
        "source_url": "https://www.openstreetmap.org/way/202232001"
      },
      "geometry": {
        "type": "Polygon",
        "coordinates": [
          [
            [
              -124.91654,
              49.7250218
            ],
            [
              -124.9171336,
              49.7250292
            ],
            [
              -124.9171165,
              49.7256018
            ],
            [
              -124.919013,
              49.7256255
            ],
            [
              -124.9189774,
              49.7268188
            ],
            [
              -124.9229633,
              49.7268685
            ],
            [
              -124.9230075,
              49.7253866
            ],
            [
              -124.9229778,
              49.7244387
            ],
            [
              -124.9165597,
              49.7243636
            ],
            [
              -124.91654,
              49.7250218
            ]
          ]
        ]
      }
    },
    {
      "type": "Feature",
      "properties": {
        "osm_id": "way/217516076",
        "name": "Wildwood Marsh Regional Park",
        "leisure": "park",
        "boundary": null,
        "operator": null,
        "protection_title": null,
        "source": "OpenStreetMap",
        "source_url": "https://www.openstreetmap.org/way/217516076"
      },
      "geometry": {
        "type": "Polygon",
        "coordinates": [
          [
            [
              -125.061098,
              49.713353
            ],
            [
              -125.061003,
              49.712827
            ],
            [
              -125.061142,
              49.712431
            ],
            [
              -125.063478,
              49.71244
            ],
            [
              -125.06357,
              49.712254
            ],
            [
              -125.063672,
              49.712151
            ],
            [
              -125.063932,
              49.712248
            ],
            [
              -125.06396,
              49.711445
            ],
            [
              -125.063928,
              49.711225
            ],
            [
              -125.064126,
              49.711023
            ],
            [
              -125.064051,
              49.710587
            ],
            [
              -125.063903,
              49.710369
            ],
            [
              -125.064277,
              49.710116
            ],
            [
              -125.064477,
              49.710236
            ],
            [
              -125.064672,
              49.710113
            ],
            [
              -125.064483,
              49.70999
            ],
            [
              -125.064705,
              49.709834
            ],
            [
              -125.065195,
              49.71023
            ],
            [
              -125.065249,
              49.710562
            ],
            [
              -125.065421,
              49.710808
            ],
            [
              -125.065074,
              49.710912
            ],
            [
              -125.064766,
              49.711268
            ],
            [
              -125.064468,
              49.711345
            ],
            [
              -125.064524,
              49.711605
            ],
            [
              -125.064657,
              49.711736
            ],
            [
              -125.065139,
              49.7118
            ],
            [
              -125.065758,
              49.711799
            ],
            [
              -125.066179,
              49.712273
            ],
            [
              -125.066647,
              49.712528
            ],
            [
              -125.067505,
              49.71317
            ],
            [
              -125.067457,
              49.714021
            ],
            [
              -125.067598,
              49.714177
            ],
            [
              -125.067892,
              49.714146
            ],
            [
              -125.068182,
              49.714018
            ],
            [
              -125.068674,
              49.714198
            ],
            [
              -125.068319,
              49.714634
            ],
            [
              -125.069018,
              49.714546
            ],
            [
              -125.069595,
              49.715146
            ],
            [
              -125.069785,
              49.715417
            ],
            [
              -125.069784,
              49.716838
            ],
            [
              -125.069511,
              49.716839
            ],
            [
              -125.069425,
              49.716786
            ],
            [
              -125.069422,
              49.716569
            ],
            [
              -125.069146,
              49.716636
            ],
            [
              -125.068755,
              49.716491
            ],
            [
              -125.068275,
              49.71621
            ],
            [
              -125.067567,
              49.715674
            ],
            [
              -125.067599,
              49.715398
            ],
            [
              -125.0677,
              49.715137
            ],
            [
              -125.067559,
              49.715099
            ],
            [
              -125.067116,
              49.715176
            ],
            [
              -125.066632,
              49.715184
            ],
            [
              -125.065559,
              49.714463
            ],
            [
              -125.064776,
              49.714394
            ],
            [
              -125.064222,
              49.714212
            ],
            [
              -125.063859,
              49.713546
            ],
            [
              -125.063305,
              49.713625
            ],
            [
              -125.062929,
              49.713823
            ],
            [
              -125.061098,
              49.713353
            ]
          ]
        ]
      }
    },
    {
      "type": "Feature",
      "properties": {
        "osm_id": "way/307818925",
        "name": "George Hill Regional Park",
        "leisure": "park",
        "boundary": null,
        "operator": "Capital Regional District",
        "protection_title": null,
        "source": "OpenStreetMap",
        "source_url": "https://www.openstreetmap.org/way/307818925"
      },
      "geometry": {
        "type": "Polygon",
        "coordinates": [
          [
            [
              -123.3203122,
              48.8194221
            ],
            [
              -123.3174983,
              48.8183992
            ],
            [
              -123.3129219,
              48.8184184
            ],
            [
              -123.3129193,
              48.8178796
            ],
            [
              -123.3127332,
              48.8178346
            ],
            [
              -123.3124125,
              48.8177334
            ],
            [
              -123.3122058,
              48.81766
            ],
            [
              -123.3116947,
              48.8174887
            ],
            [
              -123.3114445,
              48.8173977
            ],
            [
              -123.3109811,
              48.8171726
            ],
            [
              -123.3104631,
              48.8169122
            ],
            [
              -123.3103844,
              48.8168515
            ],
            [
              -123.310266,
              48.8167601
            ],
            [
              -123.3098779,
              48.8165094
            ],
            [
              -123.3095935,
              48.8163151
            ],
            [
              -123.3091732,
              48.8160754
            ],
            [
              -123.3089865,
              48.8159054
            ],
            [
              -123.3087777,
              48.8157034
            ],
            [
              -123.3087159,
              48.8155628
            ],
            [
              -123.3085119,
              48.8150001
            ],
            [
              -123.3084291,
              48.8149008
            ],
            [
              -123.3081694,
              48.8145635
            ],
            [
              -123.307903,
              48.8141512
            ],
            [
              -123.307785,
              48.8138807
            ],
            [
              -123.3077488,
              48.8138014
            ],
            [
              -123.3077349,
              48.813713
            ],
            [
              -123.307713,
              48.8135738
            ],
            [
              -123.3083562,
              48.8132284
            ],
            [
              -123.3079366,
              48.8127863
            ],
            [
              -123.307824,
              48.8127692
            ],
            [
              -123.3081934,
              48.8126163
            ],
            [
              -123.3081675,
              48.8126907
            ],
            [
              -123.3085292,
              48.8130719
            ],
            [
              -123.3093034,
              48.8126179
            ],
            [
              -123.3093074,
              48.8126189
            ],
            [
              -123.3100664,
              48.8128194
            ],
            [
              -123.310498,
              48.8129334
            ],
            [
              -123.310752,
              48.8130004
            ],
            [
              -123.3112356,
              48.8131281
            ],
            [
              -123.3119084,
              48.8133057
            ],
            [
              -123.3129736,
              48.813587
            ],
            [
              -123.3129291,
              48.8152462
            ],
            [
              -123.3129291,
              48.8152821
            ],
            [
              -123.312926,
              48.8153945
            ],
            [
              -123.312908,
              48.8160154
            ],
            [
              -123.3129134,
              48.8168105
            ],
            [
              -123.3159838,
              48.8167796
            ],
            [
              -123.3162551,
              48.8167769
            ],
            [
              -123.3162636,
              48.8167874
            ],
            [
              -123.3162735,
              48.8167974
            ],
            [
              -123.3162847,
              48.8168068
            ],
            [
              -123.316297,
              48.8168155
            ],
            [
              -123.3163105,
              48.8168235
            ],
            [
              -123.3163249,
              48.8168307
            ],
            [
              -123.3163402,
              48.816837
            ],
            [
              -123.3163563,
              48.8168424
            ],
            [
              -123.3163731,
              48.8168469
            ],
            [
              -123.3163904,
              48.8168505
            ],
            [
              -123.316408,
              48.816853
            ],
            [
              -123.316426,
              48.8168545
            ],
            [
              -123.3164441,
              48.816855
            ],
            [
              -123.3164622,
              48.8168544
            ],
            [
              -123.3164801,
              48.8168528
            ],
            [
              -123.3164978,
              48.8168502
            ],
            [
              -123.3178955,
              48.8176002
            ],
            [
              -123.3189585,
              48.8181707
            ],
            [
              -123.318526,
              48.818615
            ],
            [
              -123.3204468,
              48.8193151
            ],
            [
              -123.3207608,
              48.8195692
            ],
            [
              -123.3208801,
              48.8196656
            ],
            [
              -123.3208074,
              48.8196764
            ],
            [
              -123.3207365,
              48.8196913
            ],
            [
              -123.3206677,
              48.8197101
            ],
            [
              -123.3206246,
              48.8196752
            ],
            [
              -123.3203122,
              48.8194221
            ]
          ]
        ]
      }
    },
    {
      "type": "Feature",
      "properties": {
        "osm_id": "way/353967248",
        "name": "East Point Regional Park",
        "leisure": "park",
        "boundary": null,
        "operator": "Capital Regional District",
        "protection_title": null,
        "source": "OpenStreetMap",
        "source_url": "https://www.openstreetmap.org/way/353967248"
      },
      "geometry": {
        "type": "Polygon",
        "coordinates": [
          [
            [
              -123.0464975,
              48.7829308
            ],
            [
              -123.0478103,
              48.7828218
            ],
            [
              -123.0477308,
              48.7824064
            ],
            [
              -123.0471279,
              48.7817811
            ],
            [
              -123.0469494,
              48.781847
            ],
            [
              -123.0467854,
              48.7818813
            ],
            [
              -123.0465095,
              48.781943
            ],
            [
              -123.0464975,
              48.7829308
            ]
          ]
        ]
      }
    },
    {
      "type": "Feature",
      "properties": {
        "osm_id": "way/369029029",
        "name": "Albert Head Lagoon Regional Park",
        "leisure": "park",
        "boundary": null,
        "operator": "CRD Parks",
        "protection_title": null,
        "source": "OpenStreetMap",
        "source_url": "https://www.openstreetmap.org/way/369029029"
      },
      "geometry": {
        "type": "Polygon",
        "coordinates": [
          [
            [
              -123.4888371,
              48.393293
            ],
            [
              -123.4888921,
              48.3933457
            ],
            [
              -123.4889169,
              48.3934094
            ],
            [
              -123.4889886,
              48.3935437
            ],
            [
              -123.4890725,
              48.3938769
            ],
            [
              -123.4890899,
              48.3942358
            ],
            [
              -123.489081,
              48.3947715
            ],
            [
              -123.4890236,
              48.3950656
            ],
            [
              -123.4889251,
              48.395361
            ],
            [
              -123.4888865,
              48.3955333
            ],
            [
              -123.4888189,
              48.3956672
            ],
            [
              -123.4887725,
              48.3957663
            ],
            [
              -123.4899695,
              48.3963651
            ],
            [
              -123.4899779,
              48.3964544
            ],
            [
              -123.4900871,
              48.3964321
            ],
            [
              -123.4905995,
              48.3964125
            ],
            [
              -123.4909313,
              48.3964125
            ],
            [
              -123.4912546,
              48.3964376
            ],
            [
              -123.4914268,
              48.3964376
            ],
            [
              -123.4918552,
              48.3963233
            ],
            [
              -123.4922164,
              48.396156
            ],
            [
              -123.4923046,
              48.396142
            ],
            [
              -123.4924264,
              48.3960919
            ],
            [
              -123.4927036,
              48.3960919
            ],
            [
              -123.4929766,
              48.3957628
            ],
            [
              -123.4932034,
              48.3955258
            ],
            [
              -123.4935048,
              48.3952394
            ],
            [
              -123.4936822,
              48.3950712
            ],
            [
              -123.4936654,
              48.3947896
            ],
            [
              -123.4931194,
              48.3947812
            ],
            [
              -123.4923886,
              48.3947338
            ],
            [
              -123.492229,
              48.3947171
            ],
            [
              -123.4915444,
              48.3944493
            ],
            [
              -123.491242,
              48.3942235
            ],
            [
              -123.4910194,
              48.3941928
            ],
            [
              -123.4907549,
              48.3941454
            ],
            [
              -123.4903643,
              48.394031
            ],
            [
              -123.4901039,
              48.3939474
            ],
            [
              -123.4898044,
              48.3938187
            ],
            [
              -123.4896129,
              48.3937258
            ],
            [
              -123.4894059,
              48.3935869
            ],
            [
              -123.4893154,
              48.3935462
            ],
            [
              -123.4891799,
              48.3933933
            ],
            [
              -123.489074,
              48.393344
            ],
            [
              -123.4889556,
              48.3933101
            ],
            [
              -123.4888371,
              48.393293
            ]
          ]
        ]
      }
    },
    {
      "type": "Feature",
      "properties": {
        "osm_id": "way/407222690",
        "name": "Nanaimo River Regional Park",
        "leisure": "park",
        "boundary": null,
        "operator": null,
        "protection_title": null,
        "source": "OpenStreetMap",
        "source_url": "https://www.openstreetmap.org/way/407222690"
      },
      "geometry": {
        "type": "Polygon",
        "coordinates": [
          [
            [
              -123.864336,
              49.0799521
            ],
            [
              -123.8643062,
              49.0792382
            ],
            [
              -123.8726803,
              49.0792692
            ],
            [
              -123.8726795,
              49.0766293
            ],
            [
              -123.872686,
              49.0756557
            ],
            [
              -123.8748349,
              49.0756631
            ],
            [
              -123.8779374,
              49.0756737
            ],
            [
              -123.8779076,
              49.0792882
            ],
            [
              -123.8777501,
              49.0792876
            ],
            [
              -123.8777374,
              49.0827232
            ],
            [
              -123.8727275,
              49.0827845
            ],
            [
              -123.8726869,
              49.0828124
            ],
            [
              -123.8725946,
              49.082873
            ],
            [
              -123.8718956,
              49.082869
            ],
            [
              -123.8718776,
              49.0828432
            ],
            [
              -123.8718219,
              49.0827911
            ],
            [
              -123.8643962,
              49.082715
            ],
            [
              -123.8643412,
              49.080301
            ],
            [
              -123.864336,
              49.0799521
            ]
          ]
        ]
      }
    },
    {
      "type": "Feature",
      "properties": {
        "osm_id": "way/449016643",
        "name": "Bere Point Regional Park",
        "leisure": "park",
        "boundary": null,
        "operator": null,
        "protection_title": null,
        "source": "OpenStreetMap",
        "source_url": "https://www.openstreetmap.org/way/449016643"
      },
      "geometry": {
        "type": "Polygon",
        "coordinates": [
          [
            [
              -127.0517162,
              50.6652399
            ],
            [
              -127.0537055,
              50.6640707
            ],
            [
              -127.0553363,
              50.6657164
            ],
            [
              -127.0567739,
              50.6686813
            ],
            [
              -127.0590699,
              50.6691573
            ],
            [
              -127.0595036,
              50.6695527
            ],
            [
              -127.0568243,
              50.6707754
            ],
            [
              -127.0561634,
              50.6707889
            ],
            [
              -127.0547866,
              50.6696985
            ],
            [
              -127.0517162,
              50.6652399
            ]
          ]
        ]
      }
    },
    {
      "type": "Feature",
      "properties": {
        "osm_id": "way/518868706",
        "name": "Coats Marsh Regional Park",
        "leisure": "park",
        "boundary": null,
        "operator": null,
        "protection_title": null,
        "source": "OpenStreetMap",
        "source_url": "https://www.openstreetmap.org/way/518868706"
      },
      "geometry": {
        "type": "Polygon",
        "coordinates": [
          [
            [
              -123.8101438,
              49.1570241
            ],
            [
              -123.8102288,
              49.1499673
            ],
            [
              -123.8105054,
              49.1499679
            ],
            [
              -123.8105045,
              49.1500612
            ],
            [
              -123.8157575,
              49.1500641
            ],
            [
              -123.8156968,
              49.1534785
            ],
            [
              -123.8191455,
              49.154391
            ],
            [
              -123.818833,
              49.1529717
            ],
            [
              -123.8187463,
              49.1529033
            ],
            [
              -123.8190334,
              49.1529621
            ],
            [
              -123.819196,
              49.1529739
            ],
            [
              -123.8191262,
              49.1530325
            ],
            [
              -123.8194865,
              49.1546566
            ],
            [
              -123.8210082,
              49.1546003
            ],
            [
              -123.821266,
              49.1545416
            ],
            [
              -123.8212709,
              49.1550621
            ],
            [
              -123.8212841,
              49.1572031
            ],
            [
              -123.8101438,
              49.1570241
            ]
          ]
        ]
      }
    },
    {
      "type": "Feature",
      "properties": {
        "osm_id": "way/519105928",
        "name": "Benson Creek Falls Regional Park",
        "leisure": "park",
        "boundary": null,
        "operator": null,
        "protection_title": null,
        "source": "OpenStreetMap",
        "source_url": "https://www.openstreetmap.org/way/519105928"
      },
      "geometry": {
        "type": "Polygon",
        "coordinates": [
          [
            [
              -124.0768738,
              49.1897203
            ],
            [
              -124.0768737,
              49.1885719
            ],
            [
              -124.0798569,
              49.1885682
            ],
            [
              -124.0824203,
              49.1885681
            ],
            [
              -124.0825078,
              49.1885665
            ],
            [
              -124.0825097,
              49.1886361
            ],
            [
              -124.0823718,
              49.1921215
            ],
            [
              -124.0823599,
              49.1938982
            ],
            [
              -124.0823304,
              49.19479
            ],
            [
              -124.0820618,
              49.194786
            ],
            [
              -124.0820615,
              49.1957168
            ],
            [
              -124.0768586,
              49.1957207
            ],
            [
              -124.0768585,
              49.194786
            ],
            [
              -124.0768736,
              49.1941986
            ],
            [
              -124.0768587,
              49.1941071
            ],
            [
              -124.0768585,
              49.1921197
            ],
            [
              -124.0768738,
              49.1897203
            ]
          ]
        ]
      }
    },
    {
      "type": "Feature",
      "properties": {
        "osm_id": "way/519105938",
        "name": "Mount Benson Regional Park",
        "leisure": "park",
        "boundary": null,
        "operator": null,
        "protection_title": null,
        "source": "OpenStreetMap",
        "source_url": "https://www.openstreetmap.org/way/519105938"
      },
      "geometry": {
        "type": "Polygon",
        "coordinates": [
          [
            [
              -124.0412937,
              49.1563337
            ],
            [
              -124.0338941,
              49.1563024
            ],
            [
              -124.0278812,
              49.1562815
            ],
            [
              -124.0279192,
              49.159902
            ],
            [
              -124.0204864,
              49.1597939
            ],
            [
              -124.0144563,
              49.1597032
            ],
            [
              -124.0145009,
              49.1561477
            ],
            [
              -124.0147198,
              49.1557491
            ],
            [
              -124.0146936,
              49.1523146
            ],
            [
              -124.0280042,
              49.1524965
            ],
            [
              -124.0281585,
              49.1455724
            ],
            [
              -124.0347753,
              49.1456611
            ],
            [
              -124.0360796,
              49.1457226
            ],
            [
              -124.0359821,
              49.1490234
            ],
            [
              -124.0532038,
              49.1491807
            ],
            [
              -124.0532176,
              49.1498517
            ],
            [
              -124.0516015,
              49.1498562
            ],
            [
              -124.051592,
              49.1494036
            ],
            [
              -124.0489315,
              49.1494244
            ],
            [
              -124.0467489,
              49.149443
            ],
            [
              -124.0462304,
              49.1494474
            ],
            [
              -124.0462614,
              49.150638
            ],
            [
              -124.0511697,
              49.1506073
            ],
            [
              -124.0519099,
              49.1506009
            ],
            [
              -124.0532323,
              49.1505894
            ],
            [
              -124.0532802,
              49.1529486
            ],
            [
              -124.062661,
              49.1530814
            ],
            [
              -124.0626544,
              49.1534287
            ],
            [
              -124.0658196,
              49.1534773
            ],
            [
              -124.0658377,
              49.1601161
            ],
            [
              -124.0607698,
              49.1600461
            ],
            [
              -124.0607282,
              49.156455
            ],
            [
              -124.0552913,
              49.1564268
            ],
            [
              -124.0442066,
              49.1563167
            ],
            [
              -124.0412937,
              49.1563337
            ]
          ]
        ]
      }
    },
    {
      "type": "Feature",
      "properties": {
        "osm_id": "way/526826223",
        "name": "Beachcomber Regional Park",
        "leisure": "park",
        "boundary": null,
        "operator": null,
        "protection_title": null,
        "source": "OpenStreetMap",
        "source_url": "https://www.openstreetmap.org/way/526826223"
      },
      "geometry": {
        "type": "Polygon",
        "coordinates": [
          [
            [
              -124.2125032,
              49.3129643
            ],
            [
              -124.2129643,
              49.3124651
            ],
            [
              -124.2130649,
              49.3124868
            ],
            [
              -124.2131086,
              49.3125016
            ],
            [
              -124.2132092,
              49.3125533
            ],
            [
              -124.2132719,
              49.3125684
            ],
            [
              -124.2133564,
              49.3125773
            ],
            [
              -124.2134582,
              49.3125769
            ],
            [
              -124.2136,
              49.3125582
            ],
            [
              -124.2138082,
              49.3125138
            ],
            [
              -124.2138957,
              49.3124696
            ],
            [
              -124.2139416,
              49.3124343
            ],
            [
              -124.2139652,
              49.3124287
            ],
            [
              -124.2140138,
              49.3124304
            ],
            [
              -124.2140365,
              49.3124485
            ],
            [
              -124.2140503,
              49.3124486
            ],
            [
              -124.2140658,
              49.3124456
            ],
            [
              -124.2141198,
              49.3124111
            ],
            [
              -124.2141443,
              49.312412
            ],
            [
              -124.2141809,
              49.3124461
            ],
            [
              -124.2142131,
              49.3124472
            ],
            [
              -124.2142242,
              49.3124426
            ],
            [
              -124.2142502,
              49.3124162
            ],
            [
              -124.2142811,
              49.312415
            ],
            [
              -124.2143079,
              49.3124333
            ],
            [
              -124.2143612,
              49.3124867
            ],
            [
              -124.2144019,
              49.312579
            ],
            [
              -124.2144661,
              49.312674
            ],
            [
              -124.2145059,
              49.3127552
            ],
            [
              -124.2145758,
              49.3128482
            ],
            [
              -124.2145978,
              49.3128656
            ],
            [
              -124.2146621,
              49.3129611
            ],
            [
              -124.2146515,
              49.3130006
            ],
            [
              -124.2146226,
              49.313029
            ],
            [
              -124.2146057,
              49.3130421
            ],
            [
              -124.2145215,
              49.3130787
            ],
            [
              -124.2144504,
              49.3130879
            ],
            [
              -124.2142971,
              49.3131913
            ],
            [
              -124.2142373,
              49.3132104
            ],
            [
              -124.2141221,
              49.3132251
            ],
            [
              -124.214079,
              49.3132351
            ],
            [
              -124.2140529,
              49.3132441
            ],
            [
              -124.214011,
              49.3132673
            ],
            [
              -124.2139886,
              49.313285
            ],
            [
              -124.2139179,
              49.3133107
            ],
            [
              -124.2138249,
              49.3133716
            ],
            [
              -124.2137928,
              49.3134094
            ],
            [
              -124.2137524,
              49.3134454
            ],
            [
              -124.2137689,
              49.3134737
            ],
            [
              -124.2129217,
              49.3135994
            ],
            [
              -124.2126902,
              49.3132336
            ],
            [
              -124.2125472,
              49.3130002
            ],
            [
              -124.2125032,
              49.3129643
            ]
          ]
        ]
      }
    },
    {
      "type": "Feature",
      "properties": {
        "osm_id": "way/526835168",
        "name": "Englishman River Regional Park",
        "leisure": "park",
        "boundary": null,
        "operator": null,
        "protection_title": null,
        "source": "OpenStreetMap",
        "source_url": "https://www.openstreetmap.org/way/526835168"
      },
      "geometry": {
        "type": "Polygon",
        "coordinates": [
          [
            [
              -124.2675049,
              49.2978065
            ],
            [
              -124.2674869,
              49.2978396
            ],
            [
              -124.2674871,
              49.2978657
            ],
            [
              -124.2674531,
              49.2979176
            ],
            [
              -124.2670935,
              49.2979254
            ],
            [
              -124.2667728,
              49.297919
            ],
            [
              -124.2668011,
              49.2978891
            ],
            [
              -124.2668283,
              49.2978298
            ],
            [
              -124.2668286,
              49.2978196
            ],
            [
              -124.2667393,
              49.2977434
            ],
            [
              -124.2667337,
              49.2977119
            ],
            [
              -124.2666997,
              49.2976614
            ],
            [
              -124.2666306,
              49.2975942
            ],
            [
              -124.2665696,
              49.2975469
            ],
            [
              -124.2665166,
              49.2974998
            ],
            [
              -124.2664809,
              49.2974611
            ],
            [
              -124.266457,
              49.2974299
            ],
            [
              -124.2663758,
              49.2973427
            ],
            [
              -124.2662893,
              49.2972732
            ],
            [
              -124.2662522,
              49.2972484
            ],
            [
              -124.2661413,
              49.2972031
            ],
            [
              -124.2660485,
              49.297189
            ],
            [
              -124.2659053,
              49.2971553
            ],
            [
              -124.2658199,
              49.2971273
            ],
            [
              -124.2657499,
              49.2970953
            ],
            [
              -124.2656668,
              49.2970849
            ],
            [
              -124.2655498,
              49.2971038
            ],
            [
              -124.265483,
              49.2971209
            ],
            [
              -124.2654006,
              49.2971356
            ],
            [
              -124.265341,
              49.2971401
            ],
            [
              -124.2653176,
              49.297129
            ],
            [
              -124.2653277,
              49.297071
            ],
            [
              -124.2652864,
              49.2969619
            ],
            [
              -124.2652757,
              49.2969218
            ],
            [
              -124.2652871,
              49.2968873
            ],
            [
              -124.2652757,
              49.2968285
            ],
            [
              -124.2652423,
              49.2966893
            ],
            [
              -124.2653193,
              49.296552
            ],
            [
              -124.2653673,
              49.2964818
            ],
            [
              -124.2654072,
              49.2964062
            ],
            [
              -124.2654657,
              49.2963415
            ],
            [
              -124.2655939,
              49.2962297
            ],
            [
              -124.265679,
              49.2961666
            ],
            [
              -124.2657927,
              49.296106
            ],
            [
              -124.2659944,
              49.2960434
            ],
            [
              -124.2661838,
              49.2959674
            ],
            [
              -124.2663456,
              49.2958922
            ],
            [
              -124.2664366,
              49.2958696
            ],
            [
              -124.2665169,
              49.2958013
            ],
            [
              -124.2666213,
              49.2957301
            ],
            [
              -124.2666638,
              49.2956835
            ],
            [
              -124.2667625,
              49.29559
            ],
            [
              -124.2668672,
              49.2954679
            ],
            [
              -124.2670933,
              49.2951958
            ],
            [
              -124.2671793,
              49.2950982
            ],
            [
              -124.2672534,
              49.2950038
            ],
            [
              -124.2672915,
              49.2949286
            ],
            [
              -124.2673222,
              49.2948557
            ],
            [
              -124.2673479,
              49.2947695
            ],
            [
              -124.2673762,
              49.2946997
            ],
            [
              -124.2674229,
              49.2946413
            ],
            [
              -124.2674776,
              49.2945979
            ],
            [
              -124.267558,
              49.2945485
            ],
            [
              -124.2676403,
              49.2944919
            ],
            [
              -124.2677409,
              49.2944376
            ],
            [
              -124.2678793,
              49.2943878
            ],
            [
              -124.2680038,
              49.2943513
            ],
            [
              -124.2681225,
              49.2943025
            ],
            [
              -124.2683565,
              49.2942467
            ],
            [
              -124.2684174,
              49.2942407
            ],
            [
              -124.2687367,
              49.2942035
            ],
            [
              -124.2689447,
              49.2942007
            ],
            [
              -124.26916,
              49.2942025
            ],
            [
              -124.2693546,
              49.2942122
            ],
            [
              -124.2694337,
              49.2942147
            ],
            [
              -124.2695884,
              49.2942119
            ],
            [
              -124.2698854,
              49.2942168
            ],
            [
              -124.2702054,
              49.2942391
            ],
            [
              -124.2703195,
              49.2942339
            ],
            [
              -124.2703692,
              49.2942238
            ],
            [
              -124.270419,
              49.2942045
            ],
            [
              -124.2704747,
              49.2941653
            ],
            [
              -124.2705354,
              49.2941351
            ],
            [
              -124.2706647,
              49.2940834
            ],
            [
              -124.2707652,
              49.2940466
            ],
            [
              -124.2708622,
              49.2940064
            ],
            [
              -124.2709876,
              49.2939345
            ],
            [
              -124.2711848,
              49.2938162
            ],
            [
              -124.2716175,
              49.2935475
            ],
            [
              -124.2717452,
              49.29348
            ],
            [
              -124.2719052,
              49.2933695
            ],
            [
              -124.2720048,
              49.2932939
            ],
            [
              -124.2721832,
              49.293184
            ],
            [
              -124.2723187,
              49.2930881
            ],
            [
              -124.2724287,
              49.2930025
            ],
            [
              -124.2724883,
              49.2929276
            ],
            [
              -124.2725651,
              49.2928073
            ],
            [
              -124.2726146,
              49.2927131
            ],
            [
              -124.2727518,
              49.2924649
            ],
            [
              -124.2728192,
              49.2923238
            ],
            [
              -124.2728685,
              49.2922027
            ],
            [
              -124.2729296,
              49.2920257
            ],
            [
              -124.2729698,
              49.2918803
            ],
            [
              -124.273004,
              49.2917267
            ],
            [
              -124.2730039,
              49.2916373
            ],
            [
              -124.27297,
              49.2915067
            ],
            [
              -124.2729617,
              49.2914651
            ],
            [
              -124.2728836,
              49.2912914
            ],
            [
              -124.2728674,
              49.2911786
            ],
            [
              -124.2727483,
              49.2910402
            ],
            [
              -124.2726936,
              49.290934
            ],
            [
              -124.2726257,
              49.290772
            ],
            [
              -124.2725748,
              49.290594
            ],
            [
              -124.2725639,
              49.2904733
            ],
            [
              -124.2725968,
              49.2902126
            ],
            [
              -124.2725952,
              49.2900499
            ],
            [
              -124.2726116,
              49.2898718
            ],
            [
              -124.2726183,
              49.2897317
            ],
            [
              -124.2726652,
              49.2894164
            ],
            [
              -124.2727061,
              49.2893546
            ],
            [
              -124.2727731,
              49.2892855
            ],
            [
              -124.2728596,
              49.289189
            ],
            [
              -124.2729514,
              49.2891152
            ],
            [
              -124.2730936,
              49.2890166
            ],
            [
              -124.2731769,
              49.2889446
            ],
            [
              -124.2732718,
              49.2888426
            ],
            [
              -124.2733724,
              49.2887434
            ],
            [
              -124.2735083,
              49.2886604
            ],
            [
              -124.2736061,
              49.2886073
            ],
            [
              -124.2737431,
              49.2885195
            ],
            [
              -124.2738783,
              49.2884446
            ],
            [
              -124.2740322,
              49.2883333
            ],
            [
              -124.2741759,
              49.2882041
            ],
            [
              -124.2742908,
              49.2880949
            ],
            [
              -124.2744339,
              49.2879764
            ],
            [
              -124.2745186,
              49.2878802
            ],
            [
              -124.2745954,
              49.2877747
            ],
            [
              -124.2746161,
              49.2877076
            ],
            [
              -124.2746008,
              49.2876164
            ],
            [
              -124.2745599,
              49.2875305
            ],
            [
              -124.2745216,
              49.2875087
            ],
            [
              -124.2743843,
              49.2874695
            ],
            [
              -124.2742419,
              49.2874461
            ],
            [
              -124.2741484,
              49.2874193
            ],
            [
              -124.2740467,
              49.2873588
            ],
            [
              -124.2739398,
              49.2872987
            ],
            [
              -124.2738533,
              49.2872612
            ],
            [
              -124.2737726,
              49.287246
            ],
            [
              -124.2736997,
              49.2872029
            ],
            [
              -124.2736537,
              49.2871517
            ],
            [
              -124.2736341,
              49.2870747
            ],
            [
              -124.273636,
              49.2869977
            ],
            [
              -124.2736816,
              49.2869007
            ],
            [
              -124.2737296,
              49.2866748
            ],
            [
              -124.2737442,
              49.2865902
            ],
            [
              -124.2737893,
              49.286488
            ],
            [
              -124.2738936,
              49.2863376
            ],
            [
              -124.2739351,
              49.2862292
            ],
            [
              -124.2739369,
              49.2861327
            ],
            [
              -124.2739226,
              49.286012
            ],
            [
              -124.273924,
              49.2858669
            ],
            [
              -124.2740184,
              49.2855305
            ],
            [
              -124.2740823,
              49.2854216
            ],
            [
              -124.2741551,
              49.2853126
            ],
            [
              -124.274249,
              49.2851884
            ],
            [
              -124.2743668,
              49.2850744
            ],
            [
              -124.2744391,
              49.285046
            ],
            [
              -124.2745989,
              49.2850108
            ],
            [
              -124.2747683,
              49.2849612
            ],
            [
              -124.2748884,
              49.2849511
            ],
            [
              -124.2749424,
              49.2849272
            ],
            [
              -124.2749936,
              49.2848845
            ],
            [
              -124.2750459,
              49.2848459
            ],
            [
              -124.2751064,
              49.2848104
            ],
            [
              -124.2752069,
              49.2847556
            ],
            [
              -124.2753433,
              49.284712
            ],
            [
              -124.2754602,
              49.2846651
            ],
            [
              -124.2756028,
              49.2846295
            ],
            [
              -124.2757354,
              49.2846022
            ],
            [
              -124.2759823,
              49.2845784
            ],
            [
              -124.2760891,
              49.2845893
            ],
            [
              -124.2763259,
              49.2846567
            ],
            [
              -124.2764409,
              49.2846861
            ],
            [
              -124.2765296,
              49.2847056
            ],
            [
              -124.276607,
              49.2847278
            ],
            [
              -124.2766696,
              49.2847703
            ],
            [
              -124.2767148,
              49.2848376
            ],
            [
              -124.2767647,
              49.2848753
            ],
            [
              -124.2768166,
              49.2849203
            ],
            [
              -124.2768535,
              49.2849696
            ],
            [
              -124.2768618,
              49.2850114
            ],
            [
              -124.2769202,
              49.2850894
            ],
            [
              -124.2769747,
              49.2851839
            ],
            [
              -124.2769794,
              49.2852844
            ],
            [
              -124.277004,
              49.2853556
            ],
            [
              -124.2770138,
              49.2854007
            ],
            [
              -124.2769907,
              49.2854522
            ],
            [
              -124.276982,
              49.2855169
            ],
            [
              -124.2769708,
              49.2855691
            ],
            [
              -124.2769383,
              49.2856248
            ],
            [
              -124.276818,
              49.2857405
            ],
            [
              -124.276739,
              49.2858935
            ],
            [
              -124.2767082,
              49.286047
            ],
            [
              -124.2767241,
              49.2861143
            ],
            [
              -124.2767543,
              49.2862194
            ],
            [
              -124.2767772,
              49.2863091
            ],
            [
              -124.2768588,
              49.2863906
            ],
            [
              -124.2769817,
              49.2864912
            ],
            [
              -124.2770917,
              49.2865687
            ],
            [
              -124.2771178,
              49.2865897
            ],
            [
              -124.2771745,
              49.2866353
            ],
            [
              -124.2772925,
              49.2866782
            ],
            [
              -124.2773806,
              49.2866923
            ],
            [
              -124.2774484,
              49.2866915
            ],
            [
              -124.2775285,
              49.2867084
            ],
            [
              -124.2776441,
              49.2867588
            ],
            [
              -124.2777589,
              49.2868284
            ],
            [
              -124.2779101,
              49.2869415
            ],
            [
              -124.277997,
              49.2869807
            ],
            [
              -124.2782487,
              49.2870392
            ],
            [
              -124.2785119,
              49.2870975
            ],
            [
              -124.2787303,
              49.2871384
            ],
            [
              -124.2790253,
              49.2871593
            ],
            [
              -124.2792804,
              49.2871705
            ],
            [
              -124.2796197,
              49.2871437
            ],
            [
              -124.2798423,
              49.2871497
            ],
            [
              -124.2800521,
              49.287137
            ],
            [
              -124.2802462,
              49.287114
            ],
            [
              -124.2803698,
              49.2870736
            ],
            [
              -124.280497,
              49.2870218
            ],
            [
              -124.2806251,
              49.2869594
            ],
            [
              -124.2807187,
              49.2868379
            ],
            [
              -124.2807973,
              49.2867529
            ],
            [
              -124.280861,
              49.2866437
            ],
            [
              -124.2809029,
              49.2865668
            ],
            [
              -124.2809823,
              49.286379
            ],
            [
              -124.2810667,
              49.2862881
            ],
            [
              -124.2811682,
              49.2861605
            ],
            [
              -124.281366,
              49.2859989
            ],
            [
              -124.2815292,
              49.2858587
            ],
            [
              -124.2816544,
              49.2857654
            ],
            [
              -124.2819192,
              49.2855907
            ],
            [
              -124.2821106,
              49.2854939
            ],
            [
              -124.2822587,
              49.2854413
            ],
            [
              -124.2825945,
              49.2853294
            ],
            [
              -124.2827774,
              49.2852582
            ],
            [
              -124.2830207,
              49.2851302
            ],
            [
              -124.283371,
              49.2849519
            ],
            [
              -124.2834796,
              49.2849142
            ],
            [
              -124.2835754,
              49.2848954
            ],
            [
              -124.2837137,
              49.2848234
            ],
            [
              -124.2838737,
              49.2847474
            ],
            [
              -124.2840294,
              49.284686
            ],
            [
              -124.2842577,
              49.2846756
            ],
            [
              -124.2844269,
              49.2846917
            ],
            [
              -124.2846095,
              49.284704
            ],
            [
              -124.2847168,
              49.2847129
            ],
            [
              -124.2849264,
              49.2847095
            ],
            [
              -124.2851149,
              49.2846869
            ],
            [
              -124.285307,
              49.2846074
            ],
            [
              -124.28544,
              49.2845654
            ],
            [
              -124.2855449,
              49.2845165
            ],
            [
              -124.2858288,
              49.2844448
            ],
            [
              -124.2860313,
              49.2843652
            ],
            [
              -124.2863488,
              49.2842818
            ],
            [
              -124.2865543,
              49.2842208
            ],
            [
              -124.2868505,
              49.2841076
            ],
            [
              -124.2869188,
              49.2840771
            ],
            [
              -124.2870336,
              49.2839776
            ],
            [
              -124.2873432,
              49.2837858
            ],
            [
              -124.2875095,
              49.2837252
            ],
            [
              -124.2876375,
              49.2836878
            ],
            [
              -124.2877746,
              49.2836888
            ],
            [
              -124.2879026,
              49.2836866
            ],
            [
              -124.2880692,
              49.2836808
            ],
            [
              -124.2883519,
              49.2836489
            ],
            [
              -124.288444,
              49.2836353
            ],
            [
              -124.2885654,
              49.2835783
            ],
            [
              -124.2886755,
              49.2834865
            ],
            [
              -124.2887623,
              49.2833675
            ],
            [
              -124.2888346,
              49.2832599
            ],
            [
              -124.2888653,
              49.2831822
            ],
            [
              -124.2888773,
              49.2831292
            ],
            [
              -124.288927,
              49.2830092
            ],
            [
              -124.2889389,
              49.2829562
            ],
            [
              -124.2889204,
              49.2828746
            ],
            [
              -124.2888866,
              49.2828131
            ],
            [
              -124.2888448,
              49.2827599
            ],
            [
              -124.288766,
              49.2826683
            ],
            [
              -124.2886727,
              49.2825878
            ],
            [
              -124.2885942,
              49.2825094
            ],
            [
              -124.28854,
              49.2824232
            ],
            [
              -124.288507,
              49.28236
            ],
            [
              -124.2884853,
              49.282301
            ],
            [
              -124.2884941,
              49.282212
            ],
            [
              -124.2885251,
              49.282131
            ],
            [
              -124.2885884,
              49.2819531
            ],
            [
              -124.2885144,
              49.2817527
            ],
            [
              -124.28846,
              49.2816783
            ],
            [
              -124.2884453,
              49.2816219
            ],
            [
              -124.2884115,
              49.2815804
            ],
            [
              -124.2883661,
              49.2814868
            ],
            [
              -124.2883686,
              49.2814345
            ],
            [
              -124.2883982,
              49.2813523
            ],
            [
              -124.2884143,
              49.2812624
            ],
            [
              -124.2884146,
              49.2811877
            ],
            [
              -124.2883953,
              49.2811236
            ],
            [
              -124.2884186,
              49.2810147
            ],
            [
              -124.28848,
              49.2809283
            ],
            [
              -124.2885404,
              49.2808537
            ],
            [
              -124.2886985,
              49.2807232
            ],
            [
              -124.2887903,
              49.2806365
            ],
            [
              -124.2889142,
              49.28051
            ],
            [
              -124.2891064,
              49.2803459
            ],
            [
              -124.2893555,
              49.2801449
            ],
            [
              -124.2894523,
              49.2800559
            ],
            [
              -124.2897037,
              49.2798856
            ],
            [
              -124.2899256,
              49.2797639
            ],
            [
              -124.2902315,
              49.2796168
            ],
            [
              -124.2904684,
              49.2795071
            ],
            [
              -124.2906497,
              49.2794406
            ],
            [
              -124.2908515,
              49.2793636
            ],
            [
              -124.2909351,
              49.2793115
            ],
            [
              -124.2911587,
              49.2792202
            ],
            [
              -124.2914743,
              49.2790961
            ],
            [
              -124.2916301,
              49.2790367
            ],
            [
              -124.291764,
              49.2790012
            ],
            [
              -124.2919976,
              49.2789312
            ],
            [
              -124.2921214,
              49.2789106
            ],
            [
              -124.2922689,
              49.2788997
            ],
            [
              -124.2924602,
              49.2788936
            ],
            [
              -124.2925635,
              49.2789304
            ],
            [
              -124.2926833,
              49.2789566
            ],
            [
              -124.2928331,
              49.2789726
            ],
            [
              -124.2930592,
              49.2789729
            ],
            [
              -124.2933185,
              49.2789481
            ],
            [
              -124.2934418,
              49.2789498
            ],
            [
              -124.2935699,
              49.2789346
            ],
            [
              -124.2936418,
              49.2789391
            ],
            [
              -124.2937583,
              49.2789767
            ],
            [
              -124.2938837,
              49.2790405
            ],
            [
              -124.2940305,
              49.2791178
            ],
            [
              -124.294147,
              49.2791671
            ],
            [
              -124.2942758,
              49.2791974
            ],
            [
              -124.2943478,
              49.2792053
            ],
            [
              -124.2944418,
              49.2792052
            ],
            [
              -124.2947488,
              49.2791775
            ],
            [
              -124.2948263,
              49.2791854
            ],
            [
              -124.2949464,
              49.2792088
            ],
            [
              -124.2951385,
              49.2792091
            ],
            [
              -124.2952055,
              49.2792069
            ],
            [
              -124.2952071,
              49.2792049
            ],
            [
              -124.2952999,
              49.2792031
            ],
            [
              -124.2954447,
              49.2792205
            ],
            [
              -124.2957342,
              49.2792944
            ],
            [
              -124.2959583,
              49.2793368
            ],
            [
              -124.2960603,
              49.2793483
            ],
            [
              -124.2962087,
              49.2793691
            ],
            [
              -124.2963783,
              49.2793967
            ],
            [
              -124.296779,
              49.2795376
            ],
            [
              -124.2969578,
              49.2795896
            ],
            [
              -124.2970602,
              49.2796089
            ],
            [
              -124.2971867,
              49.2796174
            ],
            [
              -124.2973224,
              49.2796484
            ],
            [
              -124.2975431,
              49.2796729
            ],
            [
              -124.2976778,
              49.2796821
            ],
            [
              -124.2977475,
              49.2797021
            ],
            [
              -124.2978358,
              49.2797548
            ],
            [
              -124.2979897,
              49.2798121
            ],
            [
              -124.2981647,
              49.2798664
            ],
            [
              -124.2983265,
              49.279939
            ],
            [
              -124.2986014,
              49.2800018
            ],
            [
              -124.2988519,
              49.2800493
            ],
            [
              -124.299037,
              49.2800964
            ],
            [
              -124.2991976,
              49.2801699
            ],
            [
              -124.2993236,
              49.2802402
            ],
            [
              -124.2995868,
              49.2803986
            ],
            [
              -124.2997026,
              49.2804723
            ],
            [
              -124.2997857,
              49.2805127
            ],
            [
              -124.2999003,
              49.2805373
            ],
            [
              -124.300028,
              49.2805775
            ],
            [
              -124.3001382,
              49.2806136
            ],
            [
              -124.3002199,
              49.2806531
            ],
            [
              -124.3003006,
              49.280715
            ],
            [
              -124.3006323,
              49.2809887
            ],
            [
              -124.3006491,
              49.2810563
            ],
            [
              -124.3006527,
              49.2811259
            ],
            [
              -124.3006941,
              49.2811828
            ],
            [
              -124.3006748,
              49.2812963
            ],
            [
              -124.3006938,
              49.2814676
            ],
            [
              -124.3007131,
              49.2815011
            ],
            [
              -124.3007981,
              49.2816111
            ],
            [
              -124.3008599,
              49.2816844
            ],
            [
              -124.3008837,
              49.2817266
            ],
            [
              -124.3008895,
              49.281788
            ],
            [
              -124.3008712,
              49.2818383
            ],
            [
              -124.3007975,
              49.2819617
            ],
            [
              -124.3007855,
              49.2819947
            ],
            [
              -124.3007388,
              49.2820486
            ],
            [
              -124.3007341,
              49.2820988
            ],
            [
              -124.3007571,
              49.282128
            ],
            [
              -124.3007547,
              49.2821955
            ],
            [
              -124.3007841,
              49.2822374
            ],
            [
              -124.3008268,
              49.2822793
            ],
            [
              -124.3008851,
              49.2823205
            ],
            [
              -124.3010558,
              49.282358
            ],
            [
              -124.3011806,
              49.2824308
            ],
            [
              -124.301192,
              49.2824402
            ],
            [
              -124.3013938,
              49.282511
            ],
            [
              -124.3015835,
              49.2825713
            ],
            [
              -124.3018003,
              49.2826428
            ],
            [
              -124.3019092,
              49.2827003
            ],
            [
              -124.3020566,
              49.282783
            ],
            [
              -124.3021787,
              49.2828671
            ],
            [
              -124.3023202,
              49.2829343
            ],
            [
              -124.3024683,
              49.282999
            ],
            [
              -124.302601,
              49.2830419
            ],
            [
              -124.3027455,
              49.2831122
            ],
            [
              -124.302886,
              49.2831731
            ],
            [
              -124.3029754,
              49.283226
            ],
            [
              -124.303114,
              49.2832147
            ],
            [
              -124.3033397,
              49.2833838
            ],
            [
              -124.3034528,
              49.283439
            ],
            [
              -124.303538,
              49.2834887
            ],
            [
              -124.3036061,
              49.2835169
            ],
            [
              -124.3037771,
              49.2835465
            ],
            [
              -124.3038631,
              49.2835478
            ],
            [
              -124.303906,
              49.2835641
            ],
            [
              -124.303934,
              49.283584
            ],
            [
              -124.3041189,
              49.2835687
            ],
            [
              -124.3042809,
              49.2835326
            ],
            [
              -124.3043835,
              49.2834671
            ],
            [
              -124.3044977,
              49.2833803
            ],
            [
              -124.3046114,
              49.2832458
            ],
            [
              -124.3047625,
              49.2831092
            ],
            [
              -124.3049406,
              49.2829236
            ],
            [
              -124.3050972,
              49.2827967
            ],
            [
              -124.3052273,
              49.2827
            ],
            [
              -124.3053738,
              49.2825957
            ],
            [
              -124.3055201,
              49.2825249
            ],
            [
              -124.3055893,
              49.2824774
            ],
            [
              -124.3056834,
              49.2824421
            ],
            [
              -124.3057909,
              49.2823973
            ],
            [
              -124.3058713,
              49.2823534
            ],
            [
              -124.3059989,
              49.2823016
            ],
            [
              -124.3060554,
              49.2822577
            ],
            [
              -124.3061555,
              49.282195
            ],
            [
              -124.306265,
              49.2821238
            ],
            [
              -124.3063898,
              49.2820195
            ],
            [
              -124.3065234,
              49.2819243
            ],
            [
              -124.3065765,
              49.2818807
            ],
            [
              -124.3066427,
              49.2818482
            ],
            [
              -124.3066801,
              49.2818182
            ],
            [
              -124.3065473,
              49.282365
            ],
            [
              -124.3065668,
              49.2831253
            ],
            [
              -124.3065905,
              49.2848898
            ],
            [
              -124.3065805,
              49.2859541
            ],
            [
              -124.3065833,
              49.2866979
            ],
            [
              -124.3004521,
              49.2867347
            ],
            [
              -124.2956472,
              49.2867179
            ],
            [
              -124.2956653,
              49.289438
            ],
            [
              -124.2937984,
              49.2894416
            ],
            [
              -124.2859802,
              49.2894569
            ],
            [
              -124.2859659,
              49.2912657
            ],
            [
              -124.2790525,
              49.2912632
            ],
            [
              -124.2790596,
              49.2931239
            ],
            [
              -124.2735912,
              49.2931177
            ],
            [
              -124.2737653,
              49.2966491
            ],
            [
              -124.2737733,
              49.2974861
            ],
            [
              -124.2737761,
              49.2979162
            ],
            [
              -124.2721527,
              49.2983736
            ],
            [
              -124.2711102,
              49.2988352
            ],
            [
              -124.2704915,
              49.2987892
            ],
            [
              -124.2694569,
              49.2984845
            ],
            [
              -124.2692543,
              49.2984797
            ],
            [
              -124.2692284,
              49.2984791
            ],
            [
              -124.2684134,
              49.2984465
            ],
            [
              -124.2682824,
              49.2984304
            ],
            [
              -124.2680322,
              49.2984189
            ],
            [
              -124.2680015,
              49.2979822
            ],
            [
              -124.2675049,
              49.2978065
            ]
          ]
        ]
      }
    },
    {
      "type": "Feature",
      "properties": {
        "osm_id": "way/526839132",
        "name": "Moorecroft Regional Park",
        "leisure": "park",
        "boundary": null,
        "operator": null,
        "protection_title": null,
        "source": "OpenStreetMap",
        "source_url": "https://www.openstreetmap.org/way/526839132"
      },
      "geometry": {
        "type": "Polygon",
        "coordinates": [
          [
            [
              -124.1779664,
              49.3048836
            ],
            [
              -124.1775463,
              49.304704
            ],
            [
              -124.1774377,
              49.3046848
            ],
            [
              -124.1773758,
              49.3046547
            ],
            [
              -124.1772794,
              49.3046422
            ],
            [
              -124.1772255,
              49.3046474
            ],
            [
              -124.1771319,
              49.3046667
            ],
            [
              -124.1770899,
              49.3046592
            ],
            [
              -124.1769961,
              49.3046739
            ],
            [
              -124.1768475,
              49.3047256
            ],
            [
              -124.1768419,
              49.3047235
            ],
            [
              -124.1768463,
              49.3042466
            ],
            [
              -124.1768574,
              49.3007183
            ],
            [
              -124.1769414,
              49.300664
            ],
            [
              -124.1783268,
              49.3006721
            ],
            [
              -124.1789819,
              49.300676
            ],
            [
              -124.1838382,
              49.3007044
            ],
            [
              -124.1838348,
              49.3021456
            ],
            [
              -124.1838339,
              49.3025164
            ],
            [
              -124.1838298,
              49.3042536
            ],
            [
              -124.1838401,
              49.3054451
            ],
            [
              -124.1833597,
              49.305813
            ],
            [
              -124.1832132,
              49.3071096
            ],
            [
              -124.1831917,
              49.3078011
            ],
            [
              -124.1833359,
              49.3079587
            ],
            [
              -124.1786673,
              49.3079838
            ],
            [
              -124.1786363,
              49.3079365
            ],
            [
              -124.1784931,
              49.3078709
            ],
            [
              -124.1782015,
              49.3076126
            ],
            [
              -124.1781931,
              49.3075592
            ],
            [
              -124.1781153,
              49.3075225
            ],
            [
              -124.1780949,
              49.3074818
            ],
            [
              -124.1780661,
              49.3073855
            ],
            [
              -124.1780909,
              49.3072713
            ],
            [
              -124.1780877,
              49.3071622
            ],
            [
              -124.1779708,
              49.307035
            ],
            [
              -124.1779556,
              49.3069304
            ],
            [
              -124.1778665,
              49.3067972
            ],
            [
              -124.1777862,
              49.3067321
            ],
            [
              -124.1777545,
              49.3066574
            ],
            [
              -124.177771,
              49.3066231
            ],
            [
              -124.1777963,
              49.3065932
            ],
            [
              -124.1778292,
              49.3065849
            ],
            [
              -124.1778934,
              49.3065762
            ],
            [
              -124.1779881,
              49.3065911
            ],
            [
              -124.1780251,
              49.3066077
            ],
            [
              -124.1780643,
              49.3066368
            ],
            [
              -124.1780848,
              49.3066821
            ],
            [
              -124.1781051,
              49.3067194
            ],
            [
              -124.1781251,
              49.3067488
            ],
            [
              -124.1781397,
              49.3067759
            ],
            [
              -124.1782103,
              49.3068059
            ],
            [
              -124.1782803,
              49.3069348
            ],
            [
              -124.1783437,
              49.3070216
            ],
            [
              -124.1783884,
              49.307061
            ],
            [
              -124.1784557,
              49.3070977
            ],
            [
              -124.1785646,
              49.3071237
            ],
            [
              -124.1787378,
              49.3070774
            ],
            [
              -124.1788222,
              49.3070401
            ],
            [
              -124.1789754,
              49.3070304
            ],
            [
              -124.1790843,
              49.3070576
            ],
            [
              -124.1791782,
              49.3071725
            ],
            [
              -124.1793352,
              49.3073562
            ],
            [
              -124.1794702,
              49.3073831
            ],
            [
              -124.1796256,
              49.3073905
            ],
            [
              -124.1796848,
              49.3073846
            ],
            [
              -124.1797421,
              49.3073789
            ],
            [
              -124.180001,
              49.3072156
            ],
            [
              -124.1800604,
              49.3071569
            ],
            [
              -124.180096,
              49.3071201
            ],
            [
              -124.1801447,
              49.3070536
            ],
            [
              -124.1801748,
              49.3069485
            ],
            [
              -124.1801531,
              49.3068555
            ],
            [
              -124.1799372,
              49.3066201
            ],
            [
              -124.1799705,
              49.3063763
            ],
            [
              -124.1799933,
              49.3062566
            ],
            [
              -124.1799675,
              49.3060839
            ],
            [
              -124.1798315,
              49.3058966
            ],
            [
              -124.1796268,
              49.3058159
            ],
            [
              -124.1794922,
              49.3058003
            ],
            [
              -124.179352,
              49.3058406
            ],
            [
              -124.1791494,
              49.3058315
            ],
            [
              -124.1788607,
              49.305861
            ],
            [
              -124.1787892,
              49.3058641
            ],
            [
              -124.1787328,
              49.3058408
            ],
            [
              -124.1787163,
              49.3058114
            ],
            [
              -124.1787011,
              49.3057684
            ],
            [
              -124.1786277,
              49.3056417
            ],
            [
              -124.1786063,
              49.3055601
            ],
            [
              -124.1786008,
              49.3054874
            ],
            [
              -124.1785161,
              49.3053905
            ],
            [
              -124.1784753,
              49.3053625
            ],
            [
              -124.1783093,
              49.3051687
            ],
            [
              -124.1782365,
              49.3050603
            ],
            [
              -124.1779664,
              49.3048836
            ]
          ]
        ]
      }
    },
    {
      "type": "Feature",
      "properties": {
        "osm_id": "way/529562443",
        "name": "Carrington Bay Regional Park",
        "leisure": "nature_reserve",
        "boundary": "protected_area",
        "operator": null,
        "protection_title": null,
        "source": "OpenStreetMap",
        "source_url": "https://www.openstreetmap.org/way/529562443"
      },
      "geometry": {
        "type": "Polygon",
        "coordinates": [
          [
            [
              -125.0132779,
              50.1580777
            ],
            [
              -125.0152305,
              50.1569092
            ],
            [
              -125.0150803,
              50.139474
            ],
            [
              -125.0094584,
              50.1394465
            ],
            [
              -125.0094155,
              50.1321845
            ],
            [
              -124.9869922,
              50.1319919
            ],
            [
              -124.986842,
              50.1366133
            ],
            [
              -124.9887853,
              50.1366335
            ],
            [
              -124.9887303,
              50.1424582
            ],
            [
              -124.9922279,
              50.1424582
            ],
            [
              -124.9922064,
              50.1433933
            ],
            [
              -125.0132779,
              50.1580777
            ]
          ]
        ]
      }
    },
    {
      "type": "Feature",
      "properties": {
        "osm_id": "way/541772247",
        "name": "Loxley Regional Park",
        "leisure": "park",
        "boundary": null,
        "operator": null,
        "protection_title": null,
        "source": "OpenStreetMap",
        "source_url": "https://www.openstreetmap.org/way/541772247"
      },
      "geometry": {
        "type": "Polygon",
        "coordinates": [
          [
            [
              -124.99598,
              49.7777647
            ],
            [
              -124.9953282,
              49.777956
            ],
            [
              -124.9957198,
              49.7785102
            ],
            [
              -124.9954784,
              49.778576
            ],
            [
              -124.9947488,
              49.7785587
            ],
            [
              -124.9942982,
              49.7783474
            ],
            [
              -124.9946684,
              49.7774225
            ],
            [
              -124.9922585,
              49.7774149
            ],
            [
              -124.9947327,
              49.777374
            ],
            [
              -124.9950546,
              49.7778382
            ],
            [
              -124.9958711,
              49.7776004
            ],
            [
              -124.99598,
              49.7777647
            ]
          ]
        ]
      }
    },
    {
      "type": "Feature",
      "properties": {
        "osm_id": "way/541780750",
        "name": "Ship Peninsula Regional Park",
        "leisure": "park",
        "boundary": null,
        "operator": null,
        "protection_title": null,
        "source": "OpenStreetMap",
        "source_url": "https://www.openstreetmap.org/way/541780750"
      },
      "geometry": {
        "type": "Polygon",
        "coordinates": [
          [
            [
              -124.7961209,
              49.4987319
            ],
            [
              -124.7965926,
              49.4976954
            ],
            [
              -124.7965464,
              49.497375
            ],
            [
              -124.795597,
              49.4973926
            ],
            [
              -124.7955677,
              49.4973342
            ],
            [
              -124.7965379,
              49.4973157
            ],
            [
              -124.7964907,
              49.4969881
            ],
            [
              -124.7990549,
              49.4986396
            ],
            [
              -124.7976708,
              49.4985385
            ],
            [
              -124.7967057,
              49.4991793
            ],
            [
              -124.7966123,
              49.4991079
            ],
            [
              -124.7962698,
              49.4988459
            ],
            [
              -124.7962104,
              49.4988004
            ],
            [
              -124.7961209,
              49.4987319
            ]
          ]
        ]
      }
    },
    {
      "type": "Feature",
      "properties": {
        "osm_id": "way/541806605",
        "name": "MacAulay Heights Regional Park",
        "leisure": "park",
        "boundary": null,
        "operator": null,
        "protection_title": null,
        "source": "OpenStreetMap",
        "source_url": "https://www.openstreetmap.org/way/541806605"
      },
      "geometry": {
        "type": "Polygon",
        "coordinates": [
          [
            [
              -125.2166776,
              49.8665642
            ],
            [
              -125.2152479,
              49.8671673
            ],
            [
              -125.2140999,
              49.8670048
            ],
            [
              -125.2098191,
              49.8649475
            ],
            [
              -125.2111861,
              49.8641218
            ],
            [
              -125.2111552,
              49.8641078
            ],
            [
              -125.2111289,
              49.864096
            ],
            [
              -125.2097333,
              49.8649509
            ],
            [
              -125.2116993,
              49.8659018
            ],
            [
              -125.2116996,
              49.8659436
            ],
            [
              -125.211687,
              49.866396
            ],
            [
              -125.215215,
              49.868186
            ],
            [
              -125.218303,
              49.868181
            ],
            [
              -125.21837,
              49.867029
            ],
            [
              -125.2193485,
              49.8664888
            ],
            [
              -125.2190367,
              49.8665037
            ],
            [
              -125.2180271,
              49.8666619
            ],
            [
              -125.2174943,
              49.8667454
            ],
            [
              -125.2169845,
              49.8667103
            ],
            [
              -125.2167663,
              49.8666188
            ],
            [
              -125.2166776,
              49.8665642
            ]
          ]
        ]
      }
    },
    {
      "type": "Feature",
      "properties": {
        "osm_id": "way/569753018",
        "name": "St. John's Point Regional Park Reserve",
        "leisure": "park",
        "boundary": null,
        "operator": null,
        "protection_title": null,
        "source": "OpenStreetMap",
        "source_url": "https://www.openstreetmap.org/way/569753018"
      },
      "geometry": {
        "type": "Polygon",
        "coordinates": [
          [
            [
              -123.2431945,
              48.8232465
            ],
            [
              -123.2409583,
              48.8214081
            ],
            [
              -123.2410274,
              48.8200123
            ],
            [
              -123.2387385,
              48.8188187
            ],
            [
              -123.2360501,
              48.8179893
            ],
            [
              -123.2326676,
              48.8180515
            ],
            [
              -123.2325681,
              48.8178867
            ],
            [
              -123.2324325,
              48.8177403
            ],
            [
              -123.231736,
              48.8174455
            ],
            [
              -123.2315468,
              48.8173449
            ],
            [
              -123.2315093,
              48.817186
            ],
            [
              -123.2316273,
              48.8171154
            ],
            [
              -123.2317187,
              48.816876
            ],
            [
              -123.2315093,
              48.816635
            ],
            [
              -123.2311298,
              48.8163929
            ],
            [
              -123.2310241,
              48.8161341
            ],
            [
              -123.2307121,
              48.8159384
            ],
            [
              -123.2284206,
              48.8148271
            ],
            [
              -123.227896,
              48.8146635
            ],
            [
              -123.2278551,
              48.8146067
            ],
            [
              -123.2279128,
              48.8142707
            ],
            [
              -123.2279644,
              48.8141749
            ],
            [
              -123.2280446,
              48.8141398
            ],
            [
              -123.2284998,
              48.8142294
            ],
            [
              -123.2287682,
              48.8141613
            ],
            [
              -123.229053,
              48.8142013
            ],
            [
              -123.2294741,
              48.8143642
            ],
            [
              -123.2300577,
              48.8145889
            ],
            [
              -123.2311495,
              48.8149126
            ],
            [
              -123.2318953,
              48.8150102
            ],
            [
              -123.2323193,
              48.8151478
            ],
            [
              -123.2327018,
              48.8151312
            ],
            [
              -123.2330656,
              48.8151761
            ],
            [
              -123.2332814,
              48.8152875
            ],
            [
              -123.2342874,
              48.8156122
            ],
            [
              -123.2346313,
              48.8157519
            ],
            [
              -123.2349938,
              48.8157326
            ],
            [
              -123.2355503,
              48.815713
            ],
            [
              -123.2358942,
              48.815814
            ],
            [
              -123.2362102,
              48.8159706
            ],
            [
              -123.2366103,
              48.8160254
            ],
            [
              -123.2371865,
              48.8162423
            ],
            [
              -123.2378288,
              48.816293
            ],
            [
              -123.2380934,
              48.8163571
            ],
            [
              -123.2385576,
              48.8167761
            ],
            [
              -123.2387805,
              48.8168554
            ],
            [
              -123.2393772,
              48.8168471
            ],
            [
              -123.2397896,
              48.8168967
            ],
            [
              -123.240151,
              48.8170219
            ],
            [
              -123.2407146,
              48.8172743
            ],
            [
              -123.2410623,
              48.8175835
            ],
            [
              -123.241033,
              48.8179067
            ],
            [
              -123.2413691,
              48.8180231
            ],
            [
              -123.2413959,
              48.818228
            ],
            [
              -123.2419681,
              48.8186824
            ],
            [
              -123.2420229,
              48.8190931
            ],
            [
              -123.2421714,
              48.8192156
            ],
            [
              -123.2422071,
              48.8192442
            ],
            [
              -123.2422497,
              48.8194498
            ],
            [
              -123.2422145,
              48.8196101
            ],
            [
              -123.2421448,
              48.8197016
            ],
            [
              -123.2421435,
              48.8199508
            ],
            [
              -123.2423516,
              48.8201143
            ],
            [
              -123.242737,
              48.8201375
            ],
            [
              -123.2428523,
              48.8201444
            ],
            [
              -123.2432099,
              48.8201133
            ],
            [
              -123.2431945,
              48.8232465
            ]
          ]
        ]
      }
    },
    {
      "type": "Feature",
      "properties": {
        "osm_id": "way/618412374",
        "name": "Matthews Point Regional Park Reserve",
        "leisure": "park",
        "boundary": null,
        "operator": null,
        "protection_title": null,
        "source": "OpenStreetMap",
        "source_url": "https://www.openstreetmap.org/way/618412374"
      },
      "geometry": {
        "type": "Polygon",
        "coordinates": [
          [
            [
              -123.3329234,
              48.8638369
            ],
            [
              -123.3330456,
              48.8642583
            ],
            [
              -123.3330455,
              48.8668797
            ],
            [
              -123.3289689,
              48.8668781
            ],
            [
              -123.3289959,
              48.8664912
            ],
            [
              -123.329671,
              48.8664383
            ],
            [
              -123.3299371,
              48.8652211
            ],
            [
              -123.3280183,
              48.8643903
            ],
            [
              -123.3254107,
              48.8644382
            ],
            [
              -123.3254142,
              48.8668015
            ],
            [
              -123.3252679,
              48.8667565
            ],
            [
              -123.3251424,
              48.8667257
            ],
            [
              -123.3251385,
              48.8637949
            ],
            [
              -123.3239698,
              48.8636303
            ],
            [
              -123.3237273,
              48.8629413
            ],
            [
              -123.3225711,
              48.8629123
            ],
            [
              -123.3225611,
              48.8623294
            ],
            [
              -123.3225901,
              48.8623293
            ],
            [
              -123.3228482,
              48.8623022
            ],
            [
              -123.3231084,
              48.8622752
            ],
            [
              -123.3233672,
              48.8622467
            ],
            [
              -123.3235171,
              48.8622196
            ],
            [
              -123.3238578,
              48.8622182
            ],
            [
              -123.32394,
              48.8622182
            ],
            [
              -123.3242522,
              48.8622438
            ],
            [
              -123.324375,
              48.8622524
            ],
            [
              -123.3246614,
              48.8623151
            ],
            [
              -123.3247301,
              48.8623236
            ],
            [
              -123.3249205,
              48.8623051
            ],
            [
              -123.325002,
              48.8622424
            ],
            [
              -123.3251388,
              48.8621718
            ],
            [
              -123.3252685,
              48.8621046
            ],
            [
              -123.3253164,
              48.8620801
            ],
            [
              -123.3254371,
              48.8620245
            ],
            [
              -123.3255745,
              48.8619889
            ],
            [
              -123.3259139,
              48.8619334
            ],
            [
              -123.3260637,
              48.8619063
            ],
            [
              -123.3263355,
              48.8618066
            ],
            [
              -123.3265938,
              48.861734
            ],
            [
              -123.3267978,
              48.8616428
            ],
            [
              -123.3268794,
              48.8615802
            ],
            [
              -123.3271246,
              48.861489
            ],
            [
              -123.3272478,
              48.8614705
            ],
            [
              -123.3272889,
              48.8614705
            ],
            [
              -123.3275481,
              48.861479
            ],
            [
              -123.3277792,
              48.8614876
            ],
            [
              -123.3279829,
              48.861442
            ],
            [
              -123.3282289,
              48.8613608
            ],
            [
              -123.3285143,
              48.8613238
            ],
            [
              -123.3286377,
              48.8613238
            ],
            [
              -123.3288695,
              48.861395
            ],
            [
              -123.3290733,
              48.8614207
            ],
            [
              -123.3293614,
              48.8614919
            ],
            [
              -123.3294843,
              48.8615189
            ],
            [
              -123.3297157,
              48.8616172
            ],
            [
              -123.3298829,
              48.8617386
            ],
            [
              -123.329963,
              48.8617967
            ],
            [
              -123.3301259,
              48.8619033
            ],
            [
              -123.3301957,
              48.861949
            ],
            [
              -123.3303193,
              48.8620388
            ],
            [
              -123.3304497,
              48.862158
            ],
            [
              -123.330525,
              48.8622268
            ],
            [
              -123.3306626,
              48.8623336
            ],
            [
              -123.3308269,
              48.8624318
            ],
            [
              -123.330923,
              48.862513
            ],
            [
              -123.3310449,
              48.8625757
            ],
            [
              -123.3312846,
              48.862707
            ],
            [
              -123.3313724,
              48.8627551
            ],
            [
              -123.3314959,
              48.8628264
            ],
            [
              -123.3317152,
              48.8630058
            ],
            [
              -123.3317698,
              48.86305
            ],
            [
              -123.3320443,
              48.863265
            ],
            [
              -123.3322912,
              48.8634003
            ],
            [
              -123.3324283,
              48.863463
            ],
            [
              -123.3327693,
              48.8636866
            ],
            [
              -123.3329234,
              48.8638369
            ]
          ]
        ]
      }
    },
    {
      "type": "Feature",
      "properties": {
        "osm_id": "way/816998556",
        "name": "Little Huson Cave Regional Park",
        "leisure": "park",
        "boundary": null,
        "operator": null,
        "protection_title": null,
        "source": "OpenStreetMap",
        "source_url": "https://www.openstreetmap.org/way/816998556"
      },
      "geometry": {
        "type": "Polygon",
        "coordinates": [
          [
            [
              -126.9511949,
              50.2863801
            ],
            [
              -126.9531906,
              50.2842596
            ],
            [
              -126.9531773,
              50.2840648
            ],
            [
              -126.9525235,
              50.2839267
            ],
            [
              -126.9522147,
              50.2835258
            ],
            [
              -126.9496071,
              50.2835329
            ],
            [
              -126.9492209,
              50.2863848
            ],
            [
              -126.9511949,
              50.2863801
            ]
          ]
        ]
      }
    },
    {
      "type": "Feature",
      "properties": {
        "osm_id": "way/1008748088",
        "name": "Mountain Forest Regional Park",
        "leisure": "park",
        "boundary": null,
        "operator": "CRD Parks",
        "protection_title": null,
        "source": "OpenStreetMap",
        "source_url": "https://www.openstreetmap.org/way/1008748088"
      },
      "geometry": {
        "type": "Polygon",
        "coordinates": [
          [
            [
              -123.4316144,
              48.5076125
            ],
            [
              -123.4230551,
              48.5075086
            ],
            [
              -123.4240013,
              48.5059438
            ],
            [
              -123.425805,
              48.5064149
            ],
            [
              -123.4266148,
              48.505051
            ],
            [
              -123.4249387,
              48.5046133
            ],
            [
              -123.4250874,
              48.5043634
            ],
            [
              -123.4249768,
              48.5043336
            ],
            [
              -123.4252124,
              48.5038476
            ],
            [
              -123.4315884,
              48.5040523
            ],
            [
              -123.4316144,
              48.5076125
            ]
          ]
        ]
      }
    },
    {
      "type": "Feature",
      "properties": {
        "osm_id": "way/1431635266",
        "name": "Pete Shields Regional Park",
        "leisure": "nature_reserve",
        "boundary": "protected_area",
        "operator": null,
        "protection_title": null,
        "source": "OpenStreetMap",
        "source_url": "https://www.openstreetmap.org/way/1431635266"
      },
      "geometry": {
        "type": "Polygon",
        "coordinates": [
          [
            [
              -123.3280248,
              49.4644753
            ],
            [
              -123.3294328,
              49.4621097
            ],
            [
              -123.3292541,
              49.466854
            ],
            [
              -123.3292738,
              49.4692161
            ],
            [
              -123.3291894,
              49.4798391
            ],
            [
              -123.3288169,
              49.4789856
            ],
            [
              -123.3280447,
              49.4780058
            ],
            [
              -123.3279181,
              49.4773812
            ],
            [
              -123.327987,
              49.4766938
            ],
            [
              -123.3279588,
              49.4759194
            ],
            [
              -123.3277439,
              49.474933
            ],
            [
              -123.3275179,
              49.4744544
            ],
            [
              -123.3273465,
              49.4739641
            ],
            [
              -123.3266676,
              49.4738955
            ],
            [
              -123.326454,
              49.4739309
            ],
            [
              -123.3258495,
              49.4741451
            ],
            [
              -123.3250757,
              49.4738582
            ],
            [
              -123.3246005,
              49.4733516
            ],
            [
              -123.3239484,
              49.4731077
            ],
            [
              -123.3238863,
              49.4730978
            ],
            [
              -123.3236451,
              49.472542
            ],
            [
              -123.323475,
              49.4722992
            ],
            [
              -123.3238552,
              49.4716503
            ],
            [
              -123.3239918,
              49.4711583
            ],
            [
              -123.3241135,
              49.4707755
            ],
            [
              -123.3243041,
              49.4705584
            ],
            [
              -123.3244298,
              49.4699897
            ],
            [
              -123.324608,
              49.4696782
            ],
            [
              -123.3251462,
              49.4692181
            ],
            [
              -123.3255643,
              49.468537
            ],
            [
              -123.3261123,
              49.4681979
            ],
            [
              -123.3264745,
              49.4677542
            ],
            [
              -123.3270237,
              49.4673213
            ],
            [
              -123.3267055,
              49.4665854
            ],
            [
              -123.3280248,
              49.4644753
            ]
          ]
        ]
      }
    },
    {
      "type": "Feature",
      "properties": {
        "osm_id": "relation/543934",
        "name": "Sandy Pool Regional Park",
        "leisure": "park",
        "boundary": null,
        "operator": "Cowichan Valley Regional District",
        "protection_title": null,
        "source": "OpenStreetMap",
        "source_url": "https://www.openstreetmap.org/relation/543934"
      },
      "geometry": {
        "type": "MultiPolygon",
        "coordinates": [
          [
            [
              [
                -123.8325107,
                48.7558039
              ],
              [
                -123.8325036,
                48.7570546
              ],
              [
                -123.8331444,
                48.7569378
              ],
              [
                -123.8350214,
                48.7568965
              ],
              [
                -123.8355118,
                48.7569649
              ],
              [
                -123.8363859,
                48.7571996
              ],
              [
                -123.8369268,
                48.7574844
              ],
              [
                -123.8378155,
                48.757858
              ],
              [
                -123.8380145,
                48.7579525
              ],
              [
                -123.8380101,
                48.7572709
              ],
              [
                -123.8380052,
                48.7565153
              ],
              [
                -123.8380035,
                48.7562319
              ],
              [
                -123.8380011,
                48.7557821
              ],
              [
                -123.8342147,
                48.7557961
              ],
              [
                -123.8331459,
                48.7557993
              ],
              [
                -123.8328789,
                48.7558012
              ],
              [
                -123.8325107,
                48.7558039
              ]
            ]
          ],
          [
            [
              [
                -123.8378973,
                48.7600349
              ],
              [
                -123.8379839,
                48.7582387
              ],
              [
                -123.8378442,
                48.7582009
              ],
              [
                -123.8375977,
                48.7581889
              ],
              [
                -123.8370963,
                48.7579386
              ],
              [
                -123.8367348,
                48.7577803
              ],
              [
                -123.8363187,
                48.7575887
              ],
              [
                -123.8361115,
                48.7573948
              ],
              [
                -123.8360387,
                48.757357
              ],
              [
                -123.8357427,
                48.7572578
              ],
              [
                -123.8349235,
                48.7572613
              ],
              [
                -123.833519,
                48.7573124
              ],
              [
                -123.8329554,
                48.7574124
              ],
              [
                -123.83231,
                48.7574477
              ],
              [
                -123.8320196,
                48.757514
              ],
              [
                -123.832023,
                48.7597006
              ],
              [
                -123.8324226,
                48.7595442
              ],
              [
                -123.8333398,
                48.7593906
              ],
              [
                -123.8334853,
                48.7593632
              ],
              [
                -123.8336331,
                48.7593421
              ],
              [
                -123.8337827,
                48.7593274
              ],
              [
                -123.8339335,
                48.759319
              ],
              [
                -123.8340847,
                48.7593171
              ],
              [
                -123.8342358,
                48.7593216
              ],
              [
                -123.8343861,
                48.7593326
              ],
              [
                -123.8345351,
                48.7593499
              ],
              [
                -123.8346821,
                48.7593736
              ],
              [
                -123.8348265,
                48.7594034
              ],
              [
                -123.8349676,
                48.7594394
              ],
              [
                -123.835105,
                48.7594812
              ],
              [
                -123.835238,
                48.7595289
              ],
              [
                -123.835366,
                48.7595821
              ],
              [
                -123.835475,
                48.7596274
              ],
              [
                -123.8355882,
                48.7596679
              ],
              [
                -123.8357051,
                48.7597036
              ],
              [
                -123.8358251,
                48.7597343
              ],
              [
                -123.8359479,
                48.7597598
              ],
              [
                -123.836073,
                48.7597801
              ],
              [
                -123.8378973,
                48.7600349
              ]
            ]
          ]
        ]
      }
    },
    {
      "type": "Feature",
      "properties": {
        "osm_id": "relation/1613140",
        "name": "Iona Beach Regional Park",
        "leisure": "park",
        "boundary": "protected_area",
        "operator": "Metro Vancouver Regional Parks",
        "protection_title": "Regional Park",
        "source": "OpenStreetMap",
        "source_url": "https://www.openstreetmap.org/relation/1613140"
      },
      "geometry": {
        "type": "Polygon",
        "coordinates": [
          [
            [
              -123.2190077,
              49.2222645
            ],
            [
              -123.2187535,
              49.2221664
            ],
            [
              -123.2185571,
              49.2221579
            ],
            [
              -123.2183942,
              49.2221088
            ],
            [
              -123.2182412,
              49.2220643
            ],
            [
              -123.2179827,
              49.2219573
            ],
            [
              -123.2176119,
              49.2217502
            ],
            [
              -123.2172657,
              49.2215421
            ],
            [
              -123.2169474,
              49.2213818
            ],
            [
              -123.2166592,
              49.2213441
            ],
            [
              -123.2165232,
              49.2212604
            ],
            [
              -123.2159342,
              49.2208993
            ],
            [
              -123.2155803,
              49.2206503
            ],
            [
              -123.2154023,
              49.2204595
            ],
            [
              -123.2152257,
              49.2202412
            ],
            [
              -123.2150548,
              49.2200761
            ],
            [
              -123.2150763,
              49.2198668
            ],
            [
              -123.2150996,
              49.2197497
            ],
            [
              -123.2150759,
              49.2196537
            ],
            [
              -123.2149573,
              49.2195513
            ],
            [
              -123.2148922,
              49.219373
            ],
            [
              -123.2148089,
              49.2190848
            ],
            [
              -123.2147035,
              49.2186361
            ],
            [
              -123.21464,
              49.2183265
            ],
            [
              -123.2145822,
              49.2178995
            ],
            [
              -123.2145216,
              49.2173792
            ],
            [
              -123.2145351,
              49.2169433
            ],
            [
              -123.2145853,
              49.2164706
            ],
            [
              -123.214653,
              49.2161872
            ],
            [
              -123.2147429,
              49.2159262
            ],
            [
              -123.2147628,
              49.2159053
            ],
            [
              -123.2167001,
              49.2155412
            ],
            [
              -123.2168457,
              49.2154857
            ],
            [
              -123.2250227,
              49.2138462
            ],
            [
              -123.2254373,
              49.2137597
            ],
            [
              -123.2337372,
              49.2120316
            ],
            [
              -123.2354677,
              49.2116714
            ],
            [
              -123.241523,
              49.2103853
            ],
            [
              -123.2417893,
              49.2103296
            ],
            [
              -123.2473864,
              49.2091591
            ],
            [
              -123.2505955,
              49.208534
            ],
            [
              -123.2595726,
              49.2066391
            ],
            [
              -123.2597284,
              49.2067163
            ],
            [
              -123.259884,
              49.2066946
            ],
            [
              -123.2598954,
              49.2065451
            ],
            [
              -123.2606512,
              49.2063852
            ],
            [
              -123.2622297,
              49.2060517
            ],
            [
              -123.2628362,
              49.2059844
            ],
            [
              -123.2634598,
              49.2057863
            ],
            [
              -123.2639624,
              49.2057287
            ],
            [
              -123.2641443,
              49.2056467
            ],
            [
              -123.264178,
              49.2055649
            ],
            [
              -123.2642062,
              49.2054963
            ],
            [
              -123.264222,
              49.205458
            ],
            [
              -123.2639319,
              49.2053203
            ],
            [
              -123.2636757,
              49.204939
            ],
            [
              -123.263293,
              49.2047756
            ],
            [
              -123.2629705,
              49.2048472
            ],
            [
              -123.2630078,
              49.2050088
            ],
            [
              -123.2633526,
              49.2050601
            ],
            [
              -123.2635927,
              49.2053336
            ],
            [
              -123.2635571,
              49.2054349
            ],
            [
              -123.2626932,
              49.2056143
            ],
            [
              -123.2619379,
              49.2057078
            ],
            [
              -123.261171,
              49.2058761
            ],
            [
              -123.2607248,
              49.206048
            ],
            [
              -123.2567372,
              49.2068665
            ],
            [
              -123.2562981,
              49.2068875
            ],
            [
              -123.2561136,
              49.2069899
            ],
            [
              -123.2535218,
              49.2075506
            ],
            [
              -123.2531126,
              49.2075505
            ],
            [
              -123.2528353,
              49.2076814
            ],
            [
              -123.2518143,
              49.2078957
            ],
            [
              -123.2481695,
              49.2086612
            ],
            [
              -123.2478978,
              49.208657
            ],
            [
              -123.2476861,
              49.2087728
            ],
            [
              -123.2390983,
              49.2105595
            ],
            [
              -123.2388523,
              49.2105408
            ],
            [
              -123.238223,
              49.2107588
            ],
            [
              -123.2279554,
              49.2129007
            ],
            [
              -123.2272597,
              49.2130143
            ],
            [
              -123.2268112,
              49.2131488
            ],
            [
              -123.2264045,
              49.2131651
            ],
            [
              -123.2261612,
              49.2132655
            ],
            [
              -123.2204181,
              49.2144554
            ],
            [
              -123.2201081,
              49.2144629
            ],
            [
              -123.2198906,
              49.214575
            ],
            [
              -123.2130237,
              49.2159963
            ],
            [
              -123.2125857,
              49.2163623
            ],
            [
              -123.2124416,
              49.2165213
            ],
            [
              -123.2120455,
              49.2165687
            ],
            [
              -123.211646,
              49.2167351
            ],
            [
              -123.2115367,
              49.2168183
            ],
            [
              -123.2104031,
              49.2166891
            ],
            [
              -123.2104609,
              49.2165687
            ],
            [
              -123.2102642,
              49.2164772
            ],
            [
              -123.2095973,
              49.2165902
            ],
            [
              -123.2091661,
              49.2164164
            ],
            [
              -123.2080662,
              49.2164555
            ],
            [
              -123.2073361,
              49.2165637
            ],
            [
              -123.2068863,
              49.2164813
            ],
            [
              -123.2066258,
              49.2160942
            ],
            [
              -123.2063489,
              49.216132
            ],
            [
              -123.2057142,
              49.2161937
            ],
            [
              -123.2055783,
              49.2156849
            ],
            [
              -123.2059062,
              49.2155851
            ],
            [
              -123.2055611,
              49.2152306
            ],
            [
              -123.2052512,
              49.215347
            ],
            [
              -123.2045543,
              49.2153879
            ],
            [
              -123.2042153,
              49.2155028
            ],
            [
              -123.2040526,
              49.2154843
            ],
            [
              -123.2039024,
              49.2153979
            ],
            [
              -123.2036523,
              49.215264
            ],
            [
              -123.203613,
              49.2150554
            ],
            [
              -123.203839,
              49.2147458
            ],
            [
              -123.204008,
              49.213961
            ],
            [
              -123.2041511,
              49.2137136
            ],
            [
              -123.2037868,
              49.2128364
            ],
            [
              -123.2033448,
              49.212394
            ],
            [
              -123.2034182,
              49.212344
            ],
            [
              -123.2034916,
              49.212233
            ],
            [
              -123.2032563,
              49.2116764
            ],
            [
              -123.2033951,
              49.2116024
            ],
            [
              -123.2033698,
              49.2114931
            ],
            [
              -123.2031185,
              49.2114075
            ],
            [
              -123.2031271,
              49.2109251
            ],
            [
              -123.2034075,
              49.2108197
            ],
            [
              -123.2035788,
              49.2105411
            ],
            [
              -123.2013698,
              49.21096
            ],
            [
              -123.2014293,
              49.2114502
            ],
            [
              -123.2014805,
              49.2118721
            ],
            [
              -123.2013387,
              49.2124949
            ],
            [
              -123.2013387,
              49.2128397
            ],
            [
              -123.2006087,
              49.2129107
            ],
            [
              -123.2001213,
              49.2142417
            ],
            [
              -123.2009316,
              49.2146866
            ],
            [
              -123.2004985,
              49.2150202
            ],
            [
              -123.1995329,
              49.2146593
            ],
            [
              -123.1989554,
              49.2146852
            ],
            [
              -123.1977869,
              49.2144865
            ],
            [
              -123.1956358,
              49.2140045
            ],
            [
              -123.1947623,
              49.2138009
            ],
            [
              -123.1939686,
              49.2135136
            ],
            [
              -123.1934628,
              49.2134873
            ],
            [
              -123.1930637,
              49.2135123
            ],
            [
              -123.1926813,
              49.2136187
            ],
            [
              -123.1923295,
              49.2136284
            ],
            [
              -123.1923051,
              49.2137284
            ],
            [
              -123.1918958,
              49.2137102
            ],
            [
              -123.1918418,
              49.213759
            ],
            [
              -123.1911035,
              49.2138007
            ],
            [
              -123.1904295,
              49.2137639
            ],
            [
              -123.1900353,
              49.2138029
            ],
            [
              -123.1896795,
              49.2137172
            ],
            [
              -123.1893088,
              49.213735
            ],
            [
              -123.1887055,
              49.2136974
            ],
            [
              -123.1879967,
              49.2137401
            ],
            [
              -123.1875504,
              49.2138048
            ],
            [
              -123.1864665,
              49.2138871
            ],
            [
              -123.1856803,
              49.2139308
            ],
            [
              -123.1847344,
              49.2138884
            ],
            [
              -123.1836818,
              49.2138743
            ],
            [
              -123.1833197,
              49.2139532
            ],
            [
              -123.1830122,
              49.2139119
            ],
            [
              -123.182575,
              49.2137988
            ],
            [
              -123.1822236,
              49.2137735
            ],
            [
              -123.1819739,
              49.213711
            ],
            [
              -123.1810425,
              49.2136474
            ],
            [
              -123.1800603,
              49.2134817
            ],
            [
              -123.1793669,
              49.2134057
            ],
            [
              -123.1786697,
              49.2136541
            ],
            [
              -123.1783907,
              49.2137922
            ],
            [
              -123.1783111,
              49.2140712
            ],
            [
              -123.1783924,
              49.2143049
            ],
            [
              -123.1787231,
              49.2144626
            ],
            [
              -123.1791858,
              49.2145688
            ],
            [
              -123.1803603,
              49.2147357
            ],
            [
              -123.1821237,
              49.2149951
            ],
            [
              -123.1835951,
              49.2152544
            ],
            [
              -123.1847082,
              49.215546
            ],
            [
              -123.1852085,
              49.2157758
            ],
            [
              -123.1859921,
              49.2160309
            ],
            [
              -123.1871718,
              49.2165666
            ],
            [
              -123.187392,
              49.2167023
            ],
            [
              -123.1882322,
              49.2172388
            ],
            [
              -123.1894334,
              49.2175389
            ],
            [
              -123.1900428,
              49.2177884
            ],
            [
              -123.1907466,
              49.2180447
            ],
            [
              -123.1914965,
              49.2183115
            ],
            [
              -123.1922461,
              49.2186295
            ],
            [
              -123.1930982,
              49.2188333
            ],
            [
              -123.1944881,
              49.2191073
            ],
            [
              -123.1955042,
              49.219269
            ],
            [
              -123.19681,
              49.2194871
            ],
            [
              -123.1988511,
              49.2198935
            ],
            [
              -123.2000409,
              49.2200232
            ],
            [
              -123.2004671,
              49.2200621
            ],
            [
              -123.2008493,
              49.2200001
            ],
            [
              -123.2014716,
              49.2200631
            ],
            [
              -123.2017162,
              49.2202059
            ],
            [
              -123.2030211,
              49.2204358
            ],
            [
              -123.2042342,
              49.2206553
            ],
            [
              -123.2050373,
              49.2208378
            ],
            [
              -123.205821,
              49.2209878
            ],
            [
              -123.2061928,
              49.2210368
            ],
            [
              -123.207368,
              49.2212911
            ],
            [
              -123.2077594,
              49.2212903
            ],
            [
              -123.2084835,
              49.221399
            ],
            [
              -123.2099257,
              49.2216438
            ],
            [
              -123.2108976,
              49.2218942
            ],
            [
              -123.2116022,
              49.2220422
            ],
            [
              -123.2122614,
              49.2222787
            ],
            [
              -123.2128515,
              49.2223977
            ],
            [
              -123.2140853,
              49.2227437
            ],
            [
              -123.2146982,
              49.222973
            ],
            [
              -123.2157308,
              49.2232835
            ],
            [
              -123.216332,
              49.2234713
            ],
            [
              -123.217116,
              49.2235963
            ],
            [
              -123.2188442,
              49.2224913
            ],
            [
              -123.2190077,
              49.2222645
            ]
          ]
        ]
      }
    },
    {
      "type": "Feature",
      "properties": {
        "osm_id": "relation/1793711",
        "name": "Mill Hill Regional Park",
        "leisure": "park",
        "boundary": null,
        "operator": "Central Regional District",
        "protection_title": null,
        "source": "OpenStreetMap",
        "source_url": "https://www.openstreetmap.org/relation/1793711"
      },
      "geometry": {
        "type": "MultiPolygon",
        "coordinates": [
          [
            [
              [
                -123.4829174,
                48.4638838
              ],
              [
                -123.4823937,
                48.4633746
              ],
              [
                -123.4809932,
                48.4620044
              ],
              [
                -123.479641,
                48.460665
              ],
              [
                -123.4811666,
                48.4578719
              ],
              [
                -123.483926,
                48.4567754
              ],
              [
                -123.483752,
                48.4564269
              ],
              [
                -123.4837392,
                48.4562535
              ],
              [
                -123.4841767,
                48.4554631
              ],
              [
                -123.4826928,
                48.4551014
              ],
              [
                -123.4838608,
                48.4529364
              ],
              [
                -123.4842195,
                48.4523441
              ],
              [
                -123.4844156,
                48.4523917
              ],
              [
                -123.4846583,
                48.4519421
              ],
              [
                -123.4844641,
                48.4518942
              ],
              [
                -123.484317,
                48.4521656
              ],
              [
                -123.4842232,
                48.4520406
              ],
              [
                -123.484144,
                48.4519607
              ],
              [
                -123.4840478,
                48.4518997
              ],
              [
                -123.4839484,
                48.4518511
              ],
              [
                -123.4838558,
                48.4518159
              ],
              [
                -123.4838005,
                48.4518041
              ],
              [
                -123.4836739,
                48.4517869
              ],
              [
                -123.4835945,
                48.4517728
              ],
              [
                -123.4835107,
                48.4517553
              ],
              [
                -123.4833867,
                48.4517274
              ],
              [
                -123.483359,
                48.4517297
              ],
              [
                -123.4833165,
                48.4517266
              ],
              [
                -123.4832767,
                48.4517266
              ],
              [
                -123.4832407,
                48.4517219
              ],
              [
                -123.4832066,
                48.4517116
              ],
              [
                -123.4831628,
                48.4516942
              ],
              [
                -123.4831121,
                48.4516572
              ],
              [
                -123.4830753,
                48.4516323
              ],
              [
                -123.4830383,
                48.4516014
              ],
              [
                -123.4829933,
                48.451539
              ],
              [
                -123.4829504,
                48.4514205
              ],
              [
                -123.4829307,
                48.4513215
              ],
              [
                -123.4829471,
                48.4511753
              ],
              [
                -123.4829249,
                48.4511548
              ],
              [
                -123.4827786,
                48.451123
              ],
              [
                -123.4826125,
                48.4511502
              ],
              [
                -123.4825494,
                48.4511831
              ],
              [
                -123.4824832,
                48.4512596
              ],
              [
                -123.4823967,
                48.451309
              ],
              [
                -123.4823126,
                48.4513504
              ],
              [
                -123.4822269,
                48.4513747
              ],
              [
                -123.4821717,
                48.4513665
              ],
              [
                -123.4821454,
                48.4513361
              ],
              [
                -123.482133,
                48.4512966
              ],
              [
                -123.4821572,
                48.4512449
              ],
              [
                -123.4821682,
                48.4512032
              ],
              [
                -123.4821747,
                48.4511742
              ],
              [
                -123.4821768,
                48.4511212
              ],
              [
                -123.4821693,
                48.4510438
              ],
              [
                -123.4821798,
                48.4509189
              ],
              [
                -123.4821549,
                48.4509252
              ],
              [
                -123.4821145,
                48.4508093
              ],
              [
                -123.4816082,
                48.450681
              ],
              [
                -123.4812674,
                48.4506402
              ],
              [
                -123.4809854,
                48.4505914
              ],
              [
                -123.4806038,
                48.4505417
              ],
              [
                -123.4804997,
                48.450737
              ],
              [
                -123.480407,
                48.4509045
              ],
              [
                -123.4792807,
                48.452941
              ],
              [
                -123.4791888,
                48.4531078
              ],
              [
                -123.4788109,
                48.4537694
              ],
              [
                -123.4766848,
                48.453323
              ],
              [
                -123.4761795,
                48.4537642
              ],
              [
                -123.4758125,
                48.453829
              ],
              [
                -123.4756705,
                48.4541053
              ],
              [
                -123.4756054,
                48.4542953
              ],
              [
                -123.4755543,
                48.4545914
              ],
              [
                -123.4755258,
                48.4546742
              ],
              [
                -123.4754821,
                48.4547522
              ],
              [
                -123.4754521,
                48.4548059
              ],
              [
                -123.4753449,
                48.454921
              ],
              [
                -123.475218,
                48.4550227
              ],
              [
                -123.4750811,
                48.4551258
              ],
              [
                -123.4747323,
                48.4553416
              ],
              [
                -123.474398,
                48.4556026
              ],
              [
                -123.4749201,
                48.4561246
              ],
              [
                -123.475694,
                48.4568785
              ],
              [
                -123.4728714,
                48.458175
              ],
              [
                -123.4737401,
                48.459057
              ],
              [
                -123.4735686,
                48.4597271
              ],
              [
                -123.4730151,
                48.4598006
              ],
              [
                -123.4727461,
                48.4595798
              ],
              [
                -123.4722306,
                48.459538
              ],
              [
                -123.4722663,
                48.4598355
              ],
              [
                -123.4723205,
                48.4606606
              ],
              [
                -123.4719449,
                48.4606684
              ],
              [
                -123.4718907,
                48.4608536
              ],
              [
                -123.4716005,
                48.4610363
              ],
              [
                -123.4720986,
                48.4616409
              ],
              [
                -123.4720399,
                48.461889
              ],
              [
                -123.473088,
                48.4624514
              ],
              [
                -123.4738381,
                48.4628481
              ],
              [
                -123.4739837,
                48.4628798
              ],
              [
                -123.4741722,
                48.4630065
              ],
              [
                -123.474657,
                48.4633954
              ],
              [
                -123.4756791,
                48.4639469
              ],
              [
                -123.4758444,
                48.4640269
              ],
              [
                -123.4762457,
                48.4642038
              ],
              [
                -123.4766998,
                48.4643918
              ],
              [
                -123.4772764,
                48.4646036
              ],
              [
                -123.4776896,
                48.4646817
              ],
              [
                -123.4780548,
                48.4647327
              ],
              [
                -123.4784609,
                48.4647725
              ],
              [
                -123.4789126,
                48.4647916
              ],
              [
                -123.4793738,
                48.4647932
              ],
              [
                -123.479787,
                48.4647697
              ],
              [
                -123.4800982,
                48.4647406
              ],
              [
                -123.4803601,
                48.4647048
              ],
              [
                -123.4806184,
                48.4646626
              ],
              [
                -123.4809007,
                48.4646084
              ],
              [
                -123.4812262,
                48.4645304
              ],
              [
                -123.4815266,
                48.4644451
              ],
              [
                -123.4818221,
                48.4643487
              ],
              [
                -123.4820924,
                48.4642468
              ],
              [
                -123.4823717,
                48.4641296
              ],
              [
                -123.4826402,
                48.4640006
              ],
              [
                -123.4829174,
                48.4638838
              ]
            ]
          ],
          [
            [
              [
                -123.4811233,
                48.4496002
              ],
              [
                -123.4806996,
                48.450368
              ],
              [
                -123.4816561,
                48.4505052
              ],
              [
                -123.482177,
                48.4505105
              ],
              [
                -123.4823792,
                48.4505039
              ],
              [
                -123.4824201,
                48.4502541
              ],
              [
                -123.4825029,
                48.4502021
              ],
              [
                -123.4826733,
                48.4500724
              ],
              [
                -123.4827254,
                48.4499988
              ],
              [
                -123.4827216,
                48.4498999
              ],
              [
                -123.4827153,
                48.4498571
              ],
              [
                -123.4826564,
                48.4497922
              ],
              [
                -123.4823286,
                48.449697
              ],
              [
                -123.4821444,
                48.4496733
              ],
              [
                -123.4818761,
                48.4496891
              ],
              [
                -123.4817827,
                48.4495914
              ],
              [
                -123.4817075,
                48.4495075
              ],
              [
                -123.4815721,
                48.4494355
              ],
              [
                -123.481354,
                48.4493649
              ],
              [
                -123.4812648,
                48.4493458
              ],
              [
                -123.4811233,
                48.4496002
              ]
            ]
          ]
        ]
      }
    },
    {
      "type": "Feature",
      "properties": {
        "osm_id": "relation/1793712",
        "name": "Thetis Lake Regional Park",
        "leisure": "park",
        "boundary": null,
        "operator": null,
        "protection_title": null,
        "source": "OpenStreetMap",
        "source_url": "https://www.openstreetmap.org/relation/1793712"
      },
      "geometry": {
        "type": "MultiPolygon",
        "coordinates": [
          [
            [
              [
                -123.4842775,
                48.4651978
              ],
              [
                -123.4844979,
                48.4651875
              ],
              [
                -123.4844947,
                48.4652342
              ],
              [
                -123.4847916,
                48.4654249
              ],
              [
                -123.4846318,
                48.4660928
              ],
              [
                -123.4848446,
                48.4666518
              ],
              [
                -123.4853954,
                48.4670532
              ],
              [
                -123.4854497,
                48.4670897
              ],
              [
                -123.4855074,
                48.4671235
              ],
              [
                -123.4855681,
                48.4671534
              ],
              [
                -123.4856222,
                48.4671774
              ],
              [
                -123.4856843,
                48.4672002
              ],
              [
                -123.4852773,
                48.4677192
              ],
              [
                -123.4852803,
                48.4677261
              ],
              [
                -123.4847023,
                48.4677258
              ],
              [
                -123.4846046,
                48.4698453
              ],
              [
                -123.4845952,
                48.4700507
              ],
              [
                -123.4846968,
                48.4704229
              ],
              [
                -123.4847027,
                48.4704628
              ],
              [
                -123.4847144,
                48.4705424
              ],
              [
                -123.4846757,
                48.470929
              ],
              [
                -123.4846867,
                48.4710246
              ],
              [
                -123.484884,
                48.4713007
              ],
              [
                -123.4883561,
                48.4713057
              ],
              [
                -123.4889311,
                48.4713018
              ],
              [
                -123.4892354,
                48.4712997
              ],
              [
                -123.4932844,
                48.4713135
              ],
              [
                -123.4976324,
                48.4713286
              ],
              [
                -123.4974796,
                48.474881
              ],
              [
                -123.497399,
                48.4803622
              ],
              [
                -123.4973303,
                48.4893671
              ],
              [
                -123.4973152,
                48.4938861
              ],
              [
                -123.4973154,
                48.494412
              ],
              [
                -123.4973156,
                48.4949122
              ],
              [
                -123.4968306,
                48.4953854
              ],
              [
                -123.4951954,
                48.4969806
              ],
              [
                -123.4954523,
                48.4980854
              ],
              [
                -123.4952211,
                48.4981825
              ],
              [
                -123.4945081,
                48.4983201
              ],
              [
                -123.4945343,
                48.4984125
              ],
              [
                -123.4938295,
                48.4984915
              ],
              [
                -123.4930884,
                48.4986199
              ],
              [
                -123.4923801,
                48.4986987
              ],
              [
                -123.4919583,
                48.4987318
              ],
              [
                -123.4965689,
                48.5003602
              ],
              [
                -123.4973735,
                48.500353
              ],
              [
                -123.4973723,
                48.5035122
              ],
              [
                -123.4923418,
                48.5019433
              ],
              [
                -123.4916915,
                48.5028131
              ],
              [
                -123.4918908,
                48.503342
              ],
              [
                -123.4921369,
                48.5036383
              ],
              [
                -123.4921196,
                48.5036549
              ],
              [
                -123.4914403,
                48.5043085
              ],
              [
                -123.4906583,
                48.5047093
              ],
              [
                -123.490232,
                48.5050997
              ],
              [
                -123.4898837,
                48.505627
              ],
              [
                -123.4896978,
                48.5064299
              ],
              [
                -123.4908124,
                48.5072104
              ],
              [
                -123.4900809,
                48.5078837
              ],
              [
                -123.4947172,
                48.5078088
              ],
              [
                -123.4948595,
                48.5137834
              ],
              [
                -123.4916846,
                48.5138265
              ],
              [
                -123.4916967,
                48.5143033
              ],
              [
                -123.4902875,
                48.5152076
              ],
              [
                -123.4902681,
                48.5142752
              ],
              [
                -123.4894124,
                48.5142769
              ],
              [
                -123.4893899,
                48.5079064
              ],
              [
                -123.4864275,
                48.5079018
              ],
              [
                -123.4864287,
                48.5069099
              ],
              [
                -123.4864343,
                48.5021884
              ],
              [
                -123.4858981,
                48.5020104
              ],
              [
                -123.4858442,
                48.5019484
              ],
              [
                -123.4858888,
                48.5018277
              ],
              [
                -123.4855638,
                48.5016234
              ],
              [
                -123.4851266,
                48.5015562
              ],
              [
                -123.484437,
                48.5014014
              ],
              [
                -123.4840676,
                48.5014332
              ],
              [
                -123.4838436,
                48.5014111
              ],
              [
                -123.4835816,
                48.5013627
              ],
              [
                -123.4828417,
                48.5010541
              ],
              [
                -123.4826103,
                48.5010259
              ],
              [
                -123.4823542,
                48.5010147
              ],
              [
                -123.4821305,
                48.50095
              ],
              [
                -123.4812373,
                48.500522
              ],
              [
                -123.480021,
                48.5010744
              ],
              [
                -123.4787472,
                48.5006315
              ],
              [
                -123.4780749,
                48.500626
              ],
              [
                -123.4780778,
                48.5003925
              ],
              [
                -123.4803757,
                48.5003752
              ],
              [
                -123.4809847,
                48.4973853
              ],
              [
                -123.482942,
                48.488498
              ],
              [
                -123.4830359,
                48.4884997
              ],
              [
                -123.4832262,
                48.4888233
              ],
              [
                -123.4841544,
                48.488568
              ],
              [
                -123.4846764,
                48.4886417
              ],
              [
                -123.4848583,
                48.4890024
              ],
              [
                -123.4849211,
                48.4891677
              ],
              [
                -123.4852462,
                48.4892678
              ],
              [
                -123.4866839,
                48.4888062
              ],
              [
                -123.487669,
                48.4885742
              ],
              [
                -123.4881176,
                48.4886011
              ],
              [
                -123.488725,
                48.4885651
              ],
              [
                -123.489892,
                48.4885727
              ],
              [
                -123.4903393,
                48.4884434
              ],
              [
                -123.4906407,
                48.487287
              ],
              [
                -123.48913,
                48.4868386
              ],
              [
                -123.4886203,
                48.4854816
              ],
              [
                -123.487596,
                48.4845563
              ],
              [
                -123.4883071,
                48.4820353
              ],
              [
                -123.4814706,
                48.4819928
              ],
              [
                -123.4788369,
                48.4818528
              ],
              [
                -123.4788623,
                48.4830465
              ],
              [
                -123.4789241,
                48.4859513
              ],
              [
                -123.4788632,
                48.4859531
              ],
              [
                -123.4785783,
                48.4856302
              ],
              [
                -123.4785449,
                48.4855946
              ],
              [
                -123.4785069,
                48.4855568
              ],
              [
                -123.4784626,
                48.4855186
              ],
              [
                -123.47841,
                48.4854778
              ],
              [
                -123.4783503,
                48.4854382
              ],
              [
                -123.4782847,
                48.4853996
              ],
              [
                -123.4782297,
                48.4853709
              ],
              [
                -123.4781741,
                48.485345
              ],
              [
                -123.4781094,
                48.4853183
              ],
              [
                -123.4780391,
                48.4852929
              ],
              [
                -123.4779641,
                48.4852704
              ],
              [
                -123.4778975,
                48.4852534
              ],
              [
                -123.4778438,
                48.485241
              ],
              [
                -123.4777822,
                48.4852297
              ],
              [
                -123.4776982,
                48.4852174
              ],
              [
                -123.4776439,
                48.4852119
              ],
              [
                -123.4775839,
                48.4852068
              ],
              [
                -123.4775296,
                48.4852041
              ],
              [
                -123.4774573,
                48.4852026
              ],
              [
                -123.47738,
                48.485205
              ],
              [
                -123.4773034,
                48.4852096
              ],
              [
                -123.477236,
                48.4852167
              ],
              [
                -123.4771644,
                48.4852269
              ],
              [
                -123.4770858,
                48.485241
              ],
              [
                -123.4770184,
                48.4852563
              ],
              [
                -123.4769525,
                48.4852741
              ],
              [
                -123.4768845,
                48.485294
              ],
              [
                -123.4768425,
                48.4853051
              ],
              [
                -123.4768019,
                48.4853135
              ],
              [
                -123.4767575,
                48.4853214
              ],
              [
                -123.4767186,
                48.4853274
              ],
              [
                -123.4766696,
                48.485332
              ],
              [
                -123.4762717,
                48.4853567
              ],
              [
                -123.4762014,
                48.4853651
              ],
              [
                -123.4761504,
                48.4853724
              ],
              [
                -123.4760818,
                48.4853859
              ],
              [
                -123.4760318,
                48.4853974
              ],
              [
                -123.4759811,
                48.4854111
              ],
              [
                -123.4759255,
                48.4854285
              ],
              [
                -123.4758738,
                48.4854469
              ],
              [
                -123.4758162,
                48.4854707
              ],
              [
                -123.4757765,
                48.4854893
              ],
              [
                -123.4757182,
                48.48552
              ],
              [
                -123.4756732,
                48.4855462
              ],
              [
                -123.4756099,
                48.4855889
              ],
              [
                -123.4755663,
                48.4856227
              ],
              [
                -123.475528,
                48.4856565
              ],
              [
                -123.475495,
                48.4856909
              ],
              [
                -123.4754546,
                48.4857364
              ],
              [
                -123.475427,
                48.4857739
              ],
              [
                -123.475394,
                48.4858276
              ],
              [
                -123.475359,
                48.4858981
              ],
              [
                -123.4753384,
                48.4859301
              ],
              [
                -123.4753137,
                48.4859637
              ],
              [
                -123.47529,
                48.4859895
              ],
              [
                -123.475261,
                48.4860189
              ],
              [
                -123.4752224,
                48.4860522
              ],
              [
                -123.4751797,
                48.4860838
              ],
              [
                -123.4751141,
                48.4861238
              ],
              [
                -123.4750631,
                48.4861487
              ],
              [
                -123.4750081,
                48.4861726
              ],
              [
                -123.4749478,
                48.4861934
              ],
              [
                -123.4748925,
                48.486209
              ],
              [
                -123.4748375,
                48.4862212
              ],
              [
                -123.4747675,
                48.4862336
              ],
              [
                -123.4747029,
                48.4862415
              ],
              [
                -123.4728355,
                48.4864679
              ],
              [
                -123.4727832,
                48.4864716
              ],
              [
                -123.4727282,
                48.4864723
              ],
              [
                -123.4726676,
                48.4864697
              ],
              [
                -123.4725963,
                48.4864604
              ],
              [
                -123.4725236,
                48.4864451
              ],
              [
                -123.4724677,
                48.4864295
              ],
              [
                -123.4724187,
                48.4864109
              ],
              [
                -123.4723834,
                48.4863957
              ],
              [
                -123.472342,
                48.486374
              ],
              [
                -123.4723017,
                48.4863491
              ],
              [
                -123.4722561,
                48.4863146
              ],
              [
                -123.4722281,
                48.4862894
              ],
              [
                -123.4721994,
                48.4862581
              ],
              [
                -123.4721734,
                48.4862234
              ],
              [
                -123.4721518,
                48.486187
              ],
              [
                -123.4721348,
                48.4861428
              ],
              [
                -123.4721258,
                48.4861041
              ],
              [
                -123.4721221,
                48.4860602
              ],
              [
                -123.4721241,
                48.4859855
              ],
              [
                -123.4721184,
                48.4859506
              ],
              [
                -123.4721088,
                48.4859199
              ],
              [
                -123.4720951,
                48.4858884
              ],
              [
                -123.4720765,
                48.485855
              ],
              [
                -123.4720571,
                48.48583
              ],
              [
                -123.4720355,
                48.4858053
              ],
              [
                -123.4720022,
                48.4857751
              ],
              [
                -123.4719675,
                48.4857494
              ],
              [
                -123.4719278,
                48.4857238
              ],
              [
                -123.4718769,
                48.4856991
              ],
              [
                -123.4718375,
                48.4856834
              ],
              [
                -123.4718026,
                48.485671
              ],
              [
                -123.4717566,
                48.4856589
              ],
              [
                -123.4717013,
                48.4856467
              ],
              [
                -123.4710848,
                48.4855253
              ],
              [
                -123.4710448,
                48.4855193
              ],
              [
                -123.4709895,
                48.4855131
              ],
              [
                -123.4709292,
                48.4855087
              ],
              [
                -123.4708575,
                48.4855065
              ],
              [
                -123.4708069,
                48.4855069
              ],
              [
                -123.4707386,
                48.4855113
              ],
              [
                -123.4706713,
                48.4855184
              ],
              [
                -123.470602,
                48.485529
              ],
              [
                -123.4705283,
                48.4855443
              ],
              [
                -123.4704633,
                48.4855624
              ],
              [
                -123.470399,
                48.485582
              ],
              [
                -123.470361,
                48.4855906
              ],
              [
                -123.4703217,
                48.485597
              ],
              [
                -123.4702657,
                48.485601
              ],
              [
                -123.4702304,
                48.485601
              ],
              [
                -123.4701801,
                48.4855977
              ],
              [
                -123.4701385,
                48.4855913
              ],
              [
                -123.4700878,
                48.4855794
              ],
              [
                -123.4700408,
                48.4855632
              ],
              [
                -123.4699968,
                48.4855432
              ],
              [
                -123.4699608,
                48.4855217
              ],
              [
                -123.4699255,
                48.4854943
              ],
              [
                -123.4698925,
                48.4854621
              ],
              [
                -123.4698705,
                48.4854294
              ],
              [
                -123.4698562,
                48.485398
              ],
              [
                -123.4698466,
                48.4853671
              ],
              [
                -123.4698429,
                48.4853366
              ],
              [
                -123.4698429,
                48.4853057
              ],
              [
                -123.4698389,
                48.4852543
              ],
              [
                -123.4698289,
                48.4852085
              ],
              [
                -123.4698116,
                48.4851617
              ],
              [
                -123.4697916,
                48.4851215
              ],
              [
                -123.4697649,
                48.4850804
              ],
              [
                -123.4697393,
                48.4850473
              ],
              [
                -123.4697056,
                48.4850113
              ],
              [
                -123.4696729,
                48.4849813
              ],
              [
                -123.4696376,
                48.4849532
              ],
              [
                -123.4695856,
                48.4849174
              ],
              [
                -123.4695323,
                48.4848874
              ],
              [
                -123.4694663,
                48.484856
              ],
              [
                -123.4694127,
                48.4848355
              ],
              [
                -123.4693614,
                48.4848189
              ],
              [
                -123.468419,
                48.4845318
              ],
              [
                -123.4683161,
                48.484504
              ],
              [
                -123.4682401,
                48.4844848
              ],
              [
                -123.4681625,
                48.4844673
              ],
              [
                -123.4680605,
                48.4844466
              ],
              [
                -123.4679669,
                48.4844304
              ],
              [
                -123.4678822,
                48.484417
              ],
              [
                -123.4677613,
                48.4844017
              ],
              [
                -123.4676903,
                48.4843947
              ],
              [
                -123.467629,
                48.484388
              ],
              [
                -123.4675727,
                48.4843796
              ],
              [
                -123.467515,
                48.4843686
              ],
              [
                -123.4674537,
                48.4843538
              ],
              [
                -123.4674017,
                48.484339
              ],
              [
                -123.4673501,
                48.4843211
              ],
              [
                -123.4672828,
                48.4842942
              ],
              [
                -123.4672211,
                48.4842648
              ],
              [
                -123.4671721,
                48.4842374
              ],
              [
                -123.4671185,
                48.4842023
              ],
              [
                -123.4670582,
                48.4841579
              ],
              [
                -123.4662761,
                48.4835452
              ],
              [
                -123.4662105,
                48.4835004
              ],
              [
                -123.4661521,
                48.4834635
              ],
              [
                -123.4660948,
                48.4834317
              ],
              [
                -123.4660308,
                48.4834001
              ],
              [
                -123.4659822,
                48.483378
              ],
              [
                -123.4658929,
                48.4833424
              ],
              [
                -123.4658223,
                48.4833175
              ],
              [
                -123.4657693,
                48.4833014
              ],
              [
                -123.4656953,
                48.4832815
              ],
              [
                -123.4656343,
                48.4832671
              ],
              [
                -123.4655587,
                48.4832523
              ],
              [
                -123.4654767,
                48.483238
              ],
              [
                -123.4651441,
                48.4831801
              ],
              [
                -123.4650945,
                48.4831699
              ],
              [
                -123.4650505,
                48.4831567
              ],
              [
                -123.4650159,
                48.4831434
              ],
              [
                -123.4649652,
                48.4831174
              ],
              [
                -123.4649236,
                48.4830891
              ],
              [
                -123.4648996,
                48.4830657
              ],
              [
                -123.4648679,
                48.483029
              ],
              [
                -123.4648489,
                48.4829943
              ],
              [
                -123.4648386,
                48.4829647
              ],
              [
                -123.4648333,
                48.4829363
              ],
              [
                -123.4648326,
                48.4829047
              ],
              [
                -123.4648396,
                48.4828658
              ],
              [
                -123.4648472,
                48.4828223
              ],
              [
                -123.4648499,
                48.4827914
              ],
              [
                -123.4648456,
                48.4827487
              ],
              [
                -123.4648359,
                48.482703
              ],
              [
                -123.4648193,
                48.4826624
              ],
              [
                -123.4648013,
                48.4826273
              ],
              [
                -123.4647736,
                48.4825857
              ],
              [
                -123.464744,
                48.482553
              ],
              [
                -123.4647103,
                48.4825206
              ],
              [
                -123.464673,
                48.4824905
              ],
              [
                -123.464632,
                48.482462
              ],
              [
                -123.4645833,
                48.4824358
              ],
              [
                -123.4645407,
                48.4824152
              ],
              [
                -123.464479,
                48.482392
              ],
              [
                -123.4644274,
                48.4823766
              ],
              [
                -123.4643827,
                48.4823655
              ],
              [
                -123.4643338,
                48.4823565
              ],
              [
                -123.4642884,
                48.4823494
              ],
              [
                -123.4638213,
                48.4822858
              ],
              [
                -123.4637886,
                48.4822803
              ],
              [
                -123.463756,
                48.4822725
              ],
              [
                -123.463721,
                48.4822621
              ],
              [
                -123.4636843,
                48.4822482
              ],
              [
                -123.4636487,
                48.4822306
              ],
              [
                -123.4636177,
                48.482212
              ],
              [
                -123.463589,
                48.4821904
              ],
              [
                -123.4635557,
                48.4821599
              ],
              [
                -123.463536,
                48.4821334
              ],
              [
                -123.463515,
                48.4820972
              ],
              [
                -123.4635024,
                48.4820605
              ],
              [
                -123.4634987,
                48.4820349
              ],
              [
                -123.4634974,
                48.481863
              ],
              [
                -123.4629519,
                48.4818569
              ],
              [
                -123.4629226,
                48.4819167
              ],
              [
                -123.4629026,
                48.4819613
              ],
              [
                -123.4628836,
                48.4820092
              ],
              [
                -123.4628673,
                48.4820534
              ],
              [
                -123.4628523,
                48.4820976
              ],
              [
                -123.4628383,
                48.4821471
              ],
              [
                -123.4628196,
                48.4822253
              ],
              [
                -123.4628083,
                48.4822904
              ],
              [
                -123.4627989,
                48.4823593
              ],
              [
                -123.4627933,
                48.4824366
              ],
              [
                -123.4627923,
                48.4825122
              ],
              [
                -123.4627956,
                48.4826319
              ],
              [
                -123.4627899,
                48.4827185
              ],
              [
                -123.4627796,
                48.4827945
              ],
              [
                -123.4627676,
                48.4828541
              ],
              [
                -123.4627536,
                48.4829128
              ],
              [
                -123.4627393,
                48.4829601
              ],
              [
                -123.4627216,
                48.4830116
              ],
              [
                -123.4627026,
                48.4830597
              ],
              [
                -123.4626843,
                48.4831019
              ],
              [
                -123.4626603,
                48.4831509
              ],
              [
                -123.4625787,
                48.4833036
              ],
              [
                -123.4625244,
                48.4834063
              ],
              [
                -123.4624591,
                48.4835262
              ],
              [
                -123.4623894,
                48.4836559
              ],
              [
                -123.4623251,
                48.4837756
              ],
              [
                -123.4623048,
                48.4838169
              ],
              [
                -123.4622928,
                48.4838471
              ],
              [
                -123.4622818,
                48.4838849
              ],
              [
                -123.4622735,
                48.4839238
              ],
              [
                -123.4622698,
                48.48396
              ],
              [
                -123.4622688,
                48.4840009
              ],
              [
                -123.4622721,
                48.4840439
              ],
              [
                -123.4622791,
                48.4840843
              ],
              [
                -123.4622885,
                48.4841197
              ],
              [
                -123.4623004,
                48.4841528
              ],
              [
                -123.4623168,
                48.4841877
              ],
              [
                -123.4623378,
                48.4842266
              ],
              [
                -123.4623631,
                48.4842641
              ],
              [
                -123.4623881,
                48.4842962
              ],
              [
                -123.4624231,
                48.4843352
              ],
              [
                -123.4624607,
                48.484371
              ],
              [
                -123.46249,
                48.4844019
              ],
              [
                -123.4625114,
                48.4844293
              ],
              [
                -123.4625317,
                48.4844596
              ],
              [
                -123.462549,
                48.4844927
              ],
              [
                -123.4625644,
                48.4845329
              ],
              [
                -123.4625734,
                48.4845711
              ],
              [
                -123.4625777,
                48.484618
              ],
              [
                -123.4625754,
                48.4846639
              ],
              [
                -123.462564,
                48.4847366
              ],
              [
                -123.4625354,
                48.4849322
              ],
              [
                -123.4625037,
                48.4851429
              ],
              [
                -123.4624774,
                48.4853241
              ],
              [
                -123.4624714,
                48.4854071
              ],
              [
                -123.4624697,
                48.4854859
              ],
              [
                -123.4624787,
                48.4856081
              ],
              [
                -123.4624884,
                48.4856768
              ],
              [
                -123.4624987,
                48.4857322
              ],
              [
                -123.4625127,
                48.4857876
              ],
              [
                -123.4625314,
                48.485853
              ],
              [
                -123.4625554,
                48.4859213
              ],
              [
                -123.462579,
                48.4859809
              ],
              [
                -123.4626013,
                48.4860301
              ],
              [
                -123.462627,
                48.4860816
              ],
              [
                -123.4626507,
                48.4861242
              ],
              [
                -123.4626773,
                48.4861702
              ],
              [
                -123.462707,
                48.4862163
              ],
              [
                -123.4627383,
                48.4862581
              ],
              [
                -123.4627743,
                48.4862998
              ],
              [
                -123.4628049,
                48.486331
              ],
              [
                -123.4628463,
                48.4863689
              ],
              [
                -123.4628882,
                48.4864041
              ],
              [
                -123.4629572,
                48.4864533
              ],
              [
                -123.4630679,
                48.4865193
              ],
              [
                -123.4631112,
                48.4865481
              ],
              [
                -123.4631672,
                48.4865911
              ],
              [
                -123.4632128,
                48.4866322
              ],
              [
                -123.4632768,
                48.4866929
              ],
              [
                -123.463721,
                48.487109
              ],
              [
                -123.4638979,
                48.4872745
              ],
              [
                -123.4640472,
                48.4874149
              ],
              [
                -123.4632774,
                48.4871983
              ],
              [
                -123.4629602,
                48.4877011
              ],
              [
                -123.4643493,
                48.4880898
              ],
              [
                -123.463994,
                48.4884487
              ],
              [
                -123.4636016,
                48.4889988
              ],
              [
                -123.4563139,
                48.4889053
              ],
              [
                -123.4563066,
                48.4898108
              ],
              [
                -123.4542567,
                48.4897805
              ],
              [
                -123.4532395,
                48.4897655
              ],
              [
                -123.4534074,
                48.4744411
              ],
              [
                -123.4564424,
                48.4744563
              ],
              [
                -123.4571359,
                48.4744641
              ],
              [
                -123.459157,
                48.4744869
              ],
              [
                -123.4589926,
                48.4740345
              ],
              [
                -123.457087,
                48.4728687
              ],
              [
                -123.4564288,
                48.4719683
              ],
              [
                -123.454349,
                48.4702139
              ],
              [
                -123.4541447,
                48.469857
              ],
              [
                -123.453817,
                48.469394
              ],
              [
                -123.453619,
                48.4689698
              ],
              [
                -123.4535993,
                48.4687128
              ],
              [
                -123.4535817,
                48.4682152
              ],
              [
                -123.4541726,
                48.4675027
              ],
              [
                -123.4542524,
                48.4671934
              ],
              [
                -123.4541638,
                48.466889
              ],
              [
                -123.4544042,
                48.466887
              ],
              [
                -123.4544405,
                48.4668867
              ],
              [
                -123.4544046,
                48.466694
              ],
              [
                -123.4543583,
                48.4662131
              ],
              [
                -123.4542935,
                48.4661358
              ],
              [
                -123.4539574,
                48.4660036
              ],
              [
                -123.4538888,
                48.4659281
              ],
              [
                -123.453872,
                48.4658181
              ],
              [
                -123.4534707,
                48.4657808
              ],
              [
                -123.4534771,
                48.4657561
              ],
              [
                -123.4522865,
                48.4656327
              ],
              [
                -123.4523,
                48.4655718
              ],
              [
                -123.4538079,
                48.4657248
              ],
              [
                -123.4536743,
                48.4654355
              ],
              [
                -123.4536598,
                48.465269
              ],
              [
                -123.4537215,
                48.4651233
              ],
              [
                -123.453723,
                48.4648163
              ],
              [
                -123.4537596,
                48.464717
              ],
              [
                -123.4538727,
                48.4646521
              ],
              [
                -123.4542658,
                48.4647008
              ],
              [
                -123.4541952,
                48.4649205
              ],
              [
                -123.4545785,
                48.4650237
              ],
              [
                -123.4545516,
                48.4650748
              ],
              [
                -123.4541008,
                48.4649555
              ],
              [
                -123.4540053,
                48.465319
              ],
              [
                -123.4541715,
                48.4657125
              ],
              [
                -123.4543162,
                48.4658356
              ],
              [
                -123.4544531,
                48.4659027
              ],
              [
                -123.4547316,
                48.4660026
              ],
              [
                -123.4548353,
                48.4661104
              ],
              [
                -123.4548731,
                48.4662088
              ],
              [
                -123.4548765,
                48.4666929
              ],
              [
                -123.4552554,
                48.4666417
              ],
              [
                -123.4552697,
                48.4666823
              ],
              [
                -123.4551449,
                48.466702
              ],
              [
                -123.4549077,
                48.4668855
              ],
              [
                -123.4549138,
                48.4669997
              ],
              [
                -123.4598032,
                48.4681828
              ],
              [
                -123.4596613,
                48.4676016
              ],
              [
                -123.4594163,
                48.4671814
              ],
              [
                -123.4593167,
                48.4667462
              ],
              [
                -123.4592101,
                48.4666036
              ],
              [
                -123.4589921,
                48.4663911
              ],
              [
                -123.4587009,
                48.4661547
              ],
              [
                -123.4577686,
                48.4655222
              ],
              [
                -123.4572106,
                48.465181
              ],
              [
                -123.4570651,
                48.4650268
              ],
              [
                -123.4569608,
                48.4648722
              ],
              [
                -123.4568878,
                48.4647155
              ],
              [
                -123.4568521,
                48.4645459
              ],
              [
                -123.4568838,
                48.4643607
              ],
              [
                -123.4568774,
                48.4633322
              ],
              [
                -123.4567098,
                48.4624544
              ],
              [
                -123.4577325,
                48.461777
              ],
              [
                -123.4580043,
                48.4618135
              ],
              [
                -123.4580789,
                48.4617327
              ],
              [
                -123.4592955,
                48.4619501
              ],
              [
                -123.4600004,
                48.4620288
              ],
              [
                -123.4607067,
                48.4620528
              ],
              [
                -123.4607953,
                48.4621499
              ],
              [
                -123.4617117,
                48.462133
              ],
              [
                -123.4643217,
                48.4619325
              ],
              [
                -123.4643489,
                48.4618651
              ],
              [
                -123.4645297,
                48.461826
              ],
              [
                -123.4654585,
                48.4617569
              ],
              [
                -123.4656914,
                48.4618352
              ],
              [
                -123.4657999,
                48.4621842
              ],
              [
                -123.4659428,
                48.462325
              ],
              [
                -123.4659941,
                48.4626735
              ],
              [
                -123.4660299,
                48.4627567
              ],
              [
                -123.4665538,
                48.4627201
              ],
              [
                -123.4668624,
                48.4626513
              ],
              [
                -123.4677826,
                48.4623425
              ],
              [
                -123.4690299,
                48.4641627
              ],
              [
                -123.470344,
                48.4637601
              ],
              [
                -123.4721668,
                48.4628747
              ],
              [
                -123.4725049,
                48.4630253
              ],
              [
                -123.4740617,
                48.4640244
              ],
              [
                -123.4753446,
                48.464614
              ],
              [
                -123.4754052,
                48.4646707
              ],
              [
                -123.4754861,
                48.4646668
              ],
              [
                -123.4759061,
                48.4648929
              ],
              [
                -123.4766839,
                48.4651017
              ],
              [
                -123.4771033,
                48.4652147
              ],
              [
                -123.477267,
                48.4652667
              ],
              [
                -123.4787261,
                48.4653579
              ],
              [
                -123.4789839,
                48.4653682
              ],
              [
                -123.4791572,
                48.4653708
              ],
              [
                -123.4793309,
                48.4653705
              ],
              [
                -123.4795063,
                48.4653674
              ],
              [
                -123.4796762,
                48.4653614
              ],
              [
                -123.4798546,
                48.465353
              ],
              [
                -123.4800202,
                48.4653414
              ],
              [
                -123.4801919,
                48.4653272
              ],
              [
                -123.4803643,
                48.4653101
              ],
              [
                -123.4804963,
                48.4652947
              ],
              [
                -123.4806271,
                48.4652778
              ],
              [
                -123.4807565,
                48.4652592
              ],
              [
                -123.480888,
                48.4652383
              ],
              [
                -123.4810502,
                48.4652107
              ],
              [
                -123.4812038,
                48.4651809
              ],
              [
                -123.4813593,
                48.4651489
              ],
              [
                -123.4815195,
                48.4651123
              ],
              [
                -123.4816597,
                48.4650773
              ],
              [
                -123.4818026,
                48.46504
              ],
              [
                -123.4819675,
                48.4649919
              ],
              [
                -123.4821286,
                48.4649422
              ],
              [
                -123.4822673,
                48.4648964
              ],
              [
                -123.4824081,
                48.4648474
              ],
              [
                -123.4825341,
                48.4647994
              ],
              [
                -123.4826669,
                48.4647475
              ],
              [
                -123.4832398,
                48.4646615
              ],
              [
                -123.4834172,
                48.4643649
              ],
              [
                -123.4834516,
                48.4643996
              ],
              [
                -123.4836555,
                48.4645957
              ],
              [
                -123.4842775,
                48.4651978
              ]
            ]
          ],
          [
            [
              [
                -123.4673047,
                48.4622919
              ],
              [
                -123.4665789,
                48.4625316
              ],
              [
                -123.4665038,
                48.4625482
              ],
              [
                -123.466465,
                48.4625527
              ],
              [
                -123.4663071,
                48.4621681
              ],
              [
                -123.467061,
                48.4619189
              ],
              [
                -123.4672888,
                48.462223
              ],
              [
                -123.4673017,
                48.4622471
              ],
              [
                -123.4673047,
                48.4622919
              ]
            ]
          ],
          [
            [
              [
                -123.4903045,
                48.516971
              ],
              [
                -123.490296,
                48.5156343
              ],
              [
                -123.4905066,
                48.5161002
              ],
              [
                -123.4906315,
                48.5162527
              ],
              [
                -123.4908457,
                48.5164619
              ],
              [
                -123.4908903,
                48.5165624
              ],
              [
                -123.4908923,
                48.5167483
              ],
              [
                -123.4907426,
                48.5168387
              ],
              [
                -123.4903045,
                48.516971
              ]
            ]
          ],
          [
            [
              [
                -123.4665145,
                48.4840073
              ],
              [
                -123.4663431,
                48.4838725
              ],
              [
                -123.4662204,
                48.4837769
              ],
              [
                -123.4660902,
                48.4836755
              ],
              [
                -123.4660352,
                48.4836355
              ],
              [
                -123.4659892,
                48.4836062
              ],
              [
                -123.4659469,
                48.4835819
              ],
              [
                -123.4658916,
                48.4835532
              ],
              [
                -123.4658519,
                48.4835348
              ],
              [
                -123.4658079,
                48.483516
              ],
              [
                -123.4657369,
                48.4834889
              ],
              [
                -123.4656753,
                48.4834688
              ],
              [
                -123.465618,
                48.4834524
              ],
              [
                -123.4655457,
                48.4834356
              ],
              [
                -123.465471,
                48.4834208
              ],
              [
                -123.4650572,
                48.4833493
              ],
              [
                -123.4650039,
                48.4833376
              ],
              [
                -123.4649579,
                48.4833252
              ],
              [
                -123.4649152,
                48.4833111
              ],
              [
                -123.4648676,
                48.4832919
              ],
              [
                -123.4648253,
                48.483272
              ],
              [
                -123.4647786,
                48.4832455
              ],
              [
                -123.4647393,
                48.4832194
              ],
              [
                -123.4647016,
                48.4831887
              ],
              [
                -123.4646736,
                48.4831622
              ],
              [
                -123.4646383,
                48.483122
              ],
              [
                -123.4646087,
                48.4830776
              ],
              [
                -123.4645933,
                48.483048
              ],
              [
                -123.4645777,
                48.4830076
              ],
              [
                -123.4645663,
                48.4829539
              ],
              [
                -123.4645633,
                48.4829188
              ],
              [
                -123.4645683,
                48.4828658
              ],
              [
                -123.4645783,
                48.4828216
              ],
              [
                -123.4645807,
                48.4827898
              ],
              [
                -123.4645757,
                48.4827527
              ],
              [
                -123.4645627,
                48.4827174
              ],
              [
                -123.464544,
                48.4826829
              ],
              [
                -123.46452,
                48.482654
              ],
              [
                -123.4644934,
                48.4826277
              ],
              [
                -123.4644617,
                48.4826045
              ],
              [
                -123.4644217,
                48.4825802
              ],
              [
                -123.4643787,
                48.4825603
              ],
              [
                -123.4643298,
                48.4825442
              ],
              [
                -123.4642848,
                48.4825338
              ],
              [
                -123.4642398,
                48.4825265
              ],
              [
                -123.4637603,
                48.4824609
              ],
              [
                -123.4637026,
                48.4824506
              ],
              [
                -123.4636663,
                48.4824424
              ],
              [
                -123.4636297,
                48.4824327
              ],
              [
                -123.463591,
                48.4824199
              ],
              [
                -123.4635424,
                48.4824011
              ],
              [
                -123.4634994,
                48.4823812
              ],
              [
                -123.4634617,
                48.4823613
              ],
              [
                -123.4634187,
                48.482333
              ],
              [
                -123.4633864,
                48.4823101
              ],
              [
                -123.4633538,
                48.4822827
              ],
              [
                -123.4633211,
                48.4822491
              ],
              [
                -123.4632904,
                48.4822094
              ],
              [
                -123.4632651,
                48.4821674
              ],
              [
                -123.4632485,
                48.482129
              ],
              [
                -123.4632388,
                48.482115
              ],
              [
                -123.4632291,
                48.482108
              ],
              [
                -123.4632138,
                48.4821007
              ],
              [
                -123.4631985,
                48.4820967
              ],
              [
                -123.4631791,
                48.4820965
              ],
              [
                -123.4631632,
                48.482098
              ],
              [
                -123.4631475,
                48.4821036
              ],
              [
                -123.4631365,
                48.48211
              ],
              [
                -123.4631275,
                48.4821184
              ],
              [
                -123.4631202,
                48.4821307
              ],
              [
                -123.4630985,
                48.4822074
              ],
              [
                -123.4630825,
                48.482284
              ],
              [
                -123.4630729,
                48.4823439
              ],
              [
                -123.4630649,
                48.4824216
              ],
              [
                -123.4630622,
                48.4825009
              ],
              [
                -123.4630655,
                48.4826049
              ],
              [
                -123.4630625,
                48.4827061
              ],
              [
                -123.4630552,
                48.482775
              ],
              [
                -123.4630442,
                48.4828377
              ],
              [
                -123.4630339,
                48.4828881
              ],
              [
                -123.4630175,
                48.4829539
              ],
              [
                -123.4629992,
                48.4830111
              ],
              [
                -123.4629825,
                48.4830582
              ],
              [
                -123.4629566,
                48.483124
              ],
              [
                -123.4629299,
                48.4831823
              ],
              [
                -123.4628942,
                48.4832521
              ],
              [
                -123.46276,
                48.4835021
              ],
              [
                -123.4626597,
                48.4836874
              ],
              [
                -123.4625697,
                48.4838564
              ],
              [
                -123.462557,
                48.4838882
              ],
              [
                -123.4625464,
                48.4839255
              ],
              [
                -123.4625414,
                48.4839534
              ],
              [
                -123.4625387,
                48.4839931
              ],
              [
                -123.4625417,
                48.4840333
              ],
              [
                -123.462549,
                48.4840682
              ],
              [
                -123.4625607,
                48.4841049
              ],
              [
                -123.4625824,
                48.4841482
              ],
              [
                -123.4626007,
                48.484178
              ],
              [
                -123.462624,
                48.4842078
              ],
              [
                -123.462648,
                48.4842352
              ],
              [
                -123.462698,
                48.4842833
              ],
              [
                -123.4627253,
                48.4843129
              ],
              [
                -123.4627483,
                48.4843423
              ],
              [
                -123.4627713,
                48.4843754
              ],
              [
                -123.4627873,
                48.4844019
              ],
              [
                -123.4628026,
                48.4844307
              ],
              [
                -123.4628196,
                48.4844709
              ],
              [
                -123.4628313,
                48.484504
              ],
              [
                -123.4628389,
                48.4845358
              ],
              [
                -123.4628463,
                48.4845797
              ],
              [
                -123.4628483,
                48.4846246
              ],
              [
                -123.4628449,
                48.4846802
              ],
              [
                -123.4628323,
                48.484765
              ],
              [
                -123.4629975,
                48.4847553
              ],
              [
                -123.4631998,
                48.4845923
              ],
              [
                -123.4643987,
                48.4846577
              ],
              [
                -123.4649129,
                48.4849422
              ],
              [
                -123.4652828,
                48.485055
              ],
              [
                -123.4665157,
                48.4841343
              ],
              [
                -123.4665145,
                48.4840073
              ]
            ]
          ]
        ]
      }
    },
    {
      "type": "Feature",
      "properties": {
        "osm_id": "relation/1796568",
        "name": "Mount Work Regional Park",
        "leisure": "park",
        "boundary": null,
        "operator": null,
        "protection_title": null,
        "source": "OpenStreetMap",
        "source_url": "https://www.openstreetmap.org/relation/1796568"
      },
      "geometry": {
        "type": "MultiPolygon",
        "coordinates": [
          [
            [
              [
                -123.458316,
                48.5151682
              ],
              [
                -123.4581339,
                48.5226151
              ],
              [
                -123.4514077,
                48.5227101
              ],
              [
                -123.4514142,
                48.5218069
              ],
              [
                -123.4498581,
                48.5218348
              ],
              [
                -123.4497745,
                48.5254166
              ],
              [
                -123.4529337,
                48.5253883
              ],
              [
                -123.4528537,
                48.5301791
              ],
              [
                -123.4579872,
                48.5301089
              ],
              [
                -123.4579964,
                48.5308674
              ],
              [
                -123.4638692,
                48.5309159
              ],
              [
                -123.4737459,
                48.536825
              ],
              [
                -123.4736494,
                48.544073
              ],
              [
                -123.4739892,
                48.5441338
              ],
              [
                -123.4714585,
                48.5441266
              ],
              [
                -123.4695446,
                48.5438261
              ],
              [
                -123.4692741,
                48.5438185
              ],
              [
                -123.4686048,
                48.5435712
              ],
              [
                -123.468096,
                48.5434042
              ],
              [
                -123.467555,
                48.543207
              ],
              [
                -123.467082,
                48.5430147
              ],
              [
                -123.467008,
                48.5442324
              ],
              [
                -123.4670242,
                48.5461171
              ],
              [
                -123.4709242,
                48.5474357
              ],
              [
                -123.4751032,
                48.5488471
              ],
              [
                -123.4725894,
                48.5513702
              ],
              [
                -123.4772418,
                48.5513699
              ],
              [
                -123.4803402,
                48.5513427
              ],
              [
                -123.4803346,
                48.5493704
              ],
              [
                -123.4808469,
                48.5494387
              ],
              [
                -123.4815013,
                48.5496678
              ],
              [
                -123.4819447,
                48.5496178
              ],
              [
                -123.4830341,
                48.5495747
              ],
              [
                -123.4835709,
                48.5495215
              ],
              [
                -123.4839567,
                48.5493967
              ],
              [
                -123.4831765,
                48.5490493
              ],
              [
                -123.4830642,
                48.5489295
              ],
              [
                -123.4811457,
                48.5480251
              ],
              [
                -123.4808981,
                48.5479447
              ],
              [
                -123.4807193,
                48.5479007
              ],
              [
                -123.4806185,
                48.5478294
              ],
              [
                -123.4804442,
                48.5476807
              ],
              [
                -123.480238,
                48.5475304
              ],
              [
                -123.4798987,
                48.5473165
              ],
              [
                -123.4796305,
                48.5471253
              ],
              [
                -123.4793119,
                48.546881
              ],
              [
                -123.4790231,
                48.5466564
              ],
              [
                -123.4786976,
                48.546406
              ],
              [
                -123.4785876,
                48.5463483
              ],
              [
                -123.4784615,
                48.5462725
              ],
              [
                -123.4782896,
                48.546104
              ],
              [
                -123.4781429,
                48.5459781
              ],
              [
                -123.4779228,
                48.5458187
              ],
              [
                -123.4779183,
                48.5454834
              ],
              [
                -123.4781956,
                48.5456761
              ],
              [
                -123.4785876,
                48.545969
              ],
              [
                -123.4790575,
                48.5463301
              ],
              [
                -123.4797543,
                48.5468719
              ],
              [
                -123.4799148,
                48.5469751
              ],
              [
                -123.4807285,
                48.5473939
              ],
              [
                -123.4809586,
                48.5476272
              ],
              [
                -123.4839927,
                48.5490359
              ],
              [
                -123.4858063,
                48.5495238
              ],
              [
                -123.4863151,
                48.5495405
              ],
              [
                -123.4864756,
                48.5496118
              ],
              [
                -123.4878636,
                48.5496633
              ],
              [
                -123.4884552,
                48.5498157
              ],
              [
                -123.4885621,
                48.5501215
              ],
              [
                -123.4887453,
                48.5501676
              ],
              [
                -123.4889298,
                48.5502131
              ],
              [
                -123.4893953,
                48.5502164
              ],
              [
                -123.4895561,
                48.5501979
              ],
              [
                -123.4897051,
                48.5501531
              ],
              [
                -123.4900535,
                48.5500348
              ],
              [
                -123.4902529,
                48.5499695
              ],
              [
                -123.4904088,
                48.5499119
              ],
              [
                -123.4905211,
                48.549836
              ],
              [
                -123.490732,
                48.5496206
              ],
              [
                -123.4910414,
                48.5493095
              ],
              [
                -123.4914219,
                48.5489362
              ],
              [
                -123.4918551,
                48.5485629
              ],
              [
                -123.4919285,
                48.5484871
              ],
              [
                -123.4919285,
                48.54839
              ],
              [
                -123.4918528,
                48.5482928
              ],
              [
                -123.4918139,
                48.5482155
              ],
              [
                -123.4918116,
                48.5480925
              ],
              [
                -123.491846,
                48.5480076
              ],
              [
                -123.4921462,
                48.5476677
              ],
              [
                -123.4922998,
                48.5475872
              ],
              [
                -123.4924351,
                48.5475554
              ],
              [
                -123.4928431,
                48.5475432
              ],
              [
                -123.4929691,
                48.5475281
              ],
              [
                -123.4930402,
                48.5474901
              ],
              [
                -123.4930494,
                48.5474234
              ],
              [
                -123.4930333,
                48.5473596
              ],
              [
                -123.4925267,
                48.5467542
              ],
              [
                -123.4924992,
                48.5466662
              ],
              [
                -123.4925267,
                48.5465599
              ],
              [
                -123.4926436,
                48.5464628
              ],
              [
                -123.4928706,
                48.5463839
              ],
              [
                -123.4930769,
                48.5463596
              ],
              [
                -123.4933634,
                48.5463536
              ],
              [
                -123.4936568,
                48.5463172
              ],
              [
                -123.4938975,
                48.546258
              ],
              [
                -123.4940854,
                48.546217
              ],
              [
                -123.4942871,
                48.5461411
              ],
              [
                -123.4944407,
                48.5460349
              ],
              [
                -123.4945576,
                48.5458103
              ],
              [
                -123.4946745,
                48.545475
              ],
              [
                -123.4948946,
                48.544918
              ],
              [
                -123.4949106,
                48.5448346
              ],
              [
                -123.4948762,
                48.5446737
              ],
              [
                -123.4947541,
                48.5443342
              ],
              [
                -123.494712,
                48.5440852
              ],
              [
                -123.4896229,
                48.5442084
              ],
              [
                -123.4896713,
                48.543214
              ],
              [
                -123.4887577,
                48.5430319
              ],
              [
                -123.488757,
                48.5407751
              ],
              [
                -123.4887457,
                48.537832
              ],
              [
                -123.4887691,
                48.5371433
              ],
              [
                -123.4931822,
                48.5393673
              ],
              [
                -123.4957537,
                48.5394591
              ],
              [
                -123.4961061,
                48.5395089
              ],
              [
                -123.4968567,
                48.5383486
              ],
              [
                -123.4957375,
                48.5382005
              ],
              [
                -123.4951519,
                48.5379946
              ],
              [
                -123.4960308,
                48.5369258
              ],
              [
                -123.4979101,
                48.5369301
              ],
              [
                -123.4980537,
                48.5367498
              ],
              [
                -123.4951646,
                48.5367531
              ],
              [
                -123.4951646,
                48.5365667
              ],
              [
                -123.4951644,
                48.536193
              ],
              [
                -123.4951596,
                48.5223818
              ],
              [
                -123.4951001,
                48.520047
              ],
              [
                -123.4950404,
                48.5184795
              ],
              [
                -123.4935971,
                48.5184953
              ],
              [
                -123.4935613,
                48.5170904
              ],
              [
                -123.4934609,
                48.5171026
              ],
              [
                -123.4934059,
                48.5171093
              ],
              [
                -123.4933522,
                48.5171132
              ],
              [
                -123.4932888,
                48.5171148
              ],
              [
                -123.4933237,
                48.5184439
              ],
              [
                -123.4927306,
                48.5189816
              ],
              [
                -123.4927588,
                48.5200745
              ],
              [
                -123.4899397,
                48.5201066
              ],
              [
                -123.489921,
                48.5202142
              ],
              [
                -123.4897922,
                48.5202721
              ],
              [
                -123.4894647,
                48.5201113
              ],
              [
                -123.4893622,
                48.5200552
              ],
              [
                -123.4892332,
                48.5199714
              ],
              [
                -123.4889633,
                48.5195094
              ],
              [
                -123.4889275,
                48.5194003
              ],
              [
                -123.4890254,
                48.5188244
              ],
              [
                -123.4886887,
                48.5184495
              ],
              [
                -123.4887508,
                48.5181774
              ],
              [
                -123.4883713,
                48.5171429
              ],
              [
                -123.487291,
                48.5170604
              ],
              [
                -123.4869057,
                48.5192307
              ],
              [
                -123.4867925,
                48.5193323
              ],
              [
                -123.4866161,
                48.5194564
              ],
              [
                -123.4866504,
                48.5195357
              ],
              [
                -123.4867237,
                48.5196025
              ],
              [
                -123.4867352,
                48.5196952
              ],
              [
                -123.4868177,
                48.5198455
              ],
              [
                -123.4868552,
                48.5200253
              ],
              [
                -123.4869621,
                48.5202402
              ],
              [
                -123.4869704,
                48.520291
              ],
              [
                -123.4870022,
                48.5204831
              ],
              [
                -123.4869885,
                48.520663
              ],
              [
                -123.4868383,
                48.5207837
              ],
              [
                -123.4866939,
                48.5208672
              ],
              [
                -123.4864487,
                48.5209189
              ],
              [
                -123.4861649,
                48.5209541
              ],
              [
                -123.4854539,
                48.5209568
              ],
              [
                -123.4852454,
                48.5209378
              ],
              [
                -123.4850894,
                48.5208915
              ],
              [
                -123.4850066,
                48.5208007
              ],
              [
                -123.4840133,
                48.5208966
              ],
              [
                -123.4840488,
                48.5223305
              ],
              [
                -123.4740439,
                48.5222938
              ],
              [
                -123.4660864,
                48.5223525
              ],
              [
                -123.4662631,
                48.5151572
              ],
              [
                -123.458316,
                48.5151682
              ]
            ]
          ],
          [
            [
              [
                -123.4894797,
                48.5198591
              ],
              [
                -123.4894392,
                48.5174413
              ],
              [
                -123.4891081,
                48.5171756
              ],
              [
                -123.4886736,
                48.517166
              ],
              [
                -123.4890183,
                48.5181837
              ],
              [
                -123.4889744,
                48.5183968
              ],
              [
                -123.4893182,
                48.5187956
              ],
              [
                -123.4892091,
                48.5193847
              ],
              [
                -123.4894797,
                48.5198591
              ]
            ]
          ],
          [
            [
              [
                -123.5000869,
                48.5439621
              ],
              [
                -123.4996198,
                48.5513928
              ],
              [
                -123.4941887,
                48.551357
              ],
              [
                -123.4890525,
                48.5513413
              ],
              [
                -123.4892119,
                48.550943
              ],
              [
                -123.4891303,
                48.5504844
              ],
              [
                -123.4891167,
                48.5504348
              ],
              [
                -123.4891442,
                48.5503887
              ],
              [
                -123.4891993,
                48.55035
              ],
              [
                -123.4893987,
                48.5503533
              ],
              [
                -123.4895365,
                48.5503715
              ],
              [
                -123.4896532,
                48.5503672
              ],
              [
                -123.4899595,
                48.55032
              ],
              [
                -123.4900827,
                48.5502835
              ],
              [
                -123.4901313,
                48.5502524
              ],
              [
                -123.4901524,
                48.5501902
              ],
              [
                -123.4901978,
                48.5501558
              ],
              [
                -123.4904409,
                48.5500882
              ],
              [
                -123.4905706,
                48.5500367
              ],
              [
                -123.490697,
                48.5499767
              ],
              [
                -123.490851,
                48.5498511
              ],
              [
                -123.4909823,
                48.5497288
              ],
              [
                -123.49112,
                48.5495807
              ],
              [
                -123.4913097,
                48.5493758
              ],
              [
                -123.4914798,
                48.5491977
              ],
              [
                -123.491582,
                48.5491011
              ],
              [
                -123.4916889,
                48.5490089
              ],
              [
                -123.4917602,
                48.5489509
              ],
              [
                -123.4918672,
                48.548908
              ],
              [
                -123.4919774,
                48.5488361
              ],
              [
                -123.4920682,
                48.548761
              ],
              [
                -123.492112,
                48.5487041
              ],
              [
                -123.4921671,
                48.5486419
              ],
              [
                -123.4922011,
                48.5485614
              ],
              [
                -123.4922481,
                48.5484842
              ],
              [
                -123.4923194,
                48.548422
              ],
              [
                -123.4924345,
                48.5483275
              ],
              [
                -123.4926403,
                48.5481537
              ],
              [
                -123.4927895,
                48.5480271
              ],
              [
                -123.4929434,
                48.5478962
              ],
              [
                -123.4931444,
                48.5477374
              ],
              [
                -123.4947547,
                48.5485365
              ],
              [
                -123.4976585,
                48.5462554
              ],
              [
                -123.4974631,
                48.5461631
              ],
              [
                -123.4973432,
                48.5460944
              ],
              [
                -123.4972443,
                48.5460418
              ],
              [
                -123.4971049,
                48.5460182
              ],
              [
                -123.4969752,
                48.5459399
              ],
              [
                -123.4968877,
                48.5459034
              ],
              [
                -123.496831,
                48.5458616
              ],
              [
                -123.4967062,
                48.5458261
              ],
              [
                -123.49657,
                48.5457703
              ],
              [
                -123.4964906,
                48.5456963
              ],
              [
                -123.4964079,
                48.5456019
              ],
              [
                -123.4963674,
                48.545545
              ],
              [
                -123.4948963,
                48.5457751
              ],
              [
                -123.4948986,
                48.5456734
              ],
              [
                -123.4949238,
                48.545549
              ],
              [
                -123.4949582,
                48.545338
              ],
              [
                -123.494988,
                48.5451635
              ],
              [
                -123.4950464,
                48.5448676
              ],
              [
                -123.4950385,
                48.5447002
              ],
              [
                -123.4949639,
                48.5443869
              ],
              [
                -123.4949072,
                48.5440914
              ],
              [
                -123.4958182,
                48.5441189
              ],
              [
                -123.4959185,
                48.5438986
              ],
              [
                -123.4959964,
                48.5437939
              ],
              [
                -123.4960594,
                48.5437491
              ],
              [
                -123.4961282,
                48.54374
              ],
              [
                -123.4962141,
                48.5437483
              ],
              [
                -123.4963288,
                48.5438022
              ],
              [
                -123.4964399,
                48.5438386
              ],
              [
                -123.4965866,
                48.5438758
              ],
              [
                -123.4967138,
                48.5439259
              ],
              [
                -123.4968314,
                48.5440268
              ],
              [
                -123.5000869,
                48.5439621
              ]
            ]
          ]
        ]
      }
    },
    {
      "type": "Feature",
      "properties": {
        "osm_id": "relation/1799859",
        "name": "Matheson Lake Regional Park",
        "leisure": "park",
        "boundary": null,
        "operator": "Central Regional District",
        "protection_title": null,
        "source": "OpenStreetMap",
        "source_url": "https://www.openstreetmap.org/relation/1799859"
      },
      "geometry": {
        "type": "Polygon",
        "coordinates": [
          [
            [
              -123.6025147,
              48.3606204
            ],
            [
              -123.5917535,
              48.3566823
            ],
            [
              -123.5915911,
              48.3565851
            ],
            [
              -123.5912865,
              48.3564032
            ],
            [
              -123.5910793,
              48.3562795
            ],
            [
              -123.5908612,
              48.3561491
            ],
            [
              -123.5907321,
              48.3563083
            ],
            [
              -123.5907085,
              48.3563332
            ],
            [
              -123.5906752,
              48.3563707
            ],
            [
              -123.5887597,
              48.3585261
            ],
            [
              -123.5885706,
              48.3587389
            ],
            [
              -123.5879755,
              48.3594074
            ],
            [
              -123.5852522,
              48.3624116
            ],
            [
              -123.5857583,
              48.3626071
            ],
            [
              -123.5905012,
              48.364438
            ],
            [
              -123.592058,
              48.3650388
            ],
            [
              -123.594163,
              48.3658512
            ],
            [
              -123.5945436,
              48.3659983
            ],
            [
              -123.5967995,
              48.3670036
            ],
            [
              -123.5994318,
              48.3679834
            ],
            [
              -123.5998752,
              48.368148
            ],
            [
              -123.6000886,
              48.3682272
            ],
            [
              -123.6001015,
              48.3682319
            ],
            [
              -123.6013771,
              48.3687054
            ],
            [
              -123.6041693,
              48.3697416
            ],
            [
              -123.6085957,
              48.3713839
            ],
            [
              -123.6088915,
              48.371491
            ],
            [
              -123.612777,
              48.3670581
            ],
            [
              -123.6128096,
              48.3670209
            ],
            [
              -123.6130311,
              48.366767
            ],
            [
              -123.6137902,
              48.3658988
            ],
            [
              -123.6138323,
              48.3658507
            ],
            [
              -123.6138357,
              48.3658468
            ],
            [
              -123.6138761,
              48.3658006
            ],
            [
              -123.6144171,
              48.3651819
            ],
            [
              -123.6025147,
              48.3606204
            ]
          ]
        ]
      }
    },
    {
      "type": "Feature",
      "properties": {
        "osm_id": "relation/1799860",
        "name": "Roche Cove Regional Park",
        "leisure": "park",
        "boundary": null,
        "operator": "CRD Parks",
        "protection_title": null,
        "source": "OpenStreetMap",
        "source_url": "https://www.openstreetmap.org/relation/1799860"
      },
      "geometry": {
        "type": "Polygon",
        "coordinates": [
          [
            [
              -123.6025147,
              48.3606204
            ],
            [
              -123.6040823,
              48.3587452
            ],
            [
              -123.6070024,
              48.3604551
            ],
            [
              -123.6092334,
              48.3612984
            ],
            [
              -123.6172171,
              48.358863
            ],
            [
              -123.617031,
              48.3661544
            ],
            [
              -123.627006,
              48.3698958
            ],
            [
              -123.6271123,
              48.3700057
            ],
            [
              -123.6269336,
              48.3699787
            ],
            [
              -123.62684,
              48.3699702
            ],
            [
              -123.6267584,
              48.3699887
            ],
            [
              -123.6266926,
              48.3700428
            ],
            [
              -123.6266259,
              48.3701425
            ],
            [
              -123.6265755,
              48.3703761
            ],
            [
              -123.6264804,
              48.3704031
            ],
            [
              -123.6263724,
              48.3704045
            ],
            [
              -123.6261947,
              48.3702607
            ],
            [
              -123.6261138,
              48.3702265
            ],
            [
              -123.6255592,
              48.3701923
            ],
            [
              -123.6252488,
              48.3701952
            ],
            [
              -123.6248299,
              48.3701525
            ],
            [
              -123.6242611,
              48.3700471
            ],
            [
              -123.6240724,
              48.3700029
            ],
            [
              -123.6239224,
              48.3699402
            ],
            [
              -123.623733,
              48.3698975
            ],
            [
              -123.6236108,
              48.3698975
            ],
            [
              -123.6235456,
              48.3699431
            ],
            [
              -123.6235054,
              48.3700157
            ],
            [
              -123.6235065,
              48.3702308
            ],
            [
              -123.6235802,
              48.3706082
            ],
            [
              -123.6236201,
              48.3706538
            ],
            [
              -123.623743,
              48.3707335
            ],
            [
              -123.6238237,
              48.3707606
            ],
            [
              -123.6241211,
              48.3707948
            ],
            [
              -123.624555,
              48.3708816
            ],
            [
              -123.6248128,
              48.3710241
            ],
            [
              -123.6249769,
              48.371195
            ],
            [
              -123.6251418,
              48.3713203
            ],
            [
              -123.6253862,
              48.3714528
            ],
            [
              -123.6254805,
              48.3714713
            ],
            [
              -123.6256706,
              48.3714613
            ],
            [
              -123.6259285,
              48.3716037
            ],
            [
              -123.6266996,
              48.371833
            ],
            [
              -123.6269854,
              48.3719754
            ],
            [
              -123.6271876,
              48.3719925
            ],
            [
              -123.6273105,
              48.3720281
            ],
            [
              -123.6273791,
              48.3720723
            ],
            [
              -123.6274746,
              48.3722873
            ],
            [
              -123.6275567,
              48.3723415
            ],
            [
              -123.6278691,
              48.3723756
            ],
            [
              -123.6283275,
              48.3723543
            ],
            [
              -123.6284225,
              48.3723457
            ],
            [
              -123.6285693,
              48.3722631
            ],
            [
              -123.6286508,
              48.3722446
            ],
            [
              -123.628758,
              48.3722631
            ],
            [
              -123.6289352,
              48.3723343
            ],
            [
              -123.6290425,
              48.3723415
            ],
            [
              -123.6293684,
              48.3724298
            ],
            [
              -123.6297043,
              48.3724198
            ],
            [
              -123.6297866,
              48.3724369
            ],
            [
              -123.6300187,
              48.3725793
            ],
            [
              -123.630073,
              48.3726334
            ],
            [
              -123.6304666,
              48.3728115
            ],
            [
              -123.6308733,
              48.3729083
            ],
            [
              -123.6310621,
              48.3729154
            ],
            [
              -123.6310886,
              48.3728442
            ],
            [
              -123.631031,
              48.3726818
            ],
            [
              -123.6308933,
              48.3724582
            ],
            [
              -123.6308934,
              48.3723956
            ],
            [
              -123.6310008,
              48.3722959
            ],
            [
              -123.6311346,
              48.372276
            ],
            [
              -123.6313511,
              48.372276
            ],
            [
              -123.6315949,
              48.3723101
            ],
            [
              -123.6319201,
              48.372407
            ],
            [
              -123.632229,
              48.3723699
            ],
            [
              -123.6322562,
              48.3723158
            ],
            [
              -123.6322394,
              48.372135
            ],
            [
              -123.6325111,
              48.372125
            ],
            [
              -123.6325776,
              48.3721065
            ],
            [
              -123.6326449,
              48.3720609
            ],
            [
              -123.6326707,
              48.3719982
            ],
            [
              -123.6327522,
              48.3719797
            ],
            [
              -123.6328602,
              48.3719968
            ],
            [
              -123.6330081,
              48.3720595
            ],
            [
              -123.6330638,
              48.3721036
            ],
            [
              -123.633065,
              48.3722304
            ],
            [
              -123.6329998,
              48.3723386
            ],
            [
              -123.6329997,
              48.3724013
            ],
            [
              -123.6331504,
              48.3724995
            ],
            [
              -123.6331782,
              48.3725622
            ],
            [
              -123.6332454,
              48.3725978
            ],
            [
              -123.6336372,
              48.3725508
            ],
            [
              -123.6339339,
              48.3725935
            ],
            [
              -123.6340296,
              48.3726206
            ],
            [
              -123.6342732,
              48.3727545
            ],
            [
              -123.6344506,
              48.3727887
            ],
            [
              -123.6347348,
              48.3729411
            ],
            [
              -123.6351279,
              48.3730464
            ],
            [
              -123.6361416,
              48.3731761
            ],
            [
              -123.6366711,
              48.3734153
            ],
            [
              -123.6367939,
              48.3735136
            ],
            [
              -123.6369724,
              48.373693
            ],
            [
              -123.6370131,
              48.3737557
            ],
            [
              -123.6370171,
              48.3739622
            ],
            [
              -123.6367888,
              48.3740633
            ],
            [
              -123.6367357,
              48.3741986
            ],
            [
              -123.6365483,
              48.3742627
            ],
            [
              -123.6363207,
              48.3744436
            ],
            [
              -123.6362256,
              48.3744707
            ],
            [
              -123.6354978,
              48.3744835
            ],
            [
              -123.6354027,
              48.3744664
            ],
            [
              -123.6351868,
              48.3744578
            ],
            [
              -123.6351195,
              48.3745034
            ],
            [
              -123.6350929,
              48.3745675
            ],
            [
              -123.6351356,
              48.3747113
            ],
            [
              -123.6351892,
              48.3747555
            ],
            [
              -123.6353529,
              48.3748353
            ],
            [
              -123.6354608,
              48.3748523
            ],
            [
              -123.6356645,
              48.3748523
            ],
            [
              -123.6357589,
              48.3749406
            ],
            [
              -123.6357595,
              48.375
            ],
            [
              -123.6357614,
              48.3751571
            ],
            [
              -123.6356012,
              48.3752112
            ],
            [
              -123.6353728,
              48.3753935
            ],
            [
              -123.6355365,
              48.3754548
            ],
            [
              -123.6356036,
              48.3755089
            ],
            [
              -123.6356334,
              48.3756713
            ],
            [
              -123.6356198,
              48.3757078
            ],
            [
              -123.6355247,
              48.3757114
            ],
            [
              -123.633614,
              48.3757807
            ],
            [
              -123.6332034,
              48.3757957
            ],
            [
              -123.6270836,
              48.3760217
            ],
            [
              -123.626761,
              48.3782875
            ],
            [
              -123.6088915,
              48.371491
            ],
            [
              -123.612777,
              48.3670581
            ],
            [
              -123.6128096,
              48.3670209
            ],
            [
              -123.6130311,
              48.366767
            ],
            [
              -123.6137902,
              48.3658988
            ],
            [
              -123.6138323,
              48.3658507
            ],
            [
              -123.6138357,
              48.3658468
            ],
            [
              -123.6138761,
              48.3658006
            ],
            [
              -123.6144171,
              48.3651819
            ],
            [
              -123.6025147,
              48.3606204
            ]
          ]
        ]
      }
    },
    {
      "type": "Feature",
      "properties": {
        "osm_id": "relation/1801799",
        "name": "East Sooke Regional Park",
        "leisure": "park",
        "boundary": null,
        "operator": "CRD Parks",
        "protection_title": null,
        "source": "OpenStreetMap",
        "source_url": "https://www.openstreetmap.org/relation/1801799"
      },
      "geometry": {
        "type": "Polygon",
        "coordinates": [
          [
            [
              -123.708625,
              48.3395753
            ],
            [
              -123.7064885,
              48.3415469
            ],
            [
              -123.7065918,
              48.3505189
            ],
            [
              -123.7044335,
              48.3521004
            ],
            [
              -123.7034283,
              48.3528916
            ],
            [
              -123.702136,
              48.3539302
            ],
            [
              -123.7001328,
              48.3556453
            ],
            [
              -123.6929661,
              48.3557574
            ],
            [
              -123.6929318,
              48.3602887
            ],
            [
              -123.6885873,
              48.3617312
            ],
            [
              -123.6884405,
              48.3615592
            ],
            [
              -123.6903579,
              48.3602409
            ],
            [
              -123.6845791,
              48.3602219
            ],
            [
              -123.6845097,
              48.3599751
            ],
            [
              -123.6845111,
              48.3558097
            ],
            [
              -123.681897,
              48.3558257
            ],
            [
              -123.6804673,
              48.3560172
            ],
            [
              -123.6784732,
              48.3560337
            ],
            [
              -123.6712873,
              48.3560148
            ],
            [
              -123.6713397,
              48.3582388
            ],
            [
              -123.6735247,
              48.3582806
            ],
            [
              -123.6735302,
              48.3600985
            ],
            [
              -123.6735178,
              48.3621872
            ],
            [
              -123.6735422,
              48.3640318
            ],
            [
              -123.6711311,
              48.3632745
            ],
            [
              -123.6711262,
              48.3625939
            ],
            [
              -123.669575,
              48.3620815
            ],
            [
              -123.6695927,
              48.3627643
            ],
            [
              -123.666734,
              48.3617184
            ],
            [
              -123.6661253,
              48.3615094
            ],
            [
              -123.6658239,
              48.3615162
            ],
            [
              -123.6657891,
              48.3605672
            ],
            [
              -123.6632817,
              48.3605879
            ],
            [
              -123.6632696,
              48.3613768
            ],
            [
              -123.6624239,
              48.361364
            ],
            [
              -123.662402,
              48.3613393
            ],
            [
              -123.6622451,
              48.3612809
            ],
            [
              -123.6621983,
              48.3612611
            ],
            [
              -123.6620883,
              48.3611628
            ],
            [
              -123.6618997,
              48.3611002
            ],
            [
              -123.6617768,
              48.3610204
            ],
            [
              -123.661694,
              48.3609934
            ],
            [
              -123.661288,
              48.360925
            ],
            [
              -123.6612202,
              48.3608794
            ],
            [
              -123.6611667,
              48.3608168
            ],
            [
              -123.6610818,
              48.3606202
            ],
            [
              -123.6609728,
              48.3604579
            ],
            [
              -123.6605886,
              48.3600833
            ],
            [
              -123.6604129,
              48.3599765
            ],
            [
              -123.6595591,
              48.3597828
            ],
            [
              -123.6593832,
              48.3597571
            ],
            [
              -123.6590975,
              48.3596147
            ],
            [
              -123.6588933,
              48.3594538
            ],
            [
              -123.658852,
              48.3593997
            ],
            [
              -123.6588237,
              48.3592017
            ],
            [
              -123.6587959,
              48.359139
            ],
            [
              -123.6586213,
              48.3592216
            ],
            [
              -123.658512,
              48.3592216
            ],
            [
              -123.6583252,
              48.3593584
            ],
            [
              -123.6578961,
              48.3595578
            ],
            [
              -123.6578444,
              48.359676
            ],
            [
              -123.65779,
              48.3597215
            ],
            [
              -123.6577294,
              48.3597285
            ],
            [
              -123.6577829,
              48.3579344
            ],
            [
              -123.6578116,
              48.357009
            ],
            [
              -123.6579102,
              48.353846
            ],
            [
              -123.6611947,
              48.353906
            ],
            [
              -123.6632434,
              48.3536733
            ],
            [
              -123.6632596,
              48.3527859
            ],
            [
              -123.6633084,
              48.3503779
            ],
            [
              -123.6633323,
              48.3491788
            ],
            [
              -123.660077,
              48.3491417
            ],
            [
              -123.6601546,
              48.3418853
            ],
            [
              -123.6588659,
              48.3421218
            ],
            [
              -123.6521932,
              48.3420154
            ],
            [
              -123.651046,
              48.341953
            ],
            [
              -123.6487541,
              48.3419605
            ],
            [
              -123.648898,
              48.3493438
            ],
            [
              -123.6435619,
              48.3492876
            ],
            [
              -123.6400147,
              48.3492154
            ],
            [
              -123.6380581,
              48.3492351
            ],
            [
              -123.6380434,
              48.3489222
            ],
            [
              -123.638015,
              48.3476165
            ],
            [
              -123.6378231,
              48.3467942
            ],
            [
              -123.6379971,
              48.3444677
            ],
            [
              -123.637948,
              48.3419288
            ],
            [
              -123.6461438,
              48.3419464
            ],
            [
              -123.6490089,
              48.3401537
            ],
            [
              -123.6494418,
              48.3349662
            ],
            [
              -123.6455669,
              48.3348651
            ],
            [
              -123.6457786,
              48.3275748
            ],
            [
              -123.6345797,
              48.327403
            ],
            [
              -123.6346144,
              48.3273194
            ],
            [
              -123.6345035,
              48.3271314
            ],
            [
              -123.634423,
              48.3270858
            ],
            [
              -123.6343416,
              48.3270602
            ],
            [
              -123.6342195,
              48.3270601
            ],
            [
              -123.6340154,
              48.3269804
            ],
            [
              -123.6339469,
              48.3269362
            ],
            [
              -123.6336623,
              48.3268294
            ],
            [
              -123.6328136,
              48.3268522
            ],
            [
              -123.6326252,
              48.3268081
            ],
            [
              -123.6324606,
              48.3266827
            ],
            [
              -123.6324058,
              48.3266115
            ],
            [
              -123.6320897,
              48.3260817
            ],
            [
              -123.6319651,
              48.3259393
            ],
            [
              -123.631911,
              48.3258852
            ],
            [
              -123.6317341,
              48.325814
            ],
            [
              -123.6315055,
              48.3257983
            ],
            [
              -123.6313977,
              48.3258068
            ],
            [
              -123.6313182,
              48.3258439
            ],
            [
              -123.6310776,
              48.3260248
            ],
            [
              -123.630888,
              48.3261074
            ],
            [
              -123.6306342,
              48.32619
            ],
            [
              -123.6303362,
              48.326227
            ],
            [
              -123.6301753,
              48.3263082
            ],
            [
              -123.6300823,
              48.3263096
            ],
            [
              -123.6300147,
              48.326264
            ],
            [
              -123.6299708,
              48.3261301
            ],
            [
              -123.6298626,
              48.3260219
            ],
            [
              -123.6297548,
              48.3260048
            ],
            [
              -123.6294839,
              48.3260433
            ],
            [
              -123.6294034,
              48.3259977
            ],
            [
              -123.6293628,
              48.3259535
            ],
            [
              -123.6293623,
              48.3258809
            ],
            [
              -123.6295487,
              48.3256644
            ],
            [
              -123.6296938,
              48.3254123
            ],
            [
              -123.6298819,
              48.3253653
            ],
            [
              -123.6301624,
              48.3252115
            ],
            [
              -123.6302561,
              48.325183
            ],
            [
              -123.6303639,
              48.3251745
            ],
            [
              -123.6304325,
              48.3252001
            ],
            [
              -123.6305137,
              48.3252628
            ],
            [
              -123.630571,
              48.3254252
            ],
            [
              -123.6306251,
              48.3255049
            ],
            [
              -123.63072,
              48.3255405
            ],
            [
              -123.6308013,
              48.3255405
            ],
            [
              -123.6308943,
              48.3255135
            ],
            [
              -123.6309487,
              48.3254679
            ],
            [
              -123.6310671,
              48.3253055
            ],
            [
              -123.6311608,
              48.325277
            ],
            [
              -123.6312436,
              48.3253041
            ],
            [
              -123.6313526,
              48.3254109
            ],
            [
              -123.6314339,
              48.3254294
            ],
            [
              -123.6318246,
              48.3254095
            ],
            [
              -123.6320263,
              48.325354
            ],
            [
              -123.6321873,
              48.3252543
            ],
            [
              -123.6322798,
              48.3251546
            ],
            [
              -123.6324687,
              48.3250549
            ],
            [
              -123.632576,
              48.3250178
            ],
            [
              -123.6328053,
              48.3249993
            ],
            [
              -123.6331811,
              48.325005
            ],
            [
              -123.6337199,
              48.3249039
            ],
            [
              -123.6340836,
              48.3248754
            ],
            [
              -123.6343132,
              48.3248014
            ],
            [
              -123.6344468,
              48.3247743
            ],
            [
              -123.6349455,
              48.3247529
            ],
            [
              -123.6352551,
              48.3246518
            ],
            [
              -123.6355099,
              48.324498
            ],
            [
              -123.6356296,
              48.3243627
            ],
            [
              -123.6357877,
              48.3240736
            ],
            [
              -123.6358931,
              48.3239297
            ],
            [
              -123.6360414,
              48.3238115
            ],
            [
              -123.6361208,
              48.3237745
            ],
            [
              -123.6365078,
              48.3233942
            ],
            [
              -123.6367999,
              48.3229527
            ],
            [
              -123.6369035,
              48.3227092
            ],
            [
              -123.6369412,
              48.3225383
            ],
            [
              -123.636941,
              48.322403
            ],
            [
              -123.6368973,
              48.3222321
            ],
            [
              -123.6367737,
              48.3220256
            ],
            [
              -123.6364202,
              48.3217763
            ],
            [
              -123.6362447,
              48.3217322
            ],
            [
              -123.6361633,
              48.3217322
            ],
            [
              -123.6361109,
              48.3217778
            ],
            [
              -123.6360159,
              48.3218048
            ],
            [
              -123.6359352,
              48.3217963
            ],
            [
              -123.6358796,
              48.3217521
            ],
            [
              -123.6358519,
              48.3216895
            ],
            [
              -123.6358522,
              48.3216083
            ],
            [
              -123.6359971,
              48.3214189
            ],
            [
              -123.6361165,
              48.3211924
            ],
            [
              -123.6362199,
              48.3207879
            ],
            [
              -123.6362418,
              48.3204461
            ],
            [
              -123.6363874,
              48.3202738
            ],
            [
              -123.6366825,
              48.3200288
            ],
            [
              -123.6369772,
              48.3199021
            ],
            [
              -123.6370565,
              48.3198836
            ],
            [
              -123.6372842,
              48.3197468
            ],
            [
              -123.6374843,
              48.3194848
            ],
            [
              -123.6374421,
              48.3192783
            ],
            [
              -123.6373036,
              48.3190718
            ],
            [
              -123.6372761,
              48.3189906
            ],
            [
              -123.6372872,
              48.3188467
            ],
            [
              -123.6373527,
              48.3186943
            ],
            [
              -123.6374336,
              48.3186402
            ],
            [
              -123.6376194,
              48.3184138
            ],
            [
              -123.6379407,
              48.3182229
            ],
            [
              -123.6380468,
              48.3181147
            ],
            [
              -123.6380591,
              48.3180606
            ],
            [
              -123.6380317,
              48.3179167
            ],
            [
              -123.6379891,
              48.3178541
            ],
            [
              -123.6377184,
              48.3176575
            ],
            [
              -123.6376908,
              48.3175763
            ],
            [
              -123.6376995,
              48.3173342
            ],
            [
              -123.6376432,
              48.3171263
            ],
            [
              -123.6377358,
              48.3169639
            ],
            [
              -123.6378563,
              48.3168201
            ],
            [
              -123.6382449,
              48.3165837
            ],
            [
              -123.6384445,
              48.316484
            ],
            [
              -123.6385746,
              48.3163487
            ],
            [
              -123.6386403,
              48.3163519
            ],
            [
              -123.6387907,
              48.3162818
            ],
            [
              -123.6389684,
              48.3162896
            ],
            [
              -123.6391084,
              48.3162825
            ],
            [
              -123.6391403,
              48.3162961
            ],
            [
              -123.639238,
              48.3162493
            ],
            [
              -123.6392938,
              48.3162502
            ],
            [
              -123.6392946,
              48.3162675
            ],
            [
              -123.6392809,
              48.3163441
            ],
            [
              -123.6392022,
              48.3164355
            ],
            [
              -123.6391462,
              48.3165029
            ],
            [
              -123.6391885,
              48.3165338
            ],
            [
              -123.6394171,
              48.3165238
            ],
            [
              -123.6394719,
              48.3165765
            ],
            [
              -123.639513,
              48.3166933
            ],
            [
              -123.639595,
              48.3167289
            ],
            [
              -123.6399585,
              48.3167005
            ],
            [
              -123.6405119,
              48.3167247
            ],
            [
              -123.6407285,
              48.3167133
            ],
            [
              -123.6408214,
              48.3166862
            ],
            [
              -123.6409434,
              48.3166862
            ],
            [
              -123.6412133,
              48.3167375
            ],
            [
              -123.6414018,
              48.3167375
            ],
            [
              -123.6414709,
              48.3167731
            ],
            [
              -123.6416205,
              48.3168984
            ],
            [
              -123.6418108,
              48.3170052
            ],
            [
              -123.6421895,
              48.3171562
            ],
            [
              -123.6423916,
              48.3171989
            ],
            [
              -123.6425009,
              48.3171804
            ],
            [
              -123.6429956,
              48.3168358
            ],
            [
              -123.6433554,
              48.3164469
            ],
            [
              -123.6434745,
              48.316276
            ],
            [
              -123.6436744,
              48.3160952
            ],
            [
              -123.6442484,
              48.315732
            ],
            [
              -123.6446229,
              48.31545
            ],
            [
              -123.6453333,
              48.3150954
            ],
            [
              -123.6456127,
              48.3148333
            ],
            [
              -123.6457078,
              48.3147877
            ],
            [
              -123.6458694,
              48.3147422
            ],
            [
              -123.646218,
              48.3146952
            ],
            [
              -123.646593,
              48.3144858
            ],
            [
              -123.6468644,
              48.3144758
            ],
            [
              -123.6469716,
              48.3144573
            ],
            [
              -123.6471983,
              48.3143477
            ],
            [
              -123.6473342,
              48.3143021
            ],
            [
              -123.6476293,
              48.3142551
            ],
            [
              -123.6477094,
              48.314228
            ],
            [
              -123.6478697,
              48.3141369
            ],
            [
              -123.6480583,
              48.3140998
            ],
            [
              -123.648409,
              48.3141155
            ],
            [
              -123.6484905,
              48.3140528
            ],
            [
              -123.6485301,
              48.3139888
            ],
            [
              -123.6486108,
              48.3139532
            ],
            [
              -123.6491229,
              48.3139674
            ],
            [
              -123.6493516,
              48.3139389
            ],
            [
              -123.6494452,
              48.3139033
            ],
            [
              -123.6499017,
              48.3136569
            ],
            [
              -123.6500618,
              48.3136028
            ],
            [
              -123.6504526,
              48.3135643
            ],
            [
              -123.6505347,
              48.3135814
            ],
            [
              -123.6505213,
              48.3136996
            ],
            [
              -123.6504827,
              48.3137438
            ],
            [
              -123.6505503,
              48.3137894
            ],
            [
              -123.6507796,
              48.3137965
            ],
            [
              -123.6510619,
              48.3137495
            ],
            [
              -123.6511711,
              48.3137495
            ],
            [
              -123.6514672,
              48.3138292
            ],
            [
              -123.6517785,
              48.3138535
            ],
            [
              -123.6522242,
              48.3138421
            ],
            [
              -123.6523307,
              48.3138321
            ],
            [
              -123.65252,
              48.3137865
            ],
            [
              -123.6528146,
              48.3136854
            ],
            [
              -123.6530039,
              48.3136583
            ],
            [
              -123.6530846,
              48.3136669
            ],
            [
              -123.6533291,
              48.3138093
            ],
            [
              -123.6534646,
              48.3138705
            ],
            [
              -123.6535587,
              48.3138891
            ],
            [
              -123.6536669,
              48.3138065
            ],
            [
              -123.6539768,
              48.3137965
            ],
            [
              -123.6543146,
              48.3138122
            ],
            [
              -123.6544902,
              48.3138563
            ],
            [
              -123.6545978,
              48.3139361
            ],
            [
              -123.6546268,
              48.3140001
            ],
            [
              -123.6544149,
              48.3143519
            ],
            [
              -123.6543205,
              48.3144146
            ],
            [
              -123.6539451,
              48.3145698
            ],
            [
              -123.6536365,
              48.3145812
            ],
            [
              -123.653555,
              48.3145997
            ],
            [
              -123.6535163,
              48.3146624
            ],
            [
              -123.6535712,
              48.3148874
            ],
            [
              -123.6535046,
              48.3149501
            ],
            [
              -123.6531692,
              48.3150697
            ],
            [
              -123.6529561,
              48.315178
            ],
            [
              -123.6529017,
              48.3152235
            ],
            [
              -123.652864,
              48.3153688
            ],
            [
              -123.652732,
              48.3155582
            ],
            [
              -123.6527718,
              48.3156294
            ],
            [
              -123.6528274,
              48.3156736
            ],
            [
              -123.6530152,
              48.3156821
            ],
            [
              -123.6533382,
              48.315591
            ],
            [
              -123.6534318,
              48.315581
            ],
            [
              -123.6535139,
              48.3155981
            ],
            [
              -123.6535824,
              48.3156423
            ],
            [
              -123.6536358,
              48.3157049
            ],
            [
              -123.6537878,
              48.315947
            ],
            [
              -123.65371,
              48.3161464
            ],
            [
              -123.6536974,
              48.3162817
            ],
            [
              -123.6537658,
              48.3163259
            ],
            [
              -123.6539,
              48.3163344
            ],
            [
              -123.6543044,
              48.3163131
            ],
            [
              -123.6544935,
              48.3163487
            ],
            [
              -123.6545502,
              48.3165011
            ],
            [
              -123.6545113,
              48.3166008
            ],
            [
              -123.6544447,
              48.3166634
            ],
            [
              -123.6543646,
              48.316709
            ],
            [
              -123.6542991,
              48.3168358
            ],
            [
              -123.6543404,
              48.3168899
            ],
            [
              -123.6546632,
              48.3169055
            ],
            [
              -123.6547724,
              48.3169312
            ],
            [
              -123.65492,
              48.3169938
            ],
            [
              -123.6550285,
              48.3170024
            ],
            [
              -123.6552857,
              48.3169654
            ],
            [
              -123.6553793,
              48.3169739
            ],
            [
              -123.6554749,
              48.3170266
            ],
            [
              -123.6555838,
              48.3171334
            ],
            [
              -123.6559645,
              48.3173214
            ],
            [
              -123.6562215,
              48.3173912
            ],
            [
              -123.6562885,
              48.3174268
            ],
            [
              -123.6563845,
              48.3175706
            ],
            [
              -123.6565614,
              48.3176233
            ],
            [
              -123.6567629,
              48.3176305
            ],
            [
              -123.6570077,
              48.3176661
            ],
            [
              -123.6574123,
              48.31778
            ],
            [
              -123.657739,
              48.3179139
            ],
            [
              -123.6584256,
              48.317864
            ],
            [
              -123.6593026,
              48.3178768
            ],
            [
              -123.6596672,
              48.3179566
            ],
            [
              -123.6601275,
              48.3180891
            ],
            [
              -123.660411,
              48.3180876
            ],
            [
              -123.6611426,
              48.3182543
            ],
            [
              -123.6616152,
              48.3183326
            ],
            [
              -123.6617636,
              48.3184124
            ],
            [
              -123.6618063,
              48.3184565
            ],
            [
              -123.6618603,
              48.3185733
            ],
            [
              -123.661864,
              48.3187798
            ],
            [
              -123.6618367,
              48.3188339
            ],
            [
              -123.6616772,
              48.318898
            ],
            [
              -123.661622,
              48.3189521
            ],
            [
              -123.6616633,
              48.3190063
            ],
            [
              -123.6617196,
              48.3190418
            ],
            [
              -123.661813,
              48.3190689
            ],
            [
              -123.6619091,
              48.3191942
            ],
            [
              -123.662004,
              48.3192299
            ],
            [
              -123.6622753,
              48.319264
            ],
            [
              -123.6624904,
              48.3192441
            ],
            [
              -123.6626776,
              48.3191985
            ],
            [
              -123.6627719,
              48.3191985
            ],
            [
              -123.6629747,
              48.3192327
            ],
            [
              -123.6630704,
              48.3192227
            ],
            [
              -123.6632177,
              48.3191686
            ],
            [
              -123.6635135,
              48.3191572
            ],
            [
              -123.6639068,
              48.3192099
            ],
            [
              -123.6641499,
              48.3193694
            ],
            [
              -123.6642345,
              48.3194962
            ],
            [
              -123.6643287,
              48.3195218
            ],
            [
              -123.6645045,
              48.3195033
            ],
            [
              -123.6647061,
              48.3194478
            ],
            [
              -123.6650017,
              48.3194734
            ],
            [
              -123.6653403,
              48.319462
            ],
            [
              -123.6654352,
              48.3194976
            ],
            [
              -123.6655169,
              48.3196144
            ],
            [
              -123.6655074,
              48.3199647
            ],
            [
              -123.6655901,
              48.3200359
            ],
            [
              -123.6657107,
              48.3200716
            ],
            [
              -123.665943,
              48.3202239
            ],
            [
              -123.6661051,
              48.3202766
            ],
            [
              -123.666242,
              48.3203649
            ],
            [
              -123.6663122,
              48.3205715
            ],
            [
              -123.6663791,
              48.3206256
            ],
            [
              -123.6664733,
              48.3206256
            ],
            [
              -123.6667521,
              48.3202909
            ],
            [
              -123.6668601,
              48.3202453
            ],
            [
              -123.6669416,
              48.3202268
            ],
            [
              -123.6671566,
              48.3202254
            ],
            [
              -123.6675758,
              48.320241
            ],
            [
              -123.6676558,
              48.3202581
            ],
            [
              -123.667697,
              48.3203122
            ],
            [
              -123.6676038,
              48.320439
            ],
            [
              -123.6671501,
              48.3207651
            ],
            [
              -123.6670978,
              48.3208107
            ],
            [
              -123.6670576,
              48.3208834
            ],
            [
              -123.6670982,
              48.3209275
            ],
            [
              -123.6673139,
              48.3209175
            ],
            [
              -123.6674885,
              48.3208349
            ],
            [
              -123.6675828,
              48.3208164
            ],
            [
              -123.6680548,
              48.3208591
            ],
            [
              -123.6681491,
              48.3208848
            ],
            [
              -123.6681918,
              48.3209474
            ],
            [
              -123.6682071,
              48.3210827
            ],
            [
              -123.6681812,
              48.3211454
            ],
            [
              -123.6680466,
              48.3212551
            ],
            [
              -123.6677268,
              48.3214545
            ],
            [
              -123.66731,
              48.3215741
            ],
            [
              -123.6666367,
              48.3217222
            ],
            [
              -123.6664758,
              48.3218219
            ],
            [
              -123.6664771,
              48.3218931
            ],
            [
              -123.6666797,
              48.3219202
            ],
            [
              -123.6669363,
              48.3219173
            ],
            [
              -123.6673801,
              48.3218248
            ],
            [
              -123.6680272,
              48.3218134
            ],
            [
              -123.6682157,
              48.321839
            ],
            [
              -123.6685281,
              48.32199
            ],
            [
              -123.6685971,
              48.3221067
            ],
            [
              -123.6685996,
              48.3222677
            ],
            [
              -123.6687224,
              48.3222848
            ],
            [
              -123.6688146,
              48.3222663
            ],
            [
              -123.6689252,
              48.322283
            ],
            [
              -123.6690191,
              48.3223475
            ],
            [
              -123.6689678,
              48.3224541
            ],
            [
              -123.6688841,
              48.3225282
            ],
            [
              -123.6686715,
              48.3226302
            ],
            [
              -123.6684252,
              48.3227691
            ],
            [
              -123.6683984,
              48.3228593
            ],
            [
              -123.6685807,
              48.3228289
            ],
            [
              -123.6688606,
              48.3226722
            ],
            [
              -123.6689027,
              48.3227249
            ],
            [
              -123.6689038,
              48.3227889
            ],
            [
              -123.6688635,
              48.3229057
            ],
            [
              -123.6687319,
              48.323014
            ],
            [
              -123.6685183,
              48.3233031
            ],
            [
              -123.6685203,
              48.3233658
            ],
            [
              -123.668721,
              48.3234374
            ],
            [
              -123.6691435,
              48.3235371
            ],
            [
              -123.6691715,
              48.3234954
            ],
            [
              -123.6692358,
              48.3234347
            ],
            [
              -123.6691525,
              48.3233173
            ],
            [
              -123.669125,
              48.323192
            ],
            [
              -123.6691625,
              48.3230652
            ],
            [
              -123.669296,
              48.3228217
            ],
            [
              -123.6694141,
              48.3226779
            ],
            [
              -123.669613,
              48.3223517
            ],
            [
              -123.6697849,
              48.3221708
            ],
            [
              -123.669905,
              48.3220897
            ],
            [
              -123.6701474,
              48.32199
            ],
            [
              -123.6704293,
              48.3218077
            ],
            [
              -123.6705222,
              48.3217806
            ],
            [
              -123.6706173,
              48.3217792
            ],
            [
              -123.6706979,
              48.3218062
            ],
            [
              -123.6707405,
              48.3219316
            ],
            [
              -123.670702,
              48.3221481
            ],
            [
              -123.6707179,
              48.3223375
            ],
            [
              -123.6704038,
              48.3227219
            ],
            [
              -123.6704125,
              48.3227703
            ],
            [
              -123.6705839,
              48.3227701
            ],
            [
              -123.6707007,
              48.3226836
            ],
            [
              -123.6707967,
              48.3224834
            ],
            [
              -123.6708499,
              48.3223746
            ],
            [
              -123.6709356,
              48.3223902
            ],
            [
              -123.670989,
              48.3224528
            ],
            [
              -123.6709773,
              48.3225867
            ],
            [
              -123.6710339,
              48.3227761
            ],
            [
              -123.6709816,
              48.3228659
            ],
            [
              -123.6708621,
              48.3229385
            ],
            [
              -123.6707677,
              48.3229755
            ],
            [
              -123.6705093,
              48.3230884
            ],
            [
              -123.6699053,
              48.3232447
            ],
            [
              -123.6692151,
              48.3233318
            ],
            [
              -123.6692577,
              48.3233998
            ],
            [
              -123.6701912,
              48.3232846
            ],
            [
              -123.6706093,
              48.323192
            ],
            [
              -123.6709444,
              48.3231535
            ],
            [
              -123.6710401,
              48.3231621
            ],
            [
              -123.6710943,
              48.3231977
            ],
            [
              -123.6711768,
              48.3233059
            ],
            [
              -123.6712327,
              48.3235039
            ],
            [
              -123.671343,
              48.3236563
            ],
            [
              -123.6713578,
              48.3237816
            ],
            [
              -123.6713281,
              48.3238808
            ],
            [
              -123.6712348,
              48.3239501
            ],
            [
              -123.6709658,
              48.3240932
            ],
            [
              -123.6711981,
              48.324027
            ],
            [
              -123.6714533,
              48.323952
            ],
            [
              -123.6716616,
              48.3239455
            ],
            [
              -123.6718459,
              48.3239582
            ],
            [
              -123.671915,
              48.3240123
            ],
            [
              -123.6719142,
              48.3240836
            ],
            [
              -123.671823,
              48.3242473
            ],
            [
              -123.6716363,
              48.324347
            ],
            [
              -123.6710834,
              48.3243769
            ],
            [
              -123.6707705,
              48.3244343
            ],
            [
              -123.6706828,
              48.3245203
            ],
            [
              -123.6710702,
              48.3244766
            ],
            [
              -123.671273,
              48.3245108
            ],
            [
              -123.671463,
              48.3245194
            ],
            [
              -123.671625,
              48.3245721
            ],
            [
              -123.6716785,
              48.3246162
            ],
            [
              -123.671639,
              48.3246803
            ],
            [
              -123.6715854,
              48.3247244
            ],
            [
              -123.6714781,
              48.3247615
            ],
            [
              -123.6707928,
              48.3248825
            ],
            [
              -123.6707127,
              48.3249096
            ],
            [
              -123.6705382,
              48.3249922
            ],
            [
              -123.6704844,
              48.3251175
            ],
            [
              -123.6703914,
              48.3251631
            ],
            [
              -123.670162,
              48.3251745
            ],
            [
              -123.6698274,
              48.3252927
            ],
            [
              -123.6697595,
              48.3253468
            ],
            [
              -123.66976,
              48.3254009
            ],
            [
              -123.6698277,
              48.3254465
            ],
            [
              -123.6699505,
              48.3254636
            ],
            [
              -123.6707463,
              48.3254764
            ],
            [
              -123.671071,
              48.3255918
            ],
            [
              -123.6712216,
              48.3256715
            ],
            [
              -123.6713441,
              48.3257883
            ],
            [
              -123.6713725,
              48.3258681
            ],
            [
              -123.6713223,
              48.3262113
            ],
            [
              -123.6713382,
              48.3264449
            ],
            [
              -123.6713659,
              48.3265076
            ],
            [
              -123.6713621,
              48.3266381
            ],
            [
              -123.6716694,
              48.3264904
            ],
            [
              -123.6717475,
              48.3264946
            ],
            [
              -123.6715671,
              48.3266983
            ],
            [
              -123.6714829,
              48.3268209
            ],
            [
              -123.6716133,
              48.3269222
            ],
            [
              -123.6720039,
              48.3267653
            ],
            [
              -123.6720853,
              48.326791
            ],
            [
              -123.6723317,
              48.3270958
            ],
            [
              -123.6724402,
              48.3271484
            ],
            [
              -123.6727244,
              48.327157
            ],
            [
              -123.6728867,
              48.3271285
            ],
            [
              -123.6729928,
              48.3269832
            ],
            [
              -123.6731128,
              48.3269647
            ],
            [
              -123.6732221,
              48.3269647
            ],
            [
              -123.6733021,
              48.3269818
            ],
            [
              -123.6736546,
              48.3271413
            ],
            [
              -123.6736959,
              48.3271954
            ],
            [
              -123.6737114,
              48.3272681
            ],
            [
              -123.6736731,
              48.327466
            ],
            [
              -123.6737401,
              48.3275017
            ],
            [
              -123.6738623,
              48.3275273
            ],
            [
              -123.6739314,
              48.3275814
            ],
            [
              -123.6739603,
              48.3277523
            ],
            [
              -123.6738968,
              48.3280044
            ],
            [
              -123.6739245,
              48.3280671
            ],
            [
              -123.6738289,
              48.3281362
            ],
            [
              -123.6737587,
              48.32823
            ],
            [
              -123.6737612,
              48.3283019
            ],
            [
              -123.6741486,
              48.3281809
            ],
            [
              -123.674343,
              48.3281098
            ],
            [
              -123.6744985,
              48.3281325
            ],
            [
              -123.6745956,
              48.3282123
            ],
            [
              -123.6744449,
              48.3283485
            ],
            [
              -123.6741709,
              48.3284345
            ],
            [
              -123.6741455,
              48.3285698
            ],
            [
              -123.6742418,
              48.3286325
            ],
            [
              -123.6744175,
              48.3286581
            ],
            [
              -123.6749576,
              48.3286282
            ],
            [
              -123.6750111,
              48.3286724
            ],
            [
              -123.6749994,
              48.3288247
            ],
            [
              -123.6750549,
              48.3288618
            ],
            [
              -123.6754715,
              48.3288233
            ],
            [
              -123.6756337,
              48.3288575
            ],
            [
              -123.6759327,
              48.3289729
            ],
            [
              -123.6761225,
              48.3290882
            ],
            [
              -123.6763673,
              48.329168
            ],
            [
              -123.6772087,
              48.3295767
            ],
            [
              -123.6772242,
              48.3296494
            ],
            [
              -123.6771575,
              48.3297491
            ],
            [
              -123.6771438,
              48.3298203
            ],
            [
              -123.6772531,
              48.3298644
            ],
            [
              -123.6776852,
              48.3298801
            ],
            [
              -123.6780779,
              48.3299855
            ],
            [
              -123.6783905,
              48.3301364
            ],
            [
              -123.6784186,
              48.3303344
            ],
            [
              -123.6785833,
              48.3304783
            ],
            [
              -123.6786653,
              48.3305139
            ],
            [
              -123.6789488,
              48.3305751
            ],
            [
              -123.6790439,
              48.3305737
            ],
            [
              -123.6791097,
              48.3305381
            ],
            [
              -123.6794938,
              48.3299598
            ],
            [
              -123.6796278,
              48.3298146
            ],
            [
              -123.6799623,
              48.3296964
            ],
            [
              -123.6800438,
              48.3296778
            ],
            [
              -123.6802582,
              48.3296665
            ],
            [
              -123.6803667,
              48.3296935
            ],
            [
              -123.6804352,
              48.3297562
            ],
            [
              -123.6805036,
              48.329863
            ],
            [
              -123.6805746,
              48.330061
            ],
            [
              -123.6806423,
              48.3301322
            ],
            [
              -123.6807251,
              48.3301592
            ],
            [
              -123.6808193,
              48.3301592
            ],
            [
              -123.6812657,
              48.3302276
            ],
            [
              -123.6815485,
              48.3303159
            ],
            [
              -123.6817687,
              48.3305224
            ],
            [
              -123.6820542,
              48.3306648
            ],
            [
              -123.6823111,
              48.3308158
            ],
            [
              -123.6823538,
              48.3309226
            ],
            [
              -123.6823414,
              48.3309952
            ],
            [
              -123.6822877,
              48.3310764
            ],
            [
              -123.6822219,
              48.3311305
            ],
            [
              -123.6820602,
              48.3312131
            ],
            [
              -123.6820065,
              48.3312758
            ],
            [
              -123.6820493,
              48.3313385
            ],
            [
              -123.6825375,
              48.3315336
            ],
            [
              -123.6826193,
              48.3316689
            ],
            [
              -123.682675,
              48.331713
            ],
            [
              -123.6828628,
              48.3317216
            ],
            [
              -123.6829586,
              48.3317558
            ],
            [
              -123.6830961,
              48.3318911
            ],
            [
              -123.6833548,
              48.3322044
            ],
            [
              -123.6834116,
              48.3324194
            ],
            [
              -123.6836713,
              48.3325804
            ],
            [
              -123.6838217,
              48.3327413
            ],
            [
              -123.683987,
              48.3329649
            ],
            [
              -123.6840831,
              48.3331714
            ],
            [
              -123.6840587,
              48.3332426
            ],
            [
              -123.6839234,
              48.3333609
            ],
            [
              -123.6837233,
              48.3334249
            ],
            [
              -123.6835616,
              48.3335075
            ],
            [
              -123.6835358,
              48.3335702
            ],
            [
              -123.6835771,
              48.3336243
            ],
            [
              -123.6839298,
              48.3337212
            ],
            [
              -123.6841074,
              48.3338907
            ],
            [
              -123.6841745,
              48.3339263
            ],
            [
              -123.6842985,
              48.3341143
            ],
            [
              -123.6843663,
              48.3341413
            ],
            [
              -123.6844741,
              48.3341584
            ],
            [
              -123.6845969,
              48.3342382
            ],
            [
              -123.6845988,
              48.334382
            ],
            [
              -123.6846807,
              48.3344546
            ],
            [
              -123.6848442,
              48.3345344
            ],
            [
              -123.6849268,
              48.3347309
            ],
            [
              -123.6850513,
              48.3349474
            ],
            [
              -123.6850541,
              48.3350272
            ],
            [
              -123.6850022,
              48.3352266
            ],
            [
              -123.6850428,
              48.3352892
            ],
            [
              -123.6851386,
              48.3353234
            ],
            [
              -123.6854207,
              48.335332
            ],
            [
              -123.6855293,
              48.3353661
            ],
            [
              -123.6855985,
              48.3354203
            ],
            [
              -123.685628,
              48.3356453
            ],
            [
              -123.6856558,
              48.3357079
            ],
            [
              -123.6857379,
              48.3357436
            ],
            [
              -123.6858193,
              48.3357877
            ],
            [
              -123.6860077,
              48.3358504
            ],
            [
              -123.68609,
              48.3358489
            ],
            [
              -123.6863296,
              48.3356766
            ],
            [
              -123.6866528,
              48.3355484
            ],
            [
              -123.6870689,
              48.3353491
            ],
            [
              -123.687282,
              48.335285
            ],
            [
              -123.6875114,
              48.3352736
            ],
            [
              -123.6876871,
              48.3352736
            ],
            [
              -123.6877556,
              48.3353177
            ],
            [
              -123.6877963,
              48.3353619
            ],
            [
              -123.6878524,
              48.3355598
            ],
            [
              -123.6879752,
              48.3355954
            ],
            [
              -123.688286,
              48.3356026
            ],
            [
              -123.6888667,
              48.3356795
            ],
            [
              -123.6897042,
              48.3356652
            ],
            [
              -123.6899865,
              48.3355741
            ],
            [
              -123.6903212,
              48.3354188
            ],
            [
              -123.6904141,
              48.3353918
            ],
            [
              -123.6905506,
              48.3353818
            ],
            [
              -123.6909285,
              48.335406
            ],
            [
              -123.6913742,
              48.3354758
            ],
            [
              -123.6914284,
              48.3355299
            ],
            [
              -123.691431,
              48.3356467
            ],
            [
              -123.6913766,
              48.3356923
            ],
            [
              -123.6913122,
              48.3358176
            ],
            [
              -123.6910974,
              48.3360355
            ],
            [
              -123.6910859,
              48.3361067
            ],
            [
              -123.691153,
              48.3361423
            ],
            [
              -123.6916377,
              48.3360312
            ],
            [
              -123.6917469,
              48.3360312
            ],
            [
              -123.6918419,
              48.3360669
            ],
            [
              -123.6918553,
              48.3361836
            ],
            [
              -123.691896,
              48.3362278
            ],
            [
              -123.6919773,
              48.3362463
            ],
            [
              -123.6921138,
              48.3362363
            ],
            [
              -123.6922332,
              48.3362079
            ],
            [
              -123.6924233,
              48.3361979
            ],
            [
              -123.6928426,
              48.3362321
            ],
            [
              -123.6931811,
              48.336346
            ],
            [
              -123.6933703,
              48.3364258
            ],
            [
              -123.6935189,
              48.3364614
            ],
            [
              -123.6937224,
              48.3365497
            ],
            [
              -123.6937787,
              48.3366038
            ],
            [
              -123.6938762,
              48.3368373
            ],
            [
              -123.6939433,
              48.336873
            ],
            [
              -123.694024,
              48.3368815
            ],
            [
              -123.6940926,
              48.3369256
            ],
            [
              -123.6941745,
              48.3370424
            ],
            [
              -123.6943102,
              48.3371222
            ],
            [
              -123.694393,
              48.3371934
            ],
            [
              -123.6944892,
              48.3373187
            ],
            [
              -123.6948386,
              48.3372817
            ],
            [
              -123.6953917,
              48.3372774
            ],
            [
              -123.695689,
              48.3372304
            ],
            [
              -123.6959998,
              48.3372375
            ],
            [
              -123.6960798,
              48.3372732
            ],
            [
              -123.6960682,
              48.3373372
            ],
            [
              -123.6959216,
              48.3374455
            ],
            [
              -123.6958982,
              48.3377873
            ],
            [
              -123.6960359,
              48.3379482
            ],
            [
              -123.6961451,
              48.3379667
            ],
            [
              -123.6964001,
              48.3379739
            ],
            [
              -123.6964143,
              48.3380636
            ],
            [
              -123.6963485,
              48.3381177
            ],
            [
              -123.6963098,
              48.3381989
            ],
            [
              -123.6961903,
              48.3383342
            ],
            [
              -123.6961916,
              48.3383983
            ],
            [
              -123.6962444,
              48.338451
            ],
            [
              -123.6970955,
              48.3384097
            ],
            [
              -123.6972976,
              48.3383826
            ],
            [
              -123.6975243,
              48.338273
            ],
            [
              -123.6976187,
              48.3382544
            ],
            [
              -123.697741,
              48.3382616
            ],
            [
              -123.6981588,
              48.3383313
            ],
            [
              -123.6989833,
              48.3383356
            ],
            [
              -123.6993056,
              48.3383157
            ],
            [
              -123.6995228,
              48.3383328
            ],
            [
              -123.6998078,
              48.3384026
            ],
            [
              -123.699957,
              48.3384923
            ],
            [
              -123.7001321,
              48.3385079
            ],
            [
              -123.7002271,
              48.3384994
            ],
            [
              -123.7003208,
              48.3384709
            ],
            [
              -123.7004279,
              48.3384709
            ],
            [
              -123.700605,
              48.3385421
            ],
            [
              -123.7007426,
              48.3387657
            ],
            [
              -123.700824,
              48.3388284
            ],
            [
              -123.7010295,
              48.3389537
            ],
            [
              -123.701111,
              48.3389794
            ],
            [
              -123.7012053,
              48.3389794
            ],
            [
              -123.7014069,
              48.3389238
            ],
            [
              -123.7018921,
              48.3388668
            ],
            [
              -123.7023631,
              48.3388455
            ],
            [
              -123.7024587,
              48.3388725
            ],
            [
              -123.7026364,
              48.3391047
            ],
            [
              -123.7027464,
              48.3391403
            ],
            [
              -123.7031371,
              48.339183
            ],
            [
              -123.703393,
              48.3391631
            ],
            [
              -123.7040063,
              48.3395191
            ],
            [
              -123.7040642,
              48.3395344
            ],
            [
              -123.7042755,
              48.3395903
            ],
            [
              -123.7043771,
              48.3396096
            ],
            [
              -123.7047771,
              48.3396858
            ],
            [
              -123.7049936,
              48.339691
            ],
            [
              -123.705075,
              48.3396929
            ],
            [
              -123.705148,
              48.339686
            ],
            [
              -123.7051815,
              48.3396829
            ],
            [
              -123.7054354,
              48.3395376
            ],
            [
              -123.7056105,
              48.339465
            ],
            [
              -123.7056906,
              48.3394009
            ],
            [
              -123.7058889,
              48.3391118
            ],
            [
              -123.7059697,
              48.3390762
            ],
            [
              -123.7060097,
              48.3390221
            ],
            [
              -123.7059522,
              48.3387971
            ],
            [
              -123.705993,
              48.3387344
            ],
            [
              -123.7060724,
              48.3386974
            ],
            [
              -123.7061532,
              48.3386874
            ],
            [
              -123.7062488,
              48.3387145
            ],
            [
              -123.7064117,
              48.3388028
            ],
            [
              -123.7064923,
              48.3388298
            ],
            [
              -123.7065881,
              48.3388384
            ],
            [
              -123.7067888,
              48.3388284
            ],
            [
              -123.7069776,
              48.3387728
            ],
            [
              -123.707032,
              48.3387273
            ],
            [
              -123.7070442,
              48.3386546
            ],
            [
              -123.7070021,
              48.3385393
            ],
            [
              -123.7067947,
              48.3381889
            ],
            [
              -123.7066396,
              48.3377488
            ],
            [
              -123.7064469,
              48.3375167
            ],
            [
              -123.7063921,
              48.3373643
            ],
            [
              -123.7063908,
              48.3373002
            ],
            [
              -123.7064302,
              48.3372105
            ],
            [
              -123.7065498,
              48.3370567
            ],
            [
              -123.706803,
              48.3368573
            ],
            [
              -123.7068687,
              48.3368217
            ],
            [
              -123.7072719,
              48.3366921
            ],
            [
              -123.707487,
              48.3366465
            ],
            [
              -123.7078658,
              48.3366437
            ],
            [
              -123.7083251,
              48.3367305
            ],
            [
              -123.708475,
              48.3367932
            ],
            [
              -123.7086249,
              48.3369
            ],
            [
              -123.7086689,
              48.3371336
            ],
            [
              -123.7087374,
              48.3371962
            ],
            [
              -123.7088486,
              48.3374028
            ],
            [
              -123.7088091,
              48.3375295
            ],
            [
              -123.7088131,
              48.3377802
            ],
            [
              -123.7087737,
              48.3378443
            ],
            [
              -123.7086529,
              48.337934
            ],
            [
              -123.7083718,
              48.3380892
            ],
            [
              -123.7083717,
              48.3381704
            ],
            [
              -123.7083995,
              48.3382331
            ],
            [
              -123.7084952,
              48.3382601
            ],
            [
              -123.7085753,
              48.3382587
            ],
            [
              -123.7086438,
              48.3383029
            ],
            [
              -123.7086872,
              48.3384382
            ],
            [
              -123.7086883,
              48.3386276
            ],
            [
              -123.7088648,
              48.3386447
            ],
            [
              -123.708934,
              48.3386803
            ],
            [
              -123.7090132,
              48.3387686
            ],
            [
              -123.7090078,
              48.3389326
            ],
            [
              -123.7090883,
              48.3390218
            ],
            [
              -123.7091097,
              48.3390548
            ],
            [
              -123.7090735,
              48.3391172
            ],
            [
              -123.7089434,
              48.3392286
            ],
            [
              -123.7086752,
              48.3393873
            ],
            [
              -123.7086162,
              48.3394889
            ],
            [
              -123.708625,
              48.3395753
            ]
          ]
        ]
      }
    },
    {
      "type": "Feature",
      "properties": {
        "osm_id": "relation/2045173",
        "name": "Francis/King Regional Park",
        "leisure": "park",
        "boundary": null,
        "operator": null,
        "protection_title": null,
        "source": "OpenStreetMap",
        "source_url": "https://www.openstreetmap.org/relation/2045173"
      },
      "geometry": {
        "type": "MultiPolygon",
        "coordinates": [
          [
            [
              [
                -123.4532395,
                48.4897655
              ],
              [
                -123.4528274,
                48.4897607
              ],
              [
                -123.4528026,
                48.4904741
              ],
              [
                -123.4524203,
                48.4901654
              ],
              [
                -123.4514339,
                48.4902624
              ],
              [
                -123.450887,
                48.4900975
              ],
              [
                -123.4500195,
                48.4896522
              ],
              [
                -123.4492705,
                48.4895692
              ],
              [
                -123.4486859,
                48.4890484
              ],
              [
                -123.4474793,
                48.4888491
              ],
              [
                -123.44729,
                48.4881116
              ],
              [
                -123.4465913,
                48.4871499
              ],
              [
                -123.4465671,
                48.4863567
              ],
              [
                -123.4461104,
                48.4854065
              ],
              [
                -123.4454232,
                48.4843325
              ],
              [
                -123.44494,
                48.4839268
              ],
              [
                -123.4439696,
                48.4835412
              ],
              [
                -123.4429291,
                48.4836544
              ],
              [
                -123.4448531,
                48.4816849
              ],
              [
                -123.4460472,
                48.4804377
              ],
              [
                -123.4484922,
                48.4778578
              ],
              [
                -123.4519002,
                48.4744259
              ],
              [
                -123.4534074,
                48.4744411
              ],
              [
                -123.4532395,
                48.4897655
              ]
            ]
          ],
          [
            [
              [
                -123.4491166,
                48.4897351
              ],
              [
                -123.4473497,
                48.4897256
              ],
              [
                -123.4474762,
                48.4890345
              ],
              [
                -123.4485263,
                48.4892083
              ],
              [
                -123.4491166,
                48.4897351
              ]
            ]
          ],
          [
            [
              [
                -123.4470736,
                48.4897249
              ],
              [
                -123.4420247,
                48.4896969
              ],
              [
                -123.4419197,
                48.4895846
              ],
              [
                -123.4412827,
                48.4890756
              ],
              [
                -123.4407817,
                48.4890456
              ],
              [
                -123.4404579,
                48.4889011
              ],
              [
                -123.4400716,
                48.4879327
              ],
              [
                -123.4400962,
                48.4867016
              ],
              [
                -123.4397739,
                48.4860946
              ],
              [
                -123.4397719,
                48.4855626
              ],
              [
                -123.4412163,
                48.4846825
              ],
              [
                -123.4416395,
                48.4841658
              ],
              [
                -123.4414266,
                48.4838254
              ],
              [
                -123.4417031,
                48.4836733
              ],
              [
                -123.4419996,
                48.4837301
              ],
              [
                -123.442924,
                48.4838383
              ],
              [
                -123.4439157,
                48.4837292
              ],
              [
                -123.4447549,
                48.4840613
              ],
              [
                -123.4449479,
                48.4842242
              ],
              [
                -123.4451883,
                48.4844271
              ],
              [
                -123.4458538,
                48.4854672
              ],
              [
                -123.4462967,
                48.4863875
              ],
              [
                -123.4463227,
                48.4871945
              ],
              [
                -123.4470274,
                48.4881647
              ],
              [
                -123.4472231,
                48.4889253
              ],
              [
                -123.4470822,
                48.4896994
              ],
              [
                -123.4470736,
                48.4897249
              ]
            ]
          ]
        ]
      }
    },
    {
      "type": "Feature",
      "properties": {
        "osm_id": "relation/2221065",
        "name": "Sea to Sea Regional Park",
        "leisure": "nature_reserve",
        "boundary": null,
        "operator": null,
        "protection_title": null,
        "source": "OpenStreetMap",
        "source_url": "https://www.openstreetmap.org/relation/2221065"
      },
      "geometry": {
        "type": "MultiPolygon",
        "coordinates": [
          [
            [
              [
                -123.6437741,
                48.4539695
              ],
              [
                -123.6331082,
                48.4575414
              ],
              [
                -123.6330975,
                48.4639395
              ],
              [
                -123.633483,
                48.4714687
              ],
              [
                -123.6492518,
                48.4713445
              ],
              [
                -123.6509596,
                48.4713357
              ],
              [
                -123.6577216,
                48.4712965
              ],
              [
                -123.6577855,
                48.4756378
              ],
              [
                -123.6599401,
                48.4756249
              ],
              [
                -123.6699067,
                48.4757914
              ],
              [
                -123.6743803,
                48.4757724
              ],
              [
                -123.6744241,
                48.4793918
              ],
              [
                -123.6798736,
                48.4793915
              ],
              [
                -123.6798518,
                48.4757751
              ],
              [
                -123.6879368,
                48.4757749
              ],
              [
                -123.6879391,
                48.4748066
              ],
              [
                -123.692372,
                48.4748049
              ],
              [
                -123.69236,
                48.4775108
              ],
              [
                -123.6910025,
                48.4775128
              ],
              [
                -123.6909976,
                48.4793223
              ],
              [
                -123.6878849,
                48.4793234
              ],
              [
                -123.6878266,
                48.4828194
              ],
              [
                -123.6985632,
                48.4828922
              ],
              [
                -123.6985638,
                48.4838856
              ],
              [
                -123.7016201,
                48.4839043
              ],
              [
                -123.701621,
                48.4782481
              ],
              [
                -123.7002861,
                48.4782456
              ],
              [
                -123.7002881,
                48.4755358
              ],
              [
                -123.7056393,
                48.4755189
              ],
              [
                -123.7055447,
                48.4818341
              ],
              [
                -123.7096236,
                48.4818539
              ],
              [
                -123.7095909,
                48.4839394
              ],
              [
                -123.7105341,
                48.4839276
              ],
              [
                -123.7105742,
                48.486625
              ],
              [
                -123.7124264,
                48.4866167
              ],
              [
                -123.7127977,
                48.4868026
              ],
              [
                -123.7128873,
                48.4868786
              ],
              [
                -123.7132209,
                48.4870061
              ],
              [
                -123.7135494,
                48.4872472
              ],
              [
                -123.7135994,
                48.4873194
              ],
              [
                -123.7136739,
                48.4874542
              ],
              [
                -123.7143398,
                48.4878749
              ],
              [
                -123.7142192,
                48.4874878
              ],
              [
                -123.7141415,
                48.4870995
              ],
              [
                -123.7141066,
                48.4866555
              ],
              [
                -123.7141208,
                48.4862629
              ],
              [
                -123.7141691,
                48.4859284
              ],
              [
                -123.714258,
                48.4855718
              ],
              [
                -123.7143981,
                48.4851783
              ],
              [
                -123.7145196,
                48.4849054
              ],
              [
                -123.7147916,
                48.4844503
              ],
              [
                -123.7150087,
                48.484161
              ],
              [
                -123.715323,
                48.4838152
              ],
              [
                -123.7166069,
                48.4826448
              ],
              [
                -123.7169027,
                48.4823522
              ],
              [
                -123.71711,
                48.4821069
              ],
              [
                -123.7172759,
                48.4817881
              ],
              [
                -123.7173492,
                48.4814873
              ],
              [
                -123.7173498,
                48.4812504
              ],
              [
                -123.7172897,
                48.4809863
              ],
              [
                -123.716934,
                48.4797004
              ],
              [
                -123.7168919,
                48.4794669
              ],
              [
                -123.7169029,
                48.4792429
              ],
              [
                -123.7169674,
                48.4789865
              ],
              [
                -123.7171235,
                48.478694
              ],
              [
                -123.7173117,
                48.4784717
              ],
              [
                -123.7175082,
                48.4782976
              ],
              [
                -123.7176986,
                48.4781655
              ],
              [
                -123.7180176,
                48.4779954
              ],
              [
                -123.7182864,
                48.4778901
              ],
              [
                -123.7186873,
                48.4777755
              ],
              [
                -123.7189703,
                48.4776827
              ],
              [
                -123.7192672,
                48.4775674
              ],
              [
                -123.7201187,
                48.4771872
              ],
              [
                -123.7208302,
                48.4768659
              ],
              [
                -123.7215461,
                48.4765092
              ],
              [
                -123.7224198,
                48.4760375
              ],
              [
                -123.7233737,
                48.4754686
              ],
              [
                -123.7236782,
                48.4753035
              ],
              [
                -123.7240117,
                48.4751679
              ],
              [
                -123.7244053,
                48.4750574
              ],
              [
                -123.7248299,
                48.4749955
              ],
              [
                -123.725279,
                48.4749778
              ],
              [
                -123.7257637,
                48.4750191
              ],
              [
                -123.7260772,
                48.4750883
              ],
              [
                -123.7264441,
                48.4751841
              ],
              [
                -123.7267842,
                48.4752402
              ],
              [
                -123.7270399,
                48.4752519
              ],
              [
                -123.7273267,
                48.4752328
              ],
              [
                -123.7276847,
                48.4751738
              ],
              [
                -123.7280893,
                48.4750441
              ],
              [
                -123.7283895,
                48.4748894
              ],
              [
                -123.7286518,
                48.4746904
              ],
              [
                -123.728823,
                48.474512
              ],
              [
                -123.728952,
                48.4742777
              ],
              [
                -123.7290209,
                48.4740566
              ],
              [
                -123.7290587,
                48.4737426
              ],
              [
                -123.729274,
                48.4718606
              ],
              [
                -123.7292802,
                48.4714687
              ],
              [
                -123.7292457,
                48.4700887
              ],
              [
                -123.7292519,
                48.4697301
              ],
              [
                -123.7293305,
                48.4693945
              ],
              [
                -123.7295161,
                48.4690588
              ],
              [
                -123.7297739,
                48.4687711
              ],
              [
                -123.7301638,
                48.4684605
              ],
              [
                -123.7304845,
                48.4682812
              ],
              [
                -123.7308289,
                48.4681298
              ],
              [
                -123.7312942,
                48.4679641
              ],
              [
                -123.7318979,
                48.4677869
              ],
              [
                -123.7323806,
                48.4676284
              ],
              [
                -123.7326525,
                48.4675117
              ],
              [
                -123.7329151,
                48.4673657
              ],
              [
                -123.7331336,
                48.4672073
              ],
              [
                -123.7333238,
                48.4670363
              ],
              [
                -123.7335031,
                48.466806
              ],
              [
                -123.733621,
                48.4665766
              ],
              [
                -123.7337011,
                48.46634
              ],
              [
                -123.7339841,
                48.4653612
              ],
              [
                -123.73408,
                48.4651433
              ],
              [
                -123.7342372,
                48.4649161
              ],
              [
                -123.7344573,
                48.4646919
              ],
              [
                -123.7346271,
                48.4645554
              ],
              [
                -123.7348331,
                48.4644146
              ],
              [
                -123.7351223,
                48.4642635
              ],
              [
                -123.73555,
                48.4640957
              ],
              [
                -123.7358487,
                48.4639622
              ],
              [
                -123.7361096,
                48.4638163
              ],
              [
                -123.7363486,
                48.4636526
              ],
              [
                -123.7365624,
                48.4634754
              ],
              [
                -123.7369004,
                48.4631512
              ],
              [
                -123.7371614,
                48.4628895
              ],
              [
                -123.7373972,
                48.4625987
              ],
              [
                -123.7375214,
                48.4624183
              ],
              [
                -123.7376161,
                48.4622483
              ],
              [
                -123.7377703,
                48.4617721
              ],
              [
                -123.7377848,
                48.4612733
              ],
              [
                -123.7373969,
                48.4600325
              ],
              [
                -123.7373422,
                48.4596041
              ],
              [
                -123.7373871,
                48.4592111
              ],
              [
                -123.7376142,
                48.4584722
              ],
              [
                -123.7376335,
                48.4580424
              ],
              [
                -123.7372855,
                48.456846
              ],
              [
                -123.7370545,
                48.4563698
              ],
              [
                -123.7365343,
                48.4557658
              ],
              [
                -123.7350794,
                48.4545761
              ],
              [
                -123.7347245,
                48.4547622
              ],
              [
                -123.7328167,
                48.4531594
              ],
              [
                -123.7326342,
                48.4530019
              ],
              [
                -123.7324628,
                48.4528405
              ],
              [
                -123.7322961,
                48.4526641
              ],
              [
                -123.7321499,
                48.452491
              ],
              [
                -123.7325065,
                48.4523622
              ],
              [
                -123.7324224,
                48.4522773
              ],
              [
                -123.732087,
                48.4517107
              ],
              [
                -123.730956,
                48.4490629
              ],
              [
                -123.7306814,
                48.4486744
              ],
              [
                -123.7302973,
                48.4483295
              ],
              [
                -123.7297532,
                48.4480101
              ],
              [
                -123.7291415,
                48.4477854
              ],
              [
                -123.7258927,
                48.4472046
              ],
              [
                -123.7253762,
                48.4470567
              ],
              [
                -123.7249044,
                48.446853
              ],
              [
                -123.7242073,
                48.4463624
              ],
              [
                -123.7235743,
                48.4455808
              ],
              [
                -123.7231175,
                48.4451424
              ],
              [
                -123.721659,
                48.4441342
              ],
              [
                -123.7209419,
                48.4437293
              ],
              [
                -123.7195466,
                48.443137
              ],
              [
                -123.7188829,
                48.4428015
              ],
              [
                -123.7171257,
                48.4417382
              ],
              [
                -123.7166234,
                48.4413226
              ],
              [
                -123.7162821,
                48.4406755
              ],
              [
                -123.7161938,
                48.4402961
              ],
              [
                -123.7160358,
                48.4383653
              ],
              [
                -123.7157858,
                48.4377048
              ],
              [
                -123.7156376,
                48.4375
              ],
              [
                -123.7156043,
                48.437458
              ],
              [
                -123.7155135,
                48.4373563
              ],
              [
                -123.7154149,
                48.4372578
              ],
              [
                -123.7153091,
                48.4371628
              ],
              [
                -123.714928,
                48.4368395
              ],
              [
                -123.7148253,
                48.436748
              ],
              [
                -123.7147289,
                48.4366534
              ],
              [
                -123.7146392,
                48.4365559
              ],
              [
                -123.7145562,
                48.4364558
              ],
              [
                -123.7144801,
                48.4363533
              ],
              [
                -123.7144112,
                48.4362486
              ],
              [
                -123.7143495,
                48.4361418
              ],
              [
                -123.7142952,
                48.4360333
              ],
              [
                -123.7142483,
                48.4359233
              ],
              [
                -123.7136655,
                48.4344289
              ],
              [
                -123.7136016,
                48.434304
              ],
              [
                -123.7135314,
                48.4341805
              ],
              [
                -123.713455,
                48.4340586
              ],
              [
                -123.7133726,
                48.4339386
              ],
              [
                -123.7132842,
                48.4338204
              ],
              [
                -123.7131899,
                48.4337043
              ],
              [
                -123.7128186,
                48.4332654
              ],
              [
                -123.7127245,
                48.4331496
              ],
              [
                -123.7126363,
                48.4330316
              ],
              [
                -123.712554,
                48.4329118
              ],
              [
                -123.7124778,
                48.4327902
              ],
              [
                -123.7124076,
                48.432667
              ],
              [
                -123.7123437,
                48.4325423
              ],
              [
                -123.7121445,
                48.4321302
              ],
              [
                -123.7120933,
                48.4320342
              ],
              [
                -123.7120341,
                48.4319402
              ],
              [
                -123.711967,
                48.4318487
              ],
              [
                -123.7118922,
                48.4317598
              ],
              [
                -123.71181,
                48.431674
              ],
              [
                -123.7117207,
                48.4315914
              ],
              [
                -123.7116245,
                48.4315122
              ],
              [
                -123.7115217,
                48.4314369
              ],
              [
                -123.7114127,
                48.4313656
              ],
              [
                -123.711327,
                48.4313943
              ],
              [
                -123.7113094,
                48.4314001
              ],
              [
                -123.7112932,
                48.4314055
              ],
              [
                -123.7112917,
                48.4314048
              ],
              [
                -123.7111619,
                48.4313407
              ],
              [
                -123.7111586,
                48.4313391
              ],
              [
                -123.7110459,
                48.4312835
              ],
              [
                -123.7109589,
                48.4312405
              ],
              [
                -123.7108269,
                48.4311748
              ],
              [
                -123.7107005,
                48.4311043
              ],
              [
                -123.71058,
                48.4310293
              ],
              [
                -123.7104658,
                48.43095
              ],
              [
                -123.7103583,
                48.4308666
              ],
              [
                -123.7102578,
                48.4307795
              ],
              [
                -123.7100266,
                48.4308469
              ],
              [
                -123.7099392,
                48.4307589
              ],
              [
                -123.7098584,
                48.4306682
              ],
              [
                -123.7097843,
                48.4305749
              ],
              [
                -123.7097173,
                48.4304793
              ],
              [
                -123.7096506,
                48.4303685
              ],
              [
                -123.7095933,
                48.4302554
              ],
              [
                -123.7095453,
                48.4301403
              ],
              [
                -123.709507,
                48.4300237
              ],
              [
                -123.7094783,
                48.4299058
              ],
              [
                -123.7094595,
                48.429787
              ],
              [
                -123.7094505,
                48.4296678
              ],
              [
                -123.7094514,
                48.4295483
              ],
              [
                -123.7094622,
                48.4294291
              ],
              [
                -123.7094828,
                48.4293105
              ],
              [
                -123.7095132,
                48.4291928
              ],
              [
                -123.7095533,
                48.4290764
              ],
              [
                -123.7099198,
                48.4291221
              ],
              [
                -123.7099569,
                48.4290374
              ],
              [
                -123.7100002,
                48.428954
              ],
              [
                -123.7100495,
                48.4288721
              ],
              [
                -123.7101047,
                48.4287919
              ],
              [
                -123.7101657,
                48.4287136
              ],
              [
                -123.7102666,
                48.4285903
              ],
              [
                -123.7103285,
                48.4285092
              ],
              [
                -123.7103837,
                48.428426
              ],
              [
                -123.7104319,
                48.4283409
              ],
              [
                -123.7104731,
                48.4282542
              ],
              [
                -123.710507,
                48.4281661
              ],
              [
                -123.7105349,
                48.4280708
              ],
              [
                -123.7105544,
                48.4279745
              ],
              [
                -123.7105654,
                48.4278777
              ],
              [
                -123.7105679,
                48.4277806
              ],
              [
                -123.7105618,
                48.4276835
              ],
              [
                -123.7105472,
                48.4275869
              ],
              [
                -123.7105242,
                48.427491
              ],
              [
                -123.7104647,
                48.4272856
              ],
              [
                -123.7104369,
                48.4271721
              ],
              [
                -123.7104183,
                48.4270577
              ],
              [
                -123.710409,
                48.4269429
              ],
              [
                -123.710409,
                48.4268278
              ],
              [
                -123.7104183,
                48.4267129
              ],
              [
                -123.7104369,
                48.4265986
              ],
              [
                -123.7104647,
                48.426485
              ],
              [
                -123.7105017,
                48.4263727
              ],
              [
                -123.7105477,
                48.4262618
              ],
              [
                -123.7111258,
                48.4250101
              ],
              [
                -123.7111404,
                48.4249791
              ],
              [
                -123.7111555,
                48.4249481
              ],
              [
                -123.711171,
                48.4249172
              ],
              [
                -123.7069118,
                48.4249949
              ],
              [
                -123.7068636,
                48.4249957
              ],
              [
                -123.7064956,
                48.4250017
              ],
              [
                -123.7064554,
                48.4250024
              ],
              [
                -123.7036741,
                48.4250442
              ],
              [
                -123.7036549,
                48.4209145
              ],
              [
                -123.7036546,
                48.4208514
              ],
              [
                -123.7036434,
                48.4199307
              ],
              [
                -123.7036424,
                48.4198514
              ],
              [
                -123.7035839,
                48.4176773
              ],
              [
                -123.7035838,
                48.4176715
              ],
              [
                -123.7110243,
                48.4176274
              ],
              [
                -123.7109745,
                48.4175413
              ],
              [
                -123.7109188,
                48.4174568
              ],
              [
                -123.7108574,
                48.4173741
              ],
              [
                -123.7107904,
                48.4172933
              ],
              [
                -123.7098385,
                48.4162071
              ],
              [
                -123.7097804,
                48.4161446
              ],
              [
                -123.7097176,
                48.416084
              ],
              [
                -123.7096504,
                48.4160257
              ],
              [
                -123.709579,
                48.4159696
              ],
              [
                -123.7095034,
                48.415916
              ],
              [
                -123.7094995,
                48.4159181
              ],
              [
                -123.7094358,
                48.4159511
              ],
              [
                -123.7093276,
                48.4158918
              ],
              [
                -123.7092136,
                48.4158376
              ],
              [
                -123.7090944,
                48.4157887
              ],
              [
                -123.7089705,
                48.4157453
              ],
              [
                -123.7088425,
                48.4157075
              ],
              [
                -123.7087109,
                48.4156757
              ],
              [
                -123.7085765,
                48.4156498
              ],
              [
                -123.7084397,
                48.4156301
              ],
              [
                -123.7083013,
                48.4156167
              ],
              [
                -123.7081618,
                48.4156095
              ],
              [
                -123.7080219,
                48.4156086
              ],
              [
                -123.7078823,
                48.4156141
              ],
              [
                -123.7076981,
                48.4156248
              ],
              [
                -123.7076521,
                48.4156275
              ],
              [
                -123.7076061,
                48.4156296
              ],
              [
                -123.70756,
                48.4156313
              ],
              [
                -123.7075139,
                48.4156325
              ],
              [
                -123.7075172,
                48.4156699
              ],
              [
                -123.707522,
                48.4157248
              ],
              [
                -123.7075152,
                48.4157247
              ],
              [
                -123.7073942,
                48.4157229
              ],
              [
                -123.7073889,
                48.4157228
              ],
              [
                -123.7073092,
                48.4157224
              ],
              [
                -123.70726,
                48.4157222
              ],
              [
                -123.707093,
                48.415712
              ],
              [
                -123.7069301,
                48.4156975
              ],
              [
                -123.7067629,
                48.4156732
              ],
              [
                -123.7066041,
                48.4156418
              ],
              [
                -123.7064769,
                48.4156117
              ],
              [
                -123.7063464,
                48.4155703
              ],
              [
                -123.7061012,
                48.4154832
              ],
              [
                -123.7059355,
                48.4154125
              ],
              [
                -123.7057206,
                48.4153027
              ],
              [
                -123.7055405,
                48.4151885
              ],
              [
                -123.7054535,
                48.4151283
              ],
              [
                -123.7053562,
                48.4150547
              ],
              [
                -123.7052518,
                48.4149608
              ],
              [
                -123.7051906,
                48.4148934
              ],
              [
                -123.7051339,
                48.4148313
              ],
              [
                -123.7050809,
                48.4147678
              ],
              [
                -123.7050317,
                48.4147029
              ],
              [
                -123.7049864,
                48.4146368
              ],
              [
                -123.7049603,
                48.414595
              ],
              [
                -123.7049359,
                48.4145527
              ],
              [
                -123.7048857,
                48.4144527
              ],
              [
                -123.7048443,
                48.4143508
              ],
              [
                -123.7048119,
                48.4142475
              ],
              [
                -123.7047887,
                48.414143
              ],
              [
                -123.7047747,
                48.4140379
              ],
              [
                -123.70477,
                48.4139324
              ],
              [
                -123.7047745,
                48.4138269
              ],
              [
                -123.7047746,
                48.4138265
              ],
              [
                -123.7047807,
                48.4138141
              ],
              [
                -123.7052171,
                48.4129233
              ],
              [
                -123.7053984,
                48.4129665
              ],
              [
                -123.7056374,
                48.4125089
              ],
              [
                -123.7056925,
                48.4123806
              ],
              [
                -123.7057409,
                48.4122512
              ],
              [
                -123.7057824,
                48.4121206
              ],
              [
                -123.7058172,
                48.4119892
              ],
              [
                -123.7058451,
                48.4118571
              ],
              [
                -123.7058661,
                48.4117244
              ],
              [
                -123.7056722,
                48.4117729
              ],
              [
                -123.7055888,
                48.4117937
              ],
              [
                -123.7055182,
                48.4118114
              ],
              [
                -123.7054503,
                48.4118284
              ],
              [
                -123.7054039,
                48.41184
              ],
              [
                -123.6999394,
                48.4132068
              ],
              [
                -123.6999178,
                48.414846
              ],
              [
                -123.6998916,
                48.417145
              ],
              [
                -123.6998882,
                48.4174436
              ],
              [
                -123.6998854,
                48.417694
              ],
              [
                -123.7001321,
                48.4282035
              ],
              [
                -123.7001319,
                48.4282036
              ],
              [
                -123.6995651,
                48.4282056
              ],
              [
                -123.6989593,
                48.4282077
              ],
              [
                -123.6983683,
                48.4282098
              ],
              [
                -123.6971384,
                48.4282142
              ],
              [
                -123.6958639,
                48.4282187
              ],
              [
                -123.6955917,
                48.4282197
              ],
              [
                -123.6910027,
                48.4282357
              ],
              [
                -123.6909988,
                48.4282358
              ],
              [
                -123.6880232,
                48.4282462
              ],
              [
                -123.6880228,
                48.4295095
              ],
              [
                -123.6880226,
                48.4304828
              ],
              [
                -123.6880224,
                48.4311886
              ],
              [
                -123.6880221,
                48.431921
              ],
              [
                -123.688022,
                48.4322454
              ],
              [
                -123.688022,
                48.4326535
              ],
              [
                -123.6880218,
                48.4333825
              ],
              [
                -123.6880217,
                48.4341016
              ],
              [
                -123.6880215,
                48.4348094
              ],
              [
                -123.6880214,
                48.4355328
              ],
              [
                -123.688021,
                48.4375
              ],
              [
                -123.6880214,
                48.4391935
              ],
              [
                -123.6871512,
                48.439483
              ],
              [
                -123.6771413,
                48.4394831
              ],
              [
                -123.6715743,
                48.4394821
              ],
              [
                -123.6662615,
                48.4394812
              ],
              [
                -123.6662577,
                48.4452583
              ],
              [
                -123.6662573,
                48.44647
              ],
              [
                -123.6593949,
                48.4487625
              ],
              [
                -123.6447424,
                48.4536573
              ],
              [
                -123.6447444,
                48.4467131
              ],
              [
                -123.6341594,
                48.4467247
              ],
              [
                -123.6341644,
                48.4482547
              ],
              [
                -123.6341829,
                48.453965
              ],
              [
                -123.6437741,
                48.4539695
              ]
            ]
          ],
          [
            [
              [
                -123.6662682,
                48.4282433
              ],
              [
                -123.6570726,
                48.4282408
              ],
              [
                -123.6556189,
                48.4282404
              ],
              [
                -123.6511641,
                48.4282389
              ],
              [
                -123.6460464,
                48.4282369
              ],
              [
                -123.6455491,
                48.4282367
              ],
              [
                -123.6447494,
                48.4282364
              ],
              [
                -123.6470357,
                48.4212523
              ],
              [
                -123.6504984,
                48.4102857
              ],
              [
                -123.6478179,
                48.4059555
              ],
              [
                -123.6528842,
                48.4046054
              ],
              [
                -123.6526753,
                48.4042805
              ],
              [
                -123.652885,
                48.4042847
              ],
              [
                -123.653039,
                48.4043448
              ],
              [
                -123.6533068,
                48.4044254
              ],
              [
                -123.6535678,
                48.4044911
              ],
              [
                -123.6537125,
                48.4045189
              ],
              [
                -123.6538863,
                48.4044849
              ],
              [
                -123.654962,
                48.4040717
              ],
              [
                -123.6556071,
                48.4040924
              ],
              [
                -123.6560176,
                48.4039797
              ],
              [
                -123.6562614,
                48.4040631
              ],
              [
                -123.656335,
                48.4041576
              ],
              [
                -123.6567626,
                48.404123
              ],
              [
                -123.6570481,
                48.4041854
              ],
              [
                -123.6576689,
                48.4040905
              ],
              [
                -123.6578519,
                48.4037593
              ],
              [
                -123.6583643,
                48.4034553
              ],
              [
                -123.6582187,
                48.4031916
              ],
              [
                -123.6580816,
                48.4029836
              ],
              [
                -123.6582027,
                48.4029501
              ],
              [
                -123.6628792,
                48.3977
              ],
              [
                -123.6642904,
                48.3972985
              ],
              [
                -123.6644138,
                48.397435
              ],
              [
                -123.6645396,
                48.3976198
              ],
              [
                -123.6656328,
                48.3973059
              ],
              [
                -123.6656088,
                48.3971635
              ],
              [
                -123.6656898,
                48.3972908
              ],
              [
                -123.6657384,
                48.3972768
              ],
              [
                -123.6676229,
                48.4003294
              ],
              [
                -123.667772,
                48.4002859
              ],
              [
                -123.665905,
                48.3972691
              ],
              [
                -123.6669646,
                48.3969858
              ],
              [
                -123.6687845,
                48.4000071
              ],
              [
                -123.6770246,
                48.397744
              ],
              [
                -123.6777859,
                48.397607
              ],
              [
                -123.6790525,
                48.4000005
              ],
              [
                -123.6825492,
                48.4053256
              ],
              [
                -123.6847267,
                48.4086416
              ],
              [
                -123.6880766,
                48.4136337
              ],
              [
                -123.688255,
                48.4135879
              ],
              [
                -123.6882533,
                48.421008
              ],
              [
                -123.6880232,
                48.4282462
              ],
              [
                -123.6771455,
                48.4282452
              ],
              [
                -123.6662682,
                48.4282433
              ]
            ]
          ],
          [
            [
              [
                -123.6232448,
                48.4395038
              ],
              [
                -123.6341407,
                48.4394893
              ],
              [
                -123.6341594,
                48.4467247
              ],
              [
                -123.6253218,
                48.4467396
              ],
              [
                -123.6253214,
                48.4465772
              ],
              [
                -123.6238167,
                48.4465797
              ],
              [
                -123.6194917,
                48.4465868
              ],
              [
                -123.6194901,
                48.4467407
              ],
              [
                -123.6119211,
                48.4467571
              ],
              [
                -123.6119046,
                48.4395114
              ],
              [
                -123.6232448,
                48.4395038
              ]
            ]
          ],
          [
            [
              [
                -123.7138596,
                48.424968
              ],
              [
                -123.7130457,
                48.4255487
              ],
              [
                -123.7111952,
                48.4268745
              ],
              [
                -123.7110252,
                48.4268788
              ],
              [
                -123.7110252,
                48.4268441
              ],
              [
                -123.7110267,
                48.4268094
              ],
              [
                -123.7110295,
                48.4267747
              ],
              [
                -123.7110336,
                48.4267401
              ],
              [
                -123.7110489,
                48.4266527
              ],
              [
                -123.7110652,
                48.4265843
              ],
              [
                -123.7110855,
                48.4265164
              ],
              [
                -123.71111,
                48.4264492
              ],
              [
                -123.7111385,
                48.4263826
              ],
              [
                -123.7117165,
                48.4251309
              ],
              [
                -123.7117439,
                48.4250739
              ],
              [
                -123.711773,
                48.4250172
              ],
              [
                -123.7118039,
                48.4249609
              ],
              [
                -123.7118365,
                48.4249051
              ],
              [
                -123.7134152,
                48.4248762
              ],
              [
                -123.7134425,
                48.4248757
              ],
              [
                -123.7136238,
                48.4248724
              ],
              [
                -123.7139626,
                48.4248662
              ],
              [
                -123.7139123,
                48.4249244
              ],
              [
                -123.7138596,
                48.424968
              ]
            ]
          ],
          [
            [
              [
                -123.7116907,
                48.4176229
              ],
              [
                -123.7116413,
                48.4175121
              ],
              [
                -123.7115841,
                48.417403
              ],
              [
                -123.7115192,
                48.4172959
              ],
              [
                -123.7114468,
                48.4171909
              ],
              [
                -123.7113671,
                48.4170883
              ],
              [
                -123.7106603,
                48.4162343
              ],
              [
                -123.7104974,
                48.4160374
              ],
              [
                -123.7103144,
                48.4161056
              ],
              [
                -123.710231,
                48.4160175
              ],
              [
                -123.7101398,
                48.4159328
              ],
              [
                -123.7100413,
                48.415852
              ],
              [
                -123.7099357,
                48.4157752
              ],
              [
                -123.7098234,
                48.4157028
              ],
              [
                -123.7097048,
                48.4156351
              ],
              [
                -123.7095803,
                48.4155722
              ],
              [
                -123.7094505,
                48.4155144
              ],
              [
                -123.7093157,
                48.415462
              ],
              [
                -123.7091764,
                48.415415
              ],
              [
                -123.7090332,
                48.4153737
              ],
              [
                -123.7088865,
                48.4153381
              ],
              [
                -123.7087369,
                48.4153086
              ],
              [
                -123.708585,
                48.415285
              ],
              [
                -123.7084312,
                48.4152676
              ],
              [
                -123.7082761,
                48.4152564
              ],
              [
                -123.7081202,
                48.4152515
              ],
              [
                -123.7079643,
                48.4152527
              ],
              [
                -123.7078087,
                48.4152603
              ],
              [
                -123.7076263,
                48.4152709
              ],
              [
                -123.7075841,
                48.4152733
              ],
              [
                -123.7075418,
                48.415275
              ],
              [
                -123.7074995,
                48.4152761
              ],
              [
                -123.7074571,
                48.4152766
              ],
              [
                -123.707436,
                48.4151395
              ],
              [
                -123.7073033,
                48.4151358
              ],
              [
                -123.7071704,
                48.4151256
              ],
              [
                -123.7070651,
                48.4151127
              ],
              [
                -123.7069355,
                48.4150908
              ],
              [
                -123.7068086,
                48.4150626
              ],
              [
                -123.7066852,
                48.4150282
              ],
              [
                -123.706566,
                48.4149879
              ],
              [
                -123.706474,
                48.4149515
              ],
              [
                -123.7063639,
                48.414901
              ],
              [
                -123.7063426,
                48.4148901
              ],
              [
                -123.7063214,
                48.4148793
              ],
              [
                -123.7062197,
                48.4148215
              ],
              [
                -123.7061246,
                48.4147588
              ],
              [
                -123.7061066,
                48.4147457
              ],
              [
                -123.7060886,
                48.4147325
              ],
              [
                -123.7060201,
                48.4146777
              ],
              [
                -123.7060039,
                48.4146636
              ],
              [
                -123.7059878,
                48.4146494
              ],
              [
                -123.7059269,
                48.4145909
              ],
              [
                -123.7059941,
                48.4145591
              ],
              [
                -123.7059558,
                48.4145181
              ],
              [
                -123.7059283,
                48.4144862
              ],
              [
                -123.705897,
                48.4144462
              ],
              [
                -123.705868,
                48.4144054
              ],
              [
                -123.7058239,
                48.4143329
              ],
              [
                -123.7057872,
                48.4142586
              ],
              [
                -123.705758,
                48.4141828
              ],
              [
                -123.7057365,
                48.4141059
              ],
              [
                -123.7057228,
                48.4140282
              ],
              [
                -123.705717,
                48.41395
              ],
              [
                -123.705719,
                48.4138717
              ],
              [
                -123.7054319,
                48.4138581
              ],
              [
                -123.7054352,
                48.413827
              ],
              [
                -123.7054396,
                48.413796
              ],
              [
                -123.705445,
                48.4137651
              ],
              [
                -123.7054515,
                48.4137342
              ],
              [
                -123.7054699,
                48.413664
              ],
              [
                -123.7055437,
                48.4135228
              ],
              [
                -123.7060312,
                48.4125893
              ],
              [
                -123.7060847,
                48.4124661
              ],
              [
                -123.7061322,
                48.4123419
              ],
              [
                -123.7061739,
                48.4122168
              ],
              [
                -123.7062096,
                48.4120908
              ],
              [
                -123.7062393,
                48.4119641
              ],
              [
                -123.70625,
                48.4119112
              ],
              [
                -123.7062632,
                48.4118382
              ],
              [
                -123.7062743,
                48.411765
              ],
              [
                -123.7062834,
                48.4116917
              ],
              [
                -123.7062904,
                48.4116183
              ],
              [
                -123.708341,
                48.4111055
              ],
              [
                -123.708437,
                48.4112093
              ],
              [
                -123.7088529,
                48.4117779
              ],
              [
                -123.7094403,
                48.4120802
              ],
              [
                -123.709844,
                48.4124421
              ],
              [
                -123.7102637,
                48.413184
              ],
              [
                -123.7101202,
                48.4135308
              ],
              [
                -123.7107082,
                48.4140968
              ],
              [
                -123.7110152,
                48.4142101
              ],
              [
                -123.7109346,
                48.4142162
              ],
              [
                -123.7102337,
                48.4142685
              ],
              [
                -123.7097144,
                48.4143739
              ],
              [
                -123.7099418,
                48.4148705
              ],
              [
                -123.7114711,
                48.4147606
              ],
              [
                -123.7117713,
                48.4147382
              ],
              [
                -123.7119252,
                48.41489
              ],
              [
                -123.7120855,
                48.4161843
              ],
              [
                -123.7124019,
                48.4176181
              ],
              [
                -123.7120494,
                48.4176205
              ],
              [
                -123.7116907,
                48.4176229
              ]
            ]
          ]
        ]
      }
    },
    {
      "type": "Feature",
      "properties": {
        "osm_id": "relation/2445441",
        "name": "Horth Hill Regional Park",
        "leisure": "park",
        "boundary": null,
        "operator": null,
        "protection_title": null,
        "source": "OpenStreetMap",
        "source_url": "https://www.openstreetmap.org/relation/2445441"
      },
      "geometry": {
        "type": "MultiPolygon",
        "coordinates": [
          [
            [
              [
                -123.4371465,
                48.6877613
              ],
              [
                -123.4303098,
                48.6877686
              ],
              [
                -123.4304498,
                48.6844957
              ],
              [
                -123.4305258,
                48.6825359
              ],
              [
                -123.4371067,
                48.6825451
              ],
              [
                -123.4371465,
                48.6877613
              ]
            ]
          ],
          [
            [
              [
                -123.4371044,
                48.6823658
              ],
              [
                -123.4305324,
                48.6823574
              ],
              [
                -123.43059,
                48.6807834
              ],
              [
                -123.433536,
                48.6807871
              ],
              [
                -123.4358544,
                48.68079
              ],
              [
                -123.4358975,
                48.680886
              ],
              [
                -123.4359501,
                48.6809817
              ],
              [
                -123.4360112,
                48.6810802
              ],
              [
                -123.436079,
                48.6811734
              ],
              [
                -123.4361516,
                48.6812619
              ],
              [
                -123.4362325,
                48.681351
              ],
              [
                -123.4363241,
                48.6814396
              ],
              [
                -123.436414,
                48.6815191
              ],
              [
                -123.4365208,
                48.6816029
              ],
              [
                -123.4366238,
                48.6816765
              ],
              [
                -123.4367339,
                48.6817473
              ],
              [
                -123.4368501,
                48.6818153
              ],
              [
                -123.4369793,
                48.6818833
              ],
              [
                -123.4370992,
                48.6819404
              ],
              [
                -123.4371044,
                48.6823658
              ]
            ]
          ]
        ]
      }
    },
    {
      "type": "Feature",
      "properties": {
        "osm_id": "relation/2690905",
        "name": "Goose Spit Regional Park",
        "leisure": "park",
        "boundary": null,
        "operator": null,
        "protection_title": null,
        "source": "OpenStreetMap",
        "source_url": "https://www.openstreetmap.org/relation/2690905"
      },
      "geometry": {
        "type": "Polygon",
        "coordinates": [
          [
            [
              -124.9005317,
              49.6673551
            ],
            [
              -124.8994523,
              49.6671027
            ],
            [
              -124.8999743,
              49.6665732
            ],
            [
              -124.9001335,
              49.6663824
            ],
            [
              -124.9005206,
              49.6660164
            ],
            [
              -124.9009061,
              49.6655777
            ],
            [
              -124.901121,
              49.6653854
            ],
            [
              -124.9016176,
              49.6649995
            ],
            [
              -124.9021114,
              49.6644967
            ],
            [
              -124.902363,
              49.6642048
            ],
            [
              -124.9026976,
              49.6638929
            ],
            [
              -124.9035313,
              49.6632491
            ],
            [
              -124.9039079,
              49.6629287
            ],
            [
              -124.9043937,
              49.6625968
            ],
            [
              -124.9046374,
              49.6624843
            ],
            [
              -124.9047636,
              49.6624313
            ],
            [
              -124.904812,
              49.6624666
            ],
            [
              -124.904997,
              49.6626905
            ],
            [
              -124.90518,
              49.6629101
            ],
            [
              -124.9050692,
              49.6628916
            ],
            [
              -124.9049584,
              49.6628931
            ],
            [
              -124.9047836,
              49.6629392
            ],
            [
              -124.9046292,
              49.6629799
            ],
            [
              -124.904332,
              49.6631822
            ],
            [
              -124.9035997,
              49.6639057
            ],
            [
              -124.9029248,
              49.6644013
            ],
            [
              -124.9024963,
              49.6647958
            ],
            [
              -124.9019345,
              49.6652729
            ],
            [
              -124.9016808,
              49.6655563
            ],
            [
              -124.9011697,
              49.6659152
            ],
            [
              -124.9010346,
              49.6660349
            ],
            [
              -124.9005739,
              49.666487
            ],
            [
              -124.9004425,
              49.6667887
            ],
            [
              -124.9003191,
              49.6670575
            ],
            [
              -124.9003545,
              49.6672387
            ],
            [
              -124.9005317,
              49.6673551
            ]
          ]
        ]
      }
    },
    {
      "type": "Feature",
      "properties": {
        "osm_id": "relation/2709373",
        "name": "Dyke Road Regional Park",
        "leisure": "park",
        "boundary": null,
        "operator": null,
        "protection_title": null,
        "source": "OpenStreetMap",
        "source_url": "https://www.openstreetmap.org/relation/2709373"
      },
      "geometry": {
        "type": "MultiPolygon",
        "coordinates": [
          [
            [
              [
                -124.9730769,
                49.6813298
              ],
              [
                -124.9729581,
                49.6812653
              ],
              [
                -124.9722013,
                49.6808694
              ],
              [
                -124.9725184,
                49.6805901
              ],
              [
                -124.9726514,
                49.6806145
              ],
              [
                -124.9729352,
                49.6807626
              ],
              [
                -124.9731227,
                49.6809478
              ],
              [
                -124.9732844,
                49.6811699
              ],
              [
                -124.9730769,
                49.6813298
              ]
            ]
          ],
          [
            [
              [
                -124.9747653,
                49.6826028
              ],
              [
                -124.9745149,
                49.6823753
              ],
              [
                -124.9741468,
                49.6820643
              ],
              [
                -124.9740865,
                49.6820101
              ],
              [
                -124.9746753,
                49.6820677
              ],
              [
                -124.9751213,
                49.6821994
              ],
              [
                -124.9747653,
                49.6826028
              ]
            ]
          ]
        ]
      }
    },
    {
      "type": "Feature",
      "properties": {
        "osm_id": "relation/2715325",
        "name": "Tsolum Spirit Regional Park",
        "leisure": "park",
        "boundary": null,
        "operator": null,
        "protection_title": null,
        "source": "OpenStreetMap",
        "source_url": "https://www.openstreetmap.org/relation/2715325"
      },
      "geometry": {
        "type": "Polygon",
        "coordinates": [
          [
            [
              -125.0876965,
              49.7518764
            ],
            [
              -125.0877147,
              49.7517378
            ],
            [
              -125.0873674,
              49.7512299
            ],
            [
              -125.086614,
              49.7501282
            ],
            [
              -125.0855819,
              49.7483902
            ],
            [
              -125.0863587,
              49.747684
            ],
            [
              -125.0859952,
              49.747247
            ],
            [
              -125.0858413,
              49.747116
            ],
            [
              -125.0855321,
              49.7469696
            ],
            [
              -125.0851769,
              49.7468818
            ],
            [
              -125.0848355,
              49.746937
            ],
            [
              -125.0845979,
              49.7470624
            ],
            [
              -125.0842642,
              49.747202
            ],
            [
              -125.086423,
              49.7504297
            ],
            [
              -125.0876965,
              49.7518764
            ]
          ]
        ]
      }
    },
    {
      "type": "Feature",
      "properties": {
        "osm_id": "relation/2730563",
        "name": "Mount Wells Regional Park",
        "leisure": "park",
        "boundary": null,
        "operator": null,
        "protection_title": null,
        "source": "OpenStreetMap",
        "source_url": "https://www.openstreetmap.org/relation/2730563"
      },
      "geometry": {
        "type": "Polygon",
        "coordinates": [
          [
            [
              -123.5543005,
              48.4478807
            ],
            [
              -123.554312,
              48.4478484
            ],
            [
              -123.5541429,
              48.4477997
            ],
            [
              -123.553862,
              48.4477359
            ],
            [
              -123.5532425,
              48.4477055
            ],
            [
              -123.55261,
              48.4477296
            ],
            [
              -123.5521288,
              48.4476503
            ],
            [
              -123.5514117,
              48.4474688
            ],
            [
              -123.5511615,
              48.4473371
            ],
            [
              -123.5551704,
              48.4398058
            ],
            [
              -123.5508506,
              48.4387477
            ],
            [
              -123.5503025,
              48.4386135
            ],
            [
              -123.5430794,
              48.4368273
            ],
            [
              -123.5450016,
              48.4331313
            ],
            [
              -123.5469777,
              48.4297044
            ],
            [
              -123.5591803,
              48.4329194
            ],
            [
              -123.5568028,
              48.4363001
            ],
            [
              -123.5611455,
              48.4375406
            ],
            [
              -123.560453,
              48.4383516
            ],
            [
              -123.5601857,
              48.4387528
            ],
            [
              -123.5598108,
              48.4391039
            ],
            [
              -123.5596887,
              48.43932
            ],
            [
              -123.5595477,
              48.4397991
            ],
            [
              -123.5593957,
              48.4401292
            ],
            [
              -123.5593454,
              48.440762
            ],
            [
              -123.5592297,
              48.4409145
            ],
            [
              -123.5594712,
              48.4409844
            ],
            [
              -123.5593297,
              48.4411802
            ],
            [
              -123.559344,
              48.4416359
            ],
            [
              -123.559319,
              48.4416935
            ],
            [
              -123.559189,
              48.4419975
            ],
            [
              -123.5588826,
              48.4423975
            ],
            [
              -123.5588533,
              48.4424361
            ],
            [
              -123.5587112,
              48.4427924
            ],
            [
              -123.5586925,
              48.4428394
            ],
            [
              -123.5586858,
              48.4428561
            ],
            [
              -123.5586058,
              48.4432303
            ],
            [
              -123.5586017,
              48.4432721
            ],
            [
              -123.5585885,
              48.443448
            ],
            [
              -123.5585672,
              48.4437163
            ],
            [
              -123.5583783,
              48.4444964
            ],
            [
              -123.5582645,
              48.444767
            ],
            [
              -123.5580346,
              48.4451675
            ],
            [
              -123.5577979,
              48.4452811
            ],
            [
              -123.5575323,
              48.4453196
            ],
            [
              -123.5572989,
              48.4453534
            ],
            [
              -123.5568363,
              48.4454893
            ],
            [
              -123.5563579,
              48.4456764
            ],
            [
              -123.5560324,
              48.4457867
            ],
            [
              -123.5559014,
              48.4458184
            ],
            [
              -123.5557406,
              48.4458473
            ],
            [
              -123.5555726,
              48.4459082
            ],
            [
              -123.5554901,
              48.4459605
            ],
            [
              -123.5554423,
              48.4460202
            ],
            [
              -123.5553952,
              48.4461081
            ],
            [
              -123.5553388,
              48.4462105
            ],
            [
              -123.5553109,
              48.4462652
            ],
            [
              -123.5552874,
              48.4462798
            ],
            [
              -123.5550877,
              48.4464043
            ],
            [
              -123.5549309,
              48.4466441
            ],
            [
              -123.5548799,
              48.4468999
            ],
            [
              -123.5547824,
              48.4470356
            ],
            [
              -123.5547531,
              48.4472806
            ],
            [
              -123.554723,
              48.447532
            ],
            [
              -123.5546899,
              48.4475769
            ],
            [
              -123.5545517,
              48.4477643
            ],
            [
              -123.5544956,
              48.4478004
            ],
            [
              -123.5544489,
              48.4478305
            ],
            [
              -123.5543814,
              48.447874
            ],
            [
              -123.5543005,
              48.4478807
            ]
          ]
        ]
      }
    },
    {
      "type": "Feature",
      "properties": {
        "osm_id": "relation/2730564",
        "name": "Sooke Hills Wilderness Regional Park",
        "leisure": "nature_reserve",
        "boundary": null,
        "operator": null,
        "protection_title": null,
        "source": "OpenStreetMap",
        "source_url": "https://www.openstreetmap.org/relation/2730564"
      },
      "geometry": {
        "type": "MultiPolygon",
        "coordinates": [
          [
            [
              [
                -123.5806039,
                48.4258064
              ],
              [
                -123.5753166,
                48.4258695
              ],
              [
                -123.5773566,
                48.4228224
              ],
              [
                -123.5773757,
                48.4228201
              ],
              [
                -123.5773871,
                48.4228168
              ],
              [
                -123.577429,
                48.4227857
              ],
              [
                -123.5774632,
                48.4227569
              ],
              [
                -123.577485,
                48.4227345
              ],
              [
                -123.5775008,
                48.422714
              ],
              [
                -123.5775296,
                48.4226862
              ],
              [
                -123.5775511,
                48.4226608
              ],
              [
                -123.5775702,
                48.4226359
              ],
              [
                -123.5775987,
                48.4225943
              ],
              [
                -123.5776309,
                48.422548
              ],
              [
                -123.5776822,
                48.4224546
              ],
              [
                -123.5777392,
                48.4223342
              ],
              [
                -123.5777868,
                48.4222581
              ],
              [
                -123.5778371,
                48.4221825
              ],
              [
                -123.5778954,
                48.4221055
              ],
              [
                -123.5779363,
                48.422049
              ],
              [
                -123.5779852,
                48.421988
              ],
              [
                -123.5780389,
                48.4219226
              ],
              [
                -123.5780925,
                48.4218616
              ],
              [
                -123.5781401,
                48.4218082
              ],
              [
                -123.5782045,
                48.4217374
              ],
              [
                -123.5782823,
                48.4216609
              ],
              [
                -123.5783661,
                48.4215804
              ],
              [
                -123.5784486,
                48.421502
              ],
              [
                -123.578515,
                48.4214442
              ],
              [
                -123.5785968,
                48.421373
              ],
              [
                -123.5786793,
                48.4213071
              ],
              [
                -123.5787705,
                48.4212359
              ],
              [
                -123.5788737,
                48.4211634
              ],
              [
                -123.5789515,
                48.4211051
              ],
              [
                -123.57903,
                48.4210579
              ],
              [
                -123.5790474,
                48.4210532
              ],
              [
                -123.5790601,
                48.4210486
              ],
              [
                -123.579088,
                48.4210312
              ],
              [
                -123.579202,
                48.4209834
              ],
              [
                -123.5792251,
                48.420968
              ],
              [
                -123.5792623,
                48.4209524
              ],
              [
                -123.5792858,
                48.4209362
              ],
              [
                -123.5793039,
                48.4209284
              ],
              [
                -123.5793247,
                48.4209135
              ],
              [
                -123.5793448,
                48.4209044
              ],
              [
                -123.5793569,
                48.420895
              ],
              [
                -123.5793894,
                48.420873
              ],
              [
                -123.5794025,
                48.4208619
              ],
              [
                -123.579431,
                48.4208321
              ],
              [
                -123.5794551,
                48.4208025
              ],
              [
                -123.5794879,
                48.4207618
              ],
              [
                -123.5795406,
                48.4206932
              ],
              [
                -123.5795832,
                48.4206432
              ],
              [
                -123.5796234,
                48.4205831
              ],
              [
                -123.5796496,
                48.420547
              ],
              [
                -123.5796764,
                48.4205074
              ],
              [
                -123.5797112,
                48.4204656
              ],
              [
                -123.5797501,
                48.4204229
              ],
              [
                -123.5797642,
                48.4204144
              ],
              [
                -123.5798205,
                48.4203539
              ],
              [
                -123.5798682,
                48.4202996
              ],
              [
                -123.5799245,
                48.420244
              ],
              [
                -123.5799942,
                48.4201777
              ],
              [
                -123.5800492,
                48.4201256
              ],
              [
                -123.5800653,
                48.420106
              ],
              [
                -123.5800827,
                48.4200905
              ],
              [
                -123.5800948,
                48.4200722
              ],
              [
                -123.5801089,
                48.420062
              ],
              [
                -123.5801625,
                48.4199917
              ],
              [
                -123.5801592,
                48.4199707
              ],
              [
                -123.5806366,
                48.4195758
              ],
              [
                -123.580639,
                48.4193934
              ],
              [
                -123.5813882,
                48.4190109
              ],
              [
                -123.5825922,
                48.4182842
              ],
              [
                -123.583427,
                48.4178511
              ],
              [
                -123.5842654,
                48.4173366
              ],
              [
                -123.5855532,
                48.4163144
              ],
              [
                -123.5862995,
                48.4165905
              ],
              [
                -123.5882199,
                48.4142196
              ],
              [
                -123.5884585,
                48.4141391
              ],
              [
                -123.5885442,
                48.4140995
              ],
              [
                -123.5886131,
                48.4140542
              ],
              [
                -123.588672,
                48.4139981
              ],
              [
                -123.5887122,
                48.4139248
              ],
              [
                -123.5887265,
                48.4138535
              ],
              [
                -123.588692,
                48.4136373
              ],
              [
                -123.5914742,
                48.4102331
              ],
              [
                -123.5954341,
                48.410293
              ],
              [
                -123.6020697,
                48.4102875
              ],
              [
                -123.61789,
                48.4103231
              ],
              [
                -123.623571,
                48.4103805
              ],
              [
                -123.623462,
                48.420086
              ],
              [
                -123.6234614,
                48.4201438
              ],
              [
                -123.62345,
                48.4211559
              ],
              [
                -123.6232448,
                48.4395038
              ],
              [
                -123.6119046,
                48.4395114
              ],
              [
                -123.6119211,
                48.4467571
              ],
              [
                -123.6194901,
                48.4467407
              ],
              [
                -123.6194917,
                48.4465868
              ],
              [
                -123.6238167,
                48.4465797
              ],
              [
                -123.6253214,
                48.4465772
              ],
              [
                -123.6253218,
                48.4467396
              ],
              [
                -123.6253548,
                48.4601289
              ],
              [
                -123.6331082,
                48.4575414
              ],
              [
                -123.6330975,
                48.4639395
              ],
              [
                -123.633483,
                48.4714687
              ],
              [
                -123.6492518,
                48.4713445
              ],
              [
                -123.6509596,
                48.4713357
              ],
              [
                -123.650978,
                48.4883796
              ],
              [
                -123.6509909,
                48.5003056
              ],
              [
                -123.6413061,
                48.5003365
              ],
              [
                -123.641166,
                48.5000272
              ],
              [
                -123.6407838,
                48.4996733
              ],
              [
                -123.6406549,
                48.4995733
              ],
              [
                -123.6404254,
                48.4994692
              ],
              [
                -123.639633,
                48.4991796
              ],
              [
                -123.6392463,
                48.4989983
              ],
              [
                -123.6389759,
                48.4987879
              ],
              [
                -123.6386268,
                48.4983483
              ],
              [
                -123.6382936,
                48.4979003
              ],
              [
                -123.637998,
                48.4974919
              ],
              [
                -123.6378093,
                48.4972461
              ],
              [
                -123.6374886,
                48.4967773
              ],
              [
                -123.6372968,
                48.4965043
              ],
              [
                -123.6372182,
                48.496323
              ],
              [
                -123.6372057,
                48.4961689
              ],
              [
                -123.6372748,
                48.4960543
              ],
              [
                -123.6374671,
                48.4958638
              ],
              [
                -123.6376828,
                48.4957062
              ],
              [
                -123.6379029,
                48.4955706
              ],
              [
                -123.6381697,
                48.4953614
              ],
              [
                -123.6382942,
                48.4951994
              ],
              [
                -123.6383653,
                48.4950638
              ],
              [
                -123.6384253,
                48.4948575
              ],
              [
                -123.6385098,
                48.4946159
              ],
              [
                -123.6385165,
                48.4945246
              ],
              [
                -123.6385899,
                48.4943448
              ],
              [
                -123.6387166,
                48.4940973
              ],
              [
                -123.6389034,
                48.4936803
              ],
              [
                -123.6390212,
                48.4933738
              ],
              [
                -123.6392969,
                48.4926003
              ],
              [
                -123.6394214,
                48.4922835
              ],
              [
                -123.6396726,
                48.4917089
              ],
              [
                -123.6399061,
                48.4912005
              ],
              [
                -123.6399661,
                48.4911121
              ],
              [
                -123.6400684,
                48.4907879
              ],
              [
                -123.6401393,
                48.4906249
              ],
              [
                -123.6402107,
                48.4904608
              ],
              [
                -123.640304,
                48.4901926
              ],
              [
                -123.6403263,
                48.4900114
              ],
              [
                -123.640264,
                48.4898184
              ],
              [
                -123.640144,
                48.4896637
              ],
              [
                -123.6400542,
                48.4895921
              ],
              [
                -123.6399572,
                48.4895148
              ],
              [
                -123.6397327,
                48.4894073
              ],
              [
                -123.6391968,
                48.4892246
              ],
              [
                -123.6381963,
                48.4889696
              ],
              [
                -123.6367868,
                48.4887324
              ],
              [
                -123.6360175,
                48.4886116
              ],
              [
                -123.6355923,
                48.4885288
              ],
              [
                -123.6354728,
                48.4885055
              ],
              [
                -123.6350504,
                48.4883891
              ],
              [
                -123.6345568,
                48.4882815
              ],
              [
                -123.6342655,
                48.4881857
              ],
              [
                -123.6340699,
                48.4880929
              ],
              [
                -123.6339743,
                48.4880045
              ],
              [
                -123.6338831,
                48.4878468
              ],
              [
                -123.6338142,
                48.4876685
              ],
              [
                -123.633812,
                48.4875948
              ],
              [
                -123.6337719,
                48.4874504
              ],
              [
                -123.6337475,
                48.4871527
              ],
              [
                -123.6337303,
                48.4869606
              ],
              [
                -123.633723,
                48.4868786
              ],
              [
                -123.6337519,
                48.4866414
              ],
              [
                -123.6338609,
                48.4861212
              ],
              [
                -123.6338564,
                48.4860446
              ],
              [
                -123.6338965,
                48.4858707
              ],
              [
                -123.6339365,
                48.4855627
              ],
              [
                -123.6339254,
                48.4853402
              ],
              [
                -123.6338787,
                48.4851236
              ],
              [
                -123.6337964,
                48.4849732
              ],
              [
                -123.6336786,
                48.4848215
              ],
              [
                -123.6335984,
                48.4847123
              ],
              [
                -123.633434,
                48.4844884
              ],
              [
                -123.6332139,
                48.4842541
              ],
              [
                -123.6329645,
                48.4840981
              ],
              [
                -123.6329035,
                48.48406
              ],
              [
                -123.6328557,
                48.484015
              ],
              [
                -123.6326745,
                48.4839332
              ],
              [
                -123.6325944,
                48.4838757
              ],
              [
                -123.6322898,
                48.4837888
              ],
              [
                -123.6320675,
                48.4837534
              ],
              [
                -123.631448,
                48.483569
              ],
              [
                -123.6309858,
                48.4836174
              ],
              [
                -123.6305236,
                48.4836612
              ],
              [
                -123.6302154,
                48.4837122
              ],
              [
                -123.6297297,
                48.4837685
              ],
              [
                -123.6296102,
                48.4837935
              ],
              [
                -123.6294875,
                48.4837987
              ],
              [
                -123.6291385,
                48.4838404
              ],
              [
                -123.6289452,
                48.4838508
              ],
              [
                -123.6287188,
                48.4838373
              ],
              [
                -123.6282644,
                48.4838175
              ],
              [
                -123.6277519,
                48.483806
              ],
              [
                -123.6273385,
                48.483806
              ],
              [
                -123.6267175,
                48.4838352
              ],
              [
                -123.6264628,
                48.4838352
              ],
              [
                -123.6261452,
                48.483806
              ],
              [
                -123.6259629,
                48.4837821
              ],
              [
                -123.6253466,
                48.4835789
              ],
              [
                -123.62493,
                48.4834299
              ],
              [
                -123.6244741,
                48.4833131
              ],
              [
                -123.6241816,
                48.4832225
              ],
              [
                -123.6238311,
                48.4831026
              ],
              [
                -123.6230576,
                48.4828463
              ],
              [
                -123.6227887,
                48.482764
              ],
              [
                -123.622598,
                48.4826733
              ],
              [
                -123.622457,
                48.482592
              ],
              [
                -123.6221723,
                48.4824119
              ],
              [
                -123.6220729,
                48.4823336
              ],
              [
                -123.6219726,
                48.4822546
              ],
              [
                -123.6217682,
                48.4820232
              ],
              [
                -123.6217501,
                48.4819916
              ],
              [
                -123.621644,
                48.4818065
              ],
              [
                -123.6215827,
                48.481647
              ],
              [
                -123.6215261,
                48.4814699
              ],
              [
                -123.6215057,
                48.481326
              ],
              [
                -123.6215466,
                48.4811666
              ],
              [
                -123.6216519,
                48.4809603
              ],
              [
                -123.6218516,
                48.4806862
              ],
              [
                -123.6219852,
                48.4805591
              ],
              [
                -123.6222556,
                48.4802204
              ],
              [
                -123.6223012,
                48.4801401
              ],
              [
                -123.6223205,
                48.4800501
              ],
              [
                -123.6224207,
                48.4795836
              ],
              [
                -123.6228106,
                48.478976
              ],
              [
                -123.6229646,
                48.4787384
              ],
              [
                -123.6230291,
                48.4785686
              ],
              [
                -123.6230259,
                48.4784612
              ],
              [
                -123.6229725,
                48.478282
              ],
              [
                -123.6228734,
                48.4781215
              ],
              [
                -123.6226471,
                48.4779537
              ],
              [
                -123.6224002,
                48.4778203
              ],
              [
                -123.6221817,
                48.4776911
              ],
              [
                -123.6218343,
                48.4774753
              ],
              [
                -123.621736,
                48.4774076
              ],
              [
                -123.6215953,
                48.4773107
              ],
              [
                -123.6212667,
                48.4770772
              ],
              [
                -123.6211645,
                48.476999
              ],
              [
                -123.6210608,
                48.4768959
              ],
              [
                -123.6209869,
                48.4768042
              ],
              [
                -123.6209209,
                48.4766916
              ],
              [
                -123.6208674,
                48.4765582
              ],
              [
                -123.6208328,
                48.4763435
              ],
              [
                -123.6208092,
                48.47601
              ],
              [
                -123.6208218,
                48.4756619
              ],
              [
                -123.6208061,
                48.475443
              ],
              [
                -123.6207685,
                48.4751574
              ],
              [
                -123.6207432,
                48.4749646
              ],
              [
                -123.6207527,
                48.474726
              ],
              [
                -123.6207432,
                48.4745144
              ],
              [
                -123.6206819,
                48.4743424
              ],
              [
                -123.6205797,
                48.4741517
              ],
              [
                -123.6204791,
                48.4740131
              ],
              [
                -123.6204191,
                48.4739575
              ],
              [
                -123.620325,
                48.4738703
              ],
              [
                -123.6201301,
                48.4737504
              ],
              [
                -123.6198864,
                48.4736347
              ],
              [
                -123.6197577,
                48.4735758
              ],
              [
                -123.6196773,
                48.4735389
              ],
              [
                -123.6195295,
                48.4734325
              ],
              [
                -123.6194399,
                48.4733367
              ],
              [
                -123.6194132,
                48.4732501
              ],
              [
                -123.6194525,
                48.4730396
              ],
              [
                -123.6194446,
                48.4729072
              ],
              [
                -123.6193896,
                48.472729
              ],
              [
                -123.6191758,
                48.4724622
              ],
              [
                -123.6190956,
                48.4723465
              ],
              [
                -123.6190359,
                48.4721964
              ],
              [
                -123.6189934,
                48.4718368
              ],
              [
                -123.618929,
                48.4714564
              ],
              [
                -123.6187844,
                48.4709842
              ],
              [
                -123.6187748,
                48.4709455
              ],
              [
                -123.6187026,
                48.4706548
              ],
              [
                -123.618613,
                48.4704578
              ],
              [
                -123.6184857,
                48.4700961
              ],
              [
                -123.6183725,
                48.4699857
              ],
              [
                -123.6182876,
                48.4699398
              ],
              [
                -123.6181398,
                48.4695937
              ],
              [
                -123.6180533,
                48.469404
              ],
              [
                -123.6179433,
                48.4690955
              ],
              [
                -123.6178348,
                48.4688391
              ],
              [
                -123.6176854,
                48.4686066
              ],
              [
                -123.6174921,
                48.4683836
              ],
              [
                -123.617338,
                48.4681647
              ],
              [
                -123.6170723,
                48.4678603
              ],
              [
                -123.6167658,
                48.4675674
              ],
              [
                -123.6165394,
                48.4674048
              ],
              [
                -123.6163324,
                48.4672866
              ],
              [
                -123.6162564,
                48.4672432
              ],
              [
                -123.6157344,
                48.4670691
              ],
              [
                -123.6151559,
                48.4669096
              ],
              [
                -123.6143018,
                48.4666853
              ],
              [
                -123.6141835,
                48.4666542
              ],
              [
                -123.6140023,
                48.4666446
              ],
              [
                -123.6138712,
                48.4666572
              ],
              [
                -123.6135454,
                48.466725
              ],
              [
                -123.6133031,
                48.4667972
              ],
              [
                -123.6128306,
                48.4669594
              ],
              [
                -123.6125794,
                48.4670611
              ],
              [
                -123.6122726,
                48.4672601
              ],
              [
                -123.6121792,
                48.4673198
              ],
              [
                -123.6120992,
                48.4673581
              ],
              [
                -123.6120076,
                48.4673855
              ],
              [
                -123.6115978,
                48.4675078
              ],
              [
                -123.6112688,
                48.4676154
              ],
              [
                -123.6110398,
                48.4677053
              ],
              [
                -123.6107641,
                48.4678188
              ],
              [
                -123.6106804,
                48.4678592
              ],
              [
                -123.610564,
                48.4679154
              ],
              [
                -123.6103861,
                48.4680068
              ],
              [
                -123.6102084,
                48.4681071
              ],
              [
                -123.6101249,
                48.4681542
              ],
              [
                -123.6102591,
                48.4682291
              ],
              [
                -123.6104129,
                48.4682927
              ],
              [
                -123.6106074,
                48.4684025
              ],
              [
                -123.6108331,
                48.4686325
              ],
              [
                -123.6112833,
                48.4692221
              ],
              [
                -123.6114612,
                48.4693629
              ],
              [
                -123.6116946,
                48.4695
              ],
              [
                -123.6118336,
                48.4696319
              ],
              [
                -123.6119359,
                48.4697285
              ],
              [
                -123.6120037,
                48.4698081
              ],
              [
                -123.6121615,
                48.4699592
              ],
              [
                -123.61229,
                48.4701332
              ],
              [
                -123.6123144,
                48.4701879
              ],
              [
                -123.6123445,
                48.4703049
              ],
              [
                -123.6123468,
                48.4703985
              ],
              [
                -123.61225,
                48.4707538
              ],
              [
                -123.6122034,
                48.4708503
              ],
              [
                -123.6121547,
                48.470922
              ],
              [
                -123.6120586,
                48.4710177
              ],
              [
                -123.6119603,
                48.4710765
              ],
              [
                -123.6118103,
                48.4711392
              ],
              [
                -123.6116281,
                48.4712067
              ],
              [
                -123.611429,
                48.4712335
              ],
              [
                -123.6112259,
                48.4712429
              ],
              [
                -123.6111077,
                48.4712387
              ],
              [
                -123.6109754,
                48.4712121
              ],
              [
                -123.6108298,
                48.4711554
              ],
              [
                -123.6107097,
                48.4710765
              ],
              [
                -123.6104451,
                48.4709128
              ],
              [
                -123.6103051,
                48.4708429
              ],
              [
                -123.6101972,
                48.4707994
              ],
              [
                -123.6099855,
                48.4707865
              ],
              [
                -123.6096892,
                48.4707854
              ],
              [
                -123.6096247,
                48.4707242
              ],
              [
                -123.6095725,
                48.470663
              ],
              [
                -123.6095625,
                48.4706085
              ],
              [
                -123.6094802,
                48.4704029
              ],
              [
                -123.6094145,
                48.4703019
              ],
              [
                -123.6093646,
                48.4701744
              ],
              [
                -123.6092523,
                48.469996
              ],
              [
                -123.6092368,
                48.4698788
              ],
              [
                -123.6091695,
                48.4696354
              ],
              [
                -123.6091189,
                48.4694521
              ],
              [
                -123.6090622,
                48.4693511
              ],
              [
                -123.6089922,
                48.4691683
              ],
              [
                -123.6088721,
                48.4691381
              ],
              [
                -123.6087554,
                48.4690968
              ],
              [
                -123.6085611,
                48.4690046
              ],
              [
                -123.6084443,
                48.4689513
              ],
              [
                -123.6083262,
                48.4689032
              ],
              [
                -123.6080576,
                48.4686936
              ],
              [
                -123.6079438,
                48.4685742
              ],
              [
                -123.6077618,
                48.4684382
              ],
              [
                -123.6076337,
                48.4683425
              ],
              [
                -123.6075203,
                48.4682868
              ],
              [
                -123.6073602,
                48.4682226
              ],
              [
                -123.6071879,
                48.4681696
              ],
              [
                -123.6065855,
                48.4679362
              ],
              [
                -123.6061985,
                48.4677656
              ],
              [
                -123.6061094,
                48.467721
              ],
              [
                -123.6058154,
                48.4675738
              ],
              [
                -123.6055271,
                48.4674177
              ],
              [
                -123.6051836,
                48.4671789
              ],
              [
                -123.6049502,
                48.4669891
              ],
              [
                -123.6047911,
                48.4668186
              ],
              [
                -123.6045044,
                48.4665848
              ],
              [
                -123.6043087,
                48.4665074
              ],
              [
                -123.6041759,
                48.4664753
              ],
              [
                -123.6039752,
                48.466475
              ],
              [
                -123.6037718,
                48.466492
              ],
              [
                -123.6037006,
                48.4665083
              ],
              [
                -123.6036206,
                48.4665192
              ],
              [
                -123.6035139,
                48.4665436
              ],
              [
                -123.6030437,
                48.4666364
              ],
              [
                -123.6028269,
                48.4666711
              ],
              [
                -123.602626,
                48.4667084
              ],
              [
                -123.6025004,
                48.4667107
              ],
              [
                -123.60233,
                48.4667138
              ],
              [
                -123.6022021,
                48.4666925
              ],
              [
                -123.6020587,
                48.4666527
              ],
              [
                -123.6019024,
                48.4665711
              ],
              [
                -123.601803,
                48.4665229
              ],
              [
                -123.6016474,
                48.4664264
              ],
              [
                -123.6014729,
                48.4663305
              ],
              [
                -123.6008248,
                48.4659863
              ],
              [
                -123.6007409,
                48.4659438
              ],
              [
                -123.6005391,
                48.4658418
              ],
              [
                -123.6003901,
                48.4657438
              ],
              [
                -123.6001708,
                48.4655828
              ],
              [
                -123.5999377,
                48.4653614
              ],
              [
                -123.6007504,
                48.4639284
              ],
              [
                -123.60063,
                48.4638992
              ],
              [
                -123.5694821,
                48.4563545
              ],
              [
                -123.5703824,
                48.4546559
              ],
              [
                -123.5600901,
                48.4522377
              ],
              [
                -123.5587007,
                48.4548586
              ],
              [
                -123.5586739,
                48.4547619
              ],
              [
                -123.5586559,
                48.4540586
              ],
              [
                -123.5585879,
                48.4538278
              ],
              [
                -123.5542161,
                48.4528021
              ],
              [
                -123.554502,
                48.4523342
              ],
              [
                -123.5544769,
                48.4522769
              ],
              [
                -123.5544604,
                48.4522143
              ],
              [
                -123.5544204,
                48.4519734
              ],
              [
                -123.5543936,
                48.4518343
              ],
              [
                -123.5543511,
                48.4516982
              ],
              [
                -123.5543055,
                48.4515673
              ],
              [
                -123.5542591,
                48.4514917
              ],
              [
                -123.5542151,
                48.4514479
              ],
              [
                -123.5541489,
                48.4514084
              ],
              [
                -123.5537985,
                48.4512874
              ],
              [
                -123.5536232,
                48.4512196
              ],
              [
                -123.5535036,
                48.4511497
              ],
              [
                -123.553524,
                48.4510684
              ],
              [
                -123.5534674,
                48.4510178
              ],
              [
                -123.553425,
                48.4509542
              ],
              [
                -123.5534023,
                48.4508847
              ],
              [
                -123.5533656,
                48.4506591
              ],
              [
                -123.5533456,
                48.450491
              ],
              [
                -123.5533512,
                48.4503929
              ],
              [
                -123.5533744,
                48.450257
              ],
              [
                -123.5534311,
                48.4501028
              ],
              [
                -123.5535559,
                48.4498633
              ],
              [
                -123.5536241,
                48.4496525
              ],
              [
                -123.5536462,
                48.4494424
              ],
              [
                -123.5536402,
                48.4493419
              ],
              [
                -123.5536224,
                48.4492292
              ],
              [
                -123.5535781,
                48.4490768
              ],
              [
                -123.5535023,
                48.4489183
              ],
              [
                -123.5533997,
                48.4487699
              ],
              [
                -123.5532859,
                48.4486405
              ],
              [
                -123.5531326,
                48.4485013
              ],
              [
                -123.5529951,
                48.4484048
              ],
              [
                -123.5527848,
                48.4482721
              ],
              [
                -123.5527111,
                48.4482223
              ],
              [
                -123.5526687,
                48.448155
              ],
              [
                -123.5526561,
                48.4480857
              ],
              [
                -123.5526616,
                48.4480184
              ],
              [
                -123.5526605,
                48.4479373
              ],
              [
                -123.5526923,
                48.4478573
              ],
              [
                -123.5530642,
                48.4478707
              ],
              [
                -123.5533332,
                48.4478615
              ],
              [
                -123.5536398,
                48.447849
              ],
              [
                -123.5537821,
                48.4478511
              ],
              [
                -123.5539589,
                48.4478819
              ],
              [
                -123.5541091,
                48.447925
              ],
              [
                -123.554259,
                48.4479834
              ],
              [
                -123.5543005,
                48.4478807
              ],
              [
                -123.5543814,
                48.447874
              ],
              [
                -123.5544489,
                48.4478305
              ],
              [
                -123.5544956,
                48.4478004
              ],
              [
                -123.5545517,
                48.4477643
              ],
              [
                -123.5546899,
                48.4475769
              ],
              [
                -123.554723,
                48.447532
              ],
              [
                -123.5547531,
                48.4472806
              ],
              [
                -123.5547824,
                48.4470356
              ],
              [
                -123.5548799,
                48.4468999
              ],
              [
                -123.5549309,
                48.4466441
              ],
              [
                -123.5550877,
                48.4464043
              ],
              [
                -123.5552874,
                48.4462798
              ],
              [
                -123.5553109,
                48.4462652
              ],
              [
                -123.5553388,
                48.4462105
              ],
              [
                -123.5553952,
                48.4461081
              ],
              [
                -123.5554423,
                48.4460202
              ],
              [
                -123.5554901,
                48.4459605
              ],
              [
                -123.5555726,
                48.4459082
              ],
              [
                -123.5557406,
                48.4458473
              ],
              [
                -123.5559014,
                48.4458184
              ],
              [
                -123.5560324,
                48.4457867
              ],
              [
                -123.5563579,
                48.4456764
              ],
              [
                -123.5568363,
                48.4454893
              ],
              [
                -123.5572989,
                48.4453534
              ],
              [
                -123.5575323,
                48.4453196
              ],
              [
                -123.5577979,
                48.4452811
              ],
              [
                -123.5580346,
                48.4451675
              ],
              [
                -123.5582645,
                48.444767
              ],
              [
                -123.5583783,
                48.4444964
              ],
              [
                -123.5585672,
                48.4437163
              ],
              [
                -123.5585885,
                48.443448
              ],
              [
                -123.5586017,
                48.4432721
              ],
              [
                -123.5586058,
                48.4432303
              ],
              [
                -123.5586858,
                48.4428561
              ],
              [
                -123.5586925,
                48.4428394
              ],
              [
                -123.5587112,
                48.4427924
              ],
              [
                -123.5588533,
                48.4424361
              ],
              [
                -123.5588826,
                48.4423975
              ],
              [
                -123.559189,
                48.4419975
              ],
              [
                -123.559319,
                48.4416935
              ],
              [
                -123.559344,
                48.4416359
              ],
              [
                -123.5593297,
                48.4411802
              ],
              [
                -123.5594712,
                48.4409844
              ],
              [
                -123.5603278,
                48.4412179
              ],
              [
                -123.5602567,
                48.440748
              ],
              [
                -123.5617578,
                48.4376825
              ],
              [
                -123.5664471,
                48.4390006
              ],
              [
                -123.5663678,
                48.4391323
              ],
              [
                -123.5663652,
                48.4391328
              ],
              [
                -123.5694033,
                48.43923
              ],
              [
                -123.5720997,
                48.4392585
              ],
              [
                -123.5806018,
                48.4394205
              ],
              [
                -123.5806039,
                48.4258064
              ]
            ]
          ],
          [
            [
              [
                -123.5524568,
                48.4511821
              ],
              [
                -123.5526171,
                48.4512139
              ],
              [
                -123.5527476,
                48.4512264
              ],
              [
                -123.5528671,
                48.4512337
              ],
              [
                -123.5530369,
                48.4512274
              ],
              [
                -123.5531689,
                48.4512165
              ],
              [
                -123.5532994,
                48.451192
              ],
              [
                -123.5533969,
                48.4511904
              ],
              [
                -123.5534448,
                48.4511941
              ],
              [
                -123.5535234,
                48.4512462
              ],
              [
                -123.5536052,
                48.4512895
              ],
              [
                -123.5537176,
                48.4513302
              ],
              [
                -123.554047,
                48.4514407
              ],
              [
                -123.5540965,
                48.4514636
              ],
              [
                -123.5541546,
                48.4515043
              ],
              [
                -123.5541924,
                48.4515434
              ],
              [
                -123.5542262,
                48.4516059
              ],
              [
                -123.5543071,
                48.4518666
              ],
              [
                -123.5543782,
                48.4522781
              ],
              [
                -123.5523561,
                48.4513812
              ],
              [
                -123.5524568,
                48.4511821
              ]
            ]
          ],
          [
            [
              [
                -123.5530318,
                48.4510455
              ],
              [
                -123.5528864,
                48.4510517
              ],
              [
                -123.5527174,
                48.4510429
              ],
              [
                -123.5525397,
                48.4510121
              ],
              [
                -123.5533698,
                48.4493885
              ],
              [
                -123.5533753,
                48.4494683
              ],
              [
                -123.553358,
                48.4495971
              ],
              [
                -123.5533376,
                48.4496873
              ],
              [
                -123.5533085,
                48.4497712
              ],
              [
                -123.5532488,
                48.4498985
              ],
              [
                -123.5531584,
                48.4500778
              ],
              [
                -123.5531277,
                48.4501602
              ],
              [
                -123.5531033,
                48.4502577
              ],
              [
                -123.5530845,
                48.4503573
              ],
              [
                -123.5530766,
                48.450485
              ],
              [
                -123.5530868,
                48.4506138
              ],
              [
                -123.5531081,
                48.4507535
              ],
              [
                -123.5531474,
                48.4509662
              ],
              [
                -123.5531772,
                48.4510283
              ],
              [
                -123.5530318,
                48.4510455
              ]
            ]
          ],
          [
            [
              [
                -123.6025029,
                48.522042
              ],
              [
                -123.6024864,
                48.5215557
              ],
              [
                -123.6024467,
                48.5214011
              ],
              [
                -123.6024391,
                48.5213393
              ],
              [
                -123.6024393,
                48.5210248
              ],
              [
                -123.602596,
                48.5207586
              ],
              [
                -123.6026351,
                48.5207269
              ],
              [
                -123.6027906,
                48.5205807
              ],
              [
                -123.6028858,
                48.5205079
              ],
              [
                -123.6029568,
                48.5204588
              ],
              [
                -123.6030127,
                48.520428
              ],
              [
                -123.6030682,
                48.5203893
              ],
              [
                -123.6032863,
                48.5202596
              ],
              [
                -123.6033432,
                48.5202222
              ],
              [
                -123.603403,
                48.520183
              ],
              [
                -123.6034775,
                48.5201475
              ],
              [
                -123.6038265,
                48.5199376
              ],
              [
                -123.6039128,
                48.5198943
              ],
              [
                -123.603985,
                48.5198465
              ],
              [
                -123.6040831,
                48.519774
              ],
              [
                -123.6042484,
                48.5196728
              ],
              [
                -123.6043414,
                48.5195985
              ],
              [
                -123.6043702,
                48.5195701
              ],
              [
                -123.6043989,
                48.5195424
              ],
              [
                -123.6044435,
                48.5195062
              ],
              [
                -123.6045162,
                48.5194334
              ],
              [
                -123.6045613,
                48.5193826
              ],
              [
                -123.6047339,
                48.5191674
              ],
              [
                -123.6049025,
                48.518941
              ],
              [
                -123.6049849,
                48.5188021
              ],
              [
                -123.6050694,
                48.5187405
              ],
              [
                -123.6054512,
                48.5186426
              ],
              [
                -123.6055426,
                48.5185821
              ],
              [
                -123.6056097,
                48.5185466
              ],
              [
                -123.6057642,
                48.5184887
              ],
              [
                -123.6058454,
                48.5184752
              ],
              [
                -123.6059137,
                48.5184506
              ],
              [
                -123.6059892,
                48.5184301
              ],
              [
                -123.6060806,
                48.518399
              ],
              [
                -123.6061657,
                48.5183759
              ],
              [
                -123.6063056,
                48.5183221
              ],
              [
                -123.6064962,
                48.5182511
              ],
              [
                -123.6065842,
                48.5182085
              ],
              [
                -123.6066682,
                48.5181559
              ],
              [
                -123.6067291,
                48.5181211
              ],
              [
                -123.6068306,
                48.5180629
              ],
              [
                -123.6068831,
                48.5180236
              ],
              [
                -123.6069316,
                48.517974
              ],
              [
                -123.6069665,
                48.5179198
              ],
              [
                -123.6070133,
                48.5178167
              ],
              [
                -123.6070195,
                48.5177618
              ],
              [
                -123.6070161,
                48.5176994
              ],
              [
                -123.6070071,
                48.5176561
              ],
              [
                -123.6070173,
                48.5176049
              ],
              [
                -123.6070652,
                48.5175638
              ],
              [
                -123.6071148,
                48.5175392
              ],
              [
                -123.6072062,
                48.5175063
              ],
              [
                -123.607275,
                48.5175018
              ],
              [
                -123.6073709,
                48.5175149
              ],
              [
                -123.6075124,
                48.5175504
              ],
              [
                -123.6076026,
                48.5175664
              ],
              [
                -123.6076844,
                48.5175709
              ],
              [
                -123.6077639,
                48.5175657
              ],
              [
                -123.6079111,
                48.5175235
              ],
              [
                -123.6079754,
                48.5174947
              ],
              [
                -123.6080284,
                48.5174626
              ],
              [
                -123.6080752,
                48.5174237
              ],
              [
                -123.6081068,
                48.517386
              ],
              [
                -123.6081417,
                48.5173203
              ],
              [
                -123.6081609,
                48.5172777
              ],
              [
                -123.6081846,
                48.5172366
              ],
              [
                -123.608219,
                48.5171981
              ],
              [
                -123.6082449,
                48.5171417
              ],
              [
                -123.608338,
                48.5169654
              ],
              [
                -123.6083797,
                48.5168996
              ],
              [
                -123.608444,
                48.5168212
              ],
              [
                -123.6084987,
                48.5167629
              ],
              [
                -123.6085371,
                48.5167271
              ],
              [
                -123.6085636,
                48.5167076
              ],
              [
                -123.6086482,
                48.5166187
              ],
              [
                -123.6087181,
                48.5165478
              ],
              [
                -123.6087598,
                48.5165037
              ],
              [
                -123.608792,
                48.5164615
              ],
              [
                -123.6088489,
                48.5163718
              ],
              [
                -123.6088935,
                48.5163154
              ],
              [
                -123.6089307,
                48.5162538
              ],
              [
                -123.6089752,
                48.5161903
              ],
              [
                -123.6090339,
                48.5161133
              ],
              [
                -123.6091196,
                48.5160285
              ],
              [
                -123.6094207,
                48.5157745
              ],
              [
                -123.6100484,
                48.5153636
              ],
              [
                -123.610283,
                48.515148
              ],
              [
                -123.6103972,
                48.5150687
              ],
              [
                -123.6105352,
                48.5150006
              ],
              [
                -123.6106907,
                48.5149456
              ],
              [
                -123.6108605,
                48.5149134
              ],
              [
                -123.6110153,
                48.5149086
              ],
              [
                -123.6111429,
                48.5149166
              ],
              [
                -123.6115719,
                48.5149625
              ],
              [
                -123.6116453,
                48.5149646
              ],
              [
                -123.6117761,
                48.514952
              ],
              [
                -123.612064,
                48.5148585
              ],
              [
                -123.6122092,
                48.5148246
              ],
              [
                -123.6123312,
                48.5148072
              ],
              [
                -123.6124476,
                48.5148025
              ],
              [
                -123.6132459,
                48.5148172
              ],
              [
                -123.6134637,
                48.5148442
              ],
              [
                -123.6135458,
                48.5148511
              ],
              [
                -123.6136487,
                48.5148748
              ],
              [
                -123.6137851,
                48.5148912
              ],
              [
                -123.6140251,
                48.5149393
              ],
              [
                -123.6141009,
                48.5149451
              ],
              [
                -123.6142388,
                48.5149425
              ],
              [
                -123.6143768,
                48.5149187
              ],
              [
                -123.6144765,
                48.5148791
              ],
              [
                -123.614569,
                48.5148204
              ],
              [
                -123.6146376,
                48.514756
              ],
              [
                -123.6146831,
                48.5146767
              ],
              [
                -123.6147158,
                48.5145711
              ],
              [
                -123.6147931,
                48.5139772
              ],
              [
                -123.6148497,
                48.5137416
              ],
              [
                -123.6147756,
                48.5133639
              ],
              [
                -123.6147293,
                48.5130268
              ],
              [
                -123.6146703,
                48.5128223
              ],
              [
                -123.6146639,
                48.5127579
              ],
              [
                -123.6146831,
                48.5126712
              ],
              [
                -123.614711,
                48.5125788
              ],
              [
                -123.6147748,
                48.5124546
              ],
              [
                -123.6148258,
                48.5123812
              ],
              [
                -123.6149271,
                48.512257
              ],
              [
                -123.6149797,
                48.5121582
              ],
              [
                -123.6150108,
                48.5120679
              ],
              [
                -123.6150563,
                48.5119205
              ],
              [
                -123.6150954,
                48.5118434
              ],
              [
                -123.6151456,
                48.5117562
              ],
              [
                -123.6151791,
                48.5117129
              ],
              [
                -123.6153291,
                48.5115766
              ],
              [
                -123.6154271,
                48.5114667
              ],
              [
                -123.6154957,
                48.5113853
              ],
              [
                -123.6155571,
                48.5112828
              ],
              [
                -123.6155683,
                48.5112421
              ],
              [
                -123.6156106,
                48.5111682
              ],
              [
                -123.6156696,
                48.5111042
              ],
              [
                -123.615853,
                48.5109241
              ],
              [
                -123.6159136,
                48.5108121
              ],
              [
                -123.6159352,
                48.5107302
              ],
              [
                -123.6159934,
                48.51042
              ],
              [
                -123.6160707,
                48.5100713
              ],
              [
                -123.6160795,
                48.5099514
              ],
              [
                -123.6160452,
                48.5096043
              ],
              [
                -123.616042,
                48.5094859
              ],
              [
                -123.6160046,
                48.5094114
              ],
              [
                -123.6159368,
                48.5093179
              ],
              [
                -123.6158179,
                48.5092561
              ],
              [
                -123.6156082,
                48.5092064
              ],
              [
                -123.6153298,
                48.5091504
              ],
              [
                -123.6150308,
                48.509115
              ],
              [
                -123.614829,
                48.5090717
              ],
              [
                -123.6146448,
                48.5090151
              ],
              [
                -123.6144925,
                48.5089575
              ],
              [
                -123.6143218,
                48.5088646
              ],
              [
                -123.6140044,
                48.5086802
              ],
              [
                -123.6138473,
                48.5086009
              ],
              [
                -123.6135275,
                48.5084308
              ],
              [
                -123.6132531,
                48.5083177
              ],
              [
                -123.6129764,
                48.5082215
              ],
              [
                -123.6126366,
                48.5081143
              ],
              [
                -123.6123726,
                48.508035
              ],
              [
                -123.6120512,
                48.507978
              ],
              [
                -123.6116987,
                48.5079293
              ],
              [
                -123.6112258,
                48.5078675
              ],
              [
                -123.610898,
                48.5077825
              ],
              [
                -123.6107609,
                48.5077196
              ],
              [
                -123.6105543,
                48.5075801
              ],
              [
                -123.61039,
                48.5074792
              ],
              [
                -123.6101747,
                48.5073645
              ],
              [
                -123.6099681,
                48.5072789
              ],
              [
                -123.6095654,
                48.5071119
              ],
              [
                -123.6093421,
                48.5069804
              ],
              [
                -123.6092169,
                48.5068715
              ],
              [
                -123.6090278,
                48.5067299
              ],
              [
                -123.6085414,
                48.5063088
              ],
              [
                -123.6083683,
                48.506135
              ],
              [
                -123.608204,
                48.5060161
              ],
              [
                -123.6079927,
                48.5059083
              ],
              [
                -123.6077582,
                48.5058074
              ],
              [
                -123.6075612,
                48.5057498
              ],
              [
                -123.6073945,
                48.5057255
              ],
              [
                -123.6072813,
                48.5057202
              ],
              [
                -123.6071904,
                48.5057276
              ],
              [
                -123.6070428,
                48.5057514
              ],
              [
                -123.6067453,
                48.5058348
              ],
              [
                -123.6066018,
                48.5058903
              ],
              [
                -123.6063514,
                48.505949
              ],
              [
                -123.6062485,
                48.5059521
              ],
              [
                -123.6061671,
                48.5059447
              ],
              [
                -123.6059598,
                48.5058972
              ],
              [
                -123.6057668,
                48.5058697
              ],
              [
                -123.6056519,
                48.505829
              ],
              [
                -123.6045849,
                48.5053672
              ],
              [
                -123.6042515,
                48.5052346
              ],
              [
                -123.6039883,
                48.5051432
              ],
              [
                -123.6034747,
                48.5050185
              ],
              [
                -123.6031453,
                48.5049477
              ],
              [
                -123.6027904,
                48.504843
              ],
              [
                -123.6024012,
                48.5047078
              ],
              [
                -123.6021947,
                48.5046417
              ],
              [
                -123.6020073,
                48.5045936
              ],
              [
                -123.6016029,
                48.5044462
              ],
              [
                -123.601386,
                48.5043384
              ],
              [
                -123.6013023,
                48.5042872
              ],
              [
                -123.6011922,
                48.5041989
              ],
              [
                -123.6011643,
                48.5041455
              ],
              [
                -123.6010183,
                48.5040467
              ],
              [
                -123.6005988,
                48.5038734
              ],
              [
                -123.6004513,
                48.5038475
              ],
              [
                -123.6000884,
                48.5037741
              ],
              [
                -123.599834,
                48.5037429
              ],
              [
                -123.5993348,
                48.5036768
              ],
              [
                -123.5991011,
                48.503661
              ],
              [
                -123.5988403,
                48.5036303
              ],
              [
                -123.5985628,
                48.5035854
              ],
              [
                -123.5983506,
                48.503541
              ],
              [
                -123.5981425,
                48.5035077
              ],
              [
                -123.5979495,
                48.5034729
              ],
              [
                -123.5977621,
                48.5034243
              ],
              [
                -123.5975922,
                48.5033894
              ],
              [
                -123.5973729,
                48.5033254
              ],
              [
                -123.5973067,
                48.5033133
              ],
              [
                -123.5968752,
                48.5031754
              ],
              [
                -123.5967197,
                48.5031135
              ],
              [
                -123.5964773,
                48.5029978
              ],
              [
                -123.596234,
                48.5028345
              ],
              [
                -123.5961559,
                48.5027532
              ],
              [
                -123.5960944,
                48.5026617
              ],
              [
                -123.5960522,
                48.5025524
              ],
              [
                -123.5960394,
                48.502351
              ],
              [
                -123.5961567,
                48.5021587
              ],
              [
                -123.5964996,
                48.5018813
              ],
              [
                -123.5967014,
                48.5017476
              ],
              [
                -123.5969079,
                48.5016546
              ],
              [
                -123.5971272,
                48.5015785
              ],
              [
                -123.5972796,
                48.5015383
              ],
              [
                -123.5975252,
                48.5014765
              ],
              [
                -123.5975962,
                48.5014442
              ],
              [
                -123.5976672,
                48.5013951
              ],
              [
                -123.5977198,
                48.5013412
              ],
              [
                -123.5978059,
                48.501179
              ],
              [
                -123.5978729,
                48.5009998
              ],
              [
                -123.5979192,
                48.5008751
              ],
              [
                -123.5979846,
                48.500697
              ],
              [
                -123.5980268,
                48.500557
              ],
              [
                -123.598093,
                48.5004782
              ],
              [
                -123.5981943,
                48.5002579
              ],
              [
                -123.5983036,
                48.5001215
              ],
              [
                -123.598432,
                48.5000037
              ],
              [
                -123.5985819,
                48.499926
              ],
              [
                -123.5987909,
                48.4998214
              ],
              [
                -123.5990724,
                48.4997231
              ],
              [
                -123.5992032,
                48.4996581
              ],
              [
                -123.5993579,
                48.4995767
              ],
              [
                -123.599468,
                48.4995032
              ],
              [
                -123.5996155,
                48.4993685
              ],
              [
                -123.5996953,
                48.4992707
              ],
              [
                -123.5998189,
                48.4989716
              ],
              [
                -123.5998707,
                48.4988273
              ],
              [
                -123.5999122,
                48.4986646
              ],
              [
                -123.599909,
                48.4985663
              ],
              [
                -123.5998444,
                48.4982032
              ],
              [
                -123.5998252,
                48.4980383
              ],
              [
                -123.5997447,
                48.4978978
              ],
              [
                -123.5997088,
                48.4977345
              ],
              [
                -123.5997024,
                48.4976673
              ],
              [
                -123.5997224,
                48.4975183
              ],
              [
                -123.5997216,
                48.4974427
              ],
              [
                -123.5997016,
                48.4972446
              ],
              [
                -123.5996378,
                48.4970025
              ],
              [
                -123.5995118,
                48.4967742
              ],
              [
                -123.5993691,
                48.4966305
              ],
              [
                -123.5992877,
                48.4964841
              ],
              [
                -123.5991968,
                48.4963657
              ],
              [
                -123.5991585,
                48.4962848
              ],
              [
                -123.5991505,
                48.4961485
              ],
              [
                -123.5990812,
                48.4959471
              ],
              [
                -123.5990764,
                48.495852
              ],
              [
                -123.5991067,
                48.4956723
              ],
              [
                -123.5991306,
                48.4954953
              ],
              [
                -123.5991386,
                48.495194
              ],
              [
                -123.5991689,
                48.4949403
              ],
              [
                -123.5991984,
                48.4948441
              ],
              [
                -123.5992534,
                48.4946872
              ],
              [
                -123.5992702,
                48.4945809
              ],
              [
                -123.5992726,
                48.4944663
              ],
              [
                -123.5992678,
                48.4943643
              ],
              [
                -123.5992423,
                48.4942649
              ],
              [
                -123.5991067,
                48.4939383
              ],
              [
                -123.5990469,
                48.4938701
              ],
              [
                -123.5989193,
                48.4937676
              ],
              [
                -123.5985365,
                48.4935329
              ],
              [
                -123.5981249,
                48.4933241
              ],
              [
                -123.5979271,
                48.4932126
              ],
              [
                -123.5978474,
                48.4931783
              ],
              [
                -123.5977724,
                48.4931312
              ],
              [
                -123.5976759,
                48.4930958
              ],
              [
                -123.59727,
                48.4929008
              ],
              [
                -123.5971416,
                48.4928146
              ],
              [
                -123.5970523,
                48.4927285
              ],
              [
                -123.5969263,
                48.4925604
              ],
              [
                -123.5968824,
                48.4924838
              ],
              [
                -123.5968529,
                48.4924103
              ],
              [
                -123.5968617,
                48.4923305
              ],
              [
                -123.596888,
                48.4922163
              ],
              [
                -123.5969103,
                48.4921117
              ],
              [
                -123.596943,
                48.4920361
              ],
              [
                -123.5969948,
                48.4919547
              ],
              [
                -123.5972166,
                48.4917121
              ],
              [
                -123.5973625,
                48.4915456
              ],
              [
                -123.5975467,
                48.4913601
              ],
              [
                -123.5978649,
                48.4912084
              ],
              [
                -123.5979925,
                48.4910995
              ],
              [
                -123.5982103,
                48.4909389
              ],
              [
                -123.5984328,
                48.4907153
              ],
              [
                -123.5986625,
                48.4904309
              ],
              [
                -123.5987087,
                48.4903273
              ],
              [
                -123.5987422,
                48.490146
              ],
              [
                -123.5987398,
                48.4900657
              ],
              [
                -123.5987047,
                48.4898897
              ],
              [
                -123.5986202,
                48.4897221
              ],
              [
                -123.598491,
                48.4895266
              ],
              [
                -123.5982597,
                48.4892871
              ],
              [
                -123.5980898,
                48.4891883
              ],
              [
                -123.598034,
                48.489174
              ],
              [
                -123.5976193,
                48.489017
              ],
              [
                -123.5975204,
                48.4889795
              ],
              [
                -123.5972708,
                48.4889182
              ],
              [
                -123.5971376,
                48.488897
              ],
              [
                -123.5970068,
                48.4888928
              ],
              [
                -123.5968146,
                48.4888669
              ],
              [
                -123.5964645,
                48.4887844
              ],
              [
                -123.5960649,
                48.4886734
              ],
              [
                -123.5958153,
                48.4886132
              ],
              [
                -123.5954397,
                48.4885212
              ],
              [
                -123.5949229,
                48.488397
              ],
              [
                -123.594769,
                48.4883648
              ],
              [
                -123.5944348,
                48.488286
              ],
              [
                -123.5941461,
                48.4881998
              ],
              [
                -123.5938829,
                48.48812
              ],
              [
                -123.5933135,
                48.4879514
              ],
              [
                -123.5929849,
                48.487852
              ],
              [
                -123.5927106,
                48.4877685
              ],
              [
                -123.5924251,
                48.4876707
              ],
              [
                -123.5922336,
                48.4875893
              ],
              [
                -123.591933,
                48.487482
              ],
              [
                -123.5917264,
                48.4874313
              ],
              [
                -123.5913651,
                48.4873552
              ],
              [
                -123.5909233,
                48.4872949
              ],
              [
                -123.5906099,
                48.4872516
              ],
              [
                -123.5903005,
                48.4872024
              ],
              [
                -123.5899639,
                48.4871696
              ],
              [
                -123.5897127,
                48.4871559
              ],
              [
                -123.5893195,
                48.4871168
              ],
              [
                -123.589081,
                48.4870787
              ],
              [
                -123.5888227,
                48.4870296
              ],
              [
                -123.5886257,
                48.4869783
              ],
              [
                -123.5884741,
                48.4869112
              ],
              [
                -123.5883705,
                48.4868514
              ],
              [
                -123.5881296,
                48.4867309
              ],
              [
                -123.5879597,
                48.4866638
              ],
              [
                -123.5878616,
                48.4866368
              ],
              [
                -123.5877396,
                48.4866178
              ],
              [
                -123.5875929,
                48.4866062
              ],
              [
                -123.5874366,
                48.4866067
              ],
              [
                -123.5872125,
                48.4866173
              ],
              [
                -123.5870697,
                48.4866257
              ],
              [
                -123.5867084,
                48.4866284
              ],
              [
                -123.5864843,
                48.4866268
              ],
              [
                -123.5862076,
                48.4865982
              ],
              [
                -123.5859619,
                48.4864698
              ],
              [
                -123.5859803,
                48.4863435
              ],
              [
                -123.5858447,
                48.4862583
              ],
              [
                -123.5858607,
                48.4860527
              ],
              [
                -123.5859324,
                48.4859634
              ],
              [
                -123.5860234,
                48.4858799
              ],
              [
                -123.5862004,
                48.4857742
              ],
              [
                -123.5864476,
                48.4856621
              ],
              [
                -123.5866741,
                48.4855791
              ],
              [
                -123.5868775,
                48.4855151
              ],
              [
                -123.5871032,
                48.4854253
              ],
              [
                -123.5871798,
                48.4853867
              ],
              [
                -123.5872563,
                48.4853122
              ],
              [
                -123.5872842,
                48.4852276
              ],
              [
                -123.5872922,
                48.4851039
              ],
              [
                -123.5872794,
                48.4850193
              ],
              [
                -123.5872364,
                48.4848935
              ],
              [
                -123.5871335,
                48.4846995
              ],
              [
                -123.5870896,
                48.4845668
              ],
              [
                -123.5870538,
                48.4844246
              ],
              [
                -123.5870538,
                48.4843289
              ],
              [
                -123.5870793,
                48.4842348
              ],
              [
                -123.5871104,
                48.4841793
              ],
              [
                -123.5872156,
                48.4840726
              ],
              [
                -123.5873752,
                48.4839869
              ],
              [
                -123.5877867,
                48.48372
              ],
              [
                -123.5878449,
                48.4836137
              ],
              [
                -123.5878911,
                48.483489
              ],
              [
                -123.5879119,
                48.4833816
              ],
              [
                -123.5879717,
                48.4832088
              ],
              [
                -123.5880794,
                48.483037
              ],
              [
                -123.5882763,
                48.4827684
              ],
              [
                -123.5883633,
                48.4826241
              ],
              [
                -123.5884566,
                48.4824296
              ],
              [
                -123.5884949,
                48.4822345
              ],
              [
                -123.5884797,
                48.4821251
              ],
              [
                -123.5884552,
                48.4820314
              ],
              [
                -123.5883787,
                48.4817803
              ],
              [
                -123.5883149,
                48.4816645
              ],
              [
                -123.58822,
                48.48148
              ],
              [
                -123.5881976,
                48.481416
              ],
              [
                -123.5881801,
                48.4812992
              ],
              [
                -123.5881338,
                48.4811771
              ],
              [
                -123.5880884,
                48.4809815
              ],
              [
                -123.5880716,
                48.4808456
              ],
              [
                -123.58807,
                48.4806616
              ],
              [
                -123.5880477,
                48.4805014
              ],
              [
                -123.5879974,
                48.4802519
              ],
              [
                -123.5879775,
                48.4800299
              ],
              [
                -123.5880022,
                48.479792
              ],
              [
                -123.5880349,
                48.4795388
              ],
              [
                -123.5880612,
                48.4793495
              ],
              [
                -123.5880708,
                48.4792237
              ],
              [
                -123.5880708,
                48.4791306
              ],
              [
                -123.5880517,
                48.4789937
              ],
              [
                -123.5879432,
                48.4786559
              ],
              [
                -123.5878595,
                48.4784164
              ],
              [
                -123.5877542,
                48.4781605
              ],
              [
                -123.5875971,
                48.4778967
              ],
              [
                -123.5873802,
                48.4775901
              ],
              [
                -123.5871122,
                48.4773061
              ],
              [
                -123.5869391,
                48.4771042
              ],
              [
                -123.5868466,
                48.4769858
              ],
              [
                -123.5866919,
                48.4768319
              ],
              [
                -123.5864734,
                48.4766432
              ],
              [
                -123.5862022,
                48.4763804
              ],
              [
                -123.5860611,
                48.4762821
              ],
              [
                -123.585892,
                48.4761811
              ],
              [
                -123.5856208,
                48.476051
              ],
              [
                -123.5853904,
                48.4759199
              ],
              [
                -123.5850618,
                48.4757417
              ],
              [
                -123.5848959,
                48.4756423
              ],
              [
                -123.5847236,
                48.475526
              ],
              [
                -123.5846016,
                48.4754176
              ],
              [
                -123.5844612,
                48.4752733
              ],
              [
                -123.584348,
                48.475148
              ],
              [
                -123.5842395,
                48.4749962
              ],
              [
                -123.5840585,
                48.4747589
              ],
              [
                -123.583639,
                48.4742312
              ],
              [
                -123.5834827,
                48.4741223
              ],
              [
                -123.5833008,
                48.4740155
              ],
              [
                -123.5829938,
                48.473832
              ],
              [
                -123.5828423,
                48.4737326
              ],
              [
                -123.5826955,
                48.473638
              ],
              [
                -123.5825193,
                48.4735068
              ],
              [
                -123.5823271,
                48.4733281
              ],
              [
                -123.5821907,
                48.4731743
              ],
              [
                -123.5820806,
                48.4730268
              ],
              [
                -123.5820049,
                48.4728692
              ],
              [
                -123.5819267,
                48.4726302
              ],
              [
                -123.5818525,
                48.4722981
              ],
              [
                -123.5818286,
                48.4721089
              ],
              [
                -123.5818183,
                48.4719397
              ],
              [
                -123.5818015,
                48.4716721
              ],
              [
                -123.5818159,
                48.4712919
              ],
              [
                -123.5817337,
                48.4705189
              ],
              [
                -123.5817473,
                48.4703634
              ],
              [
                -123.5817425,
                48.470291
              ],
              [
                -123.5816771,
                48.4699404
              ],
              [
                -123.5816595,
                48.4698839
              ],
              [
                -123.5815973,
                48.4696004
              ],
              [
                -123.5815112,
                48.4693466
              ],
              [
                -123.5814339,
                48.4691965
              ],
              [
                -123.5812289,
                48.4687893
              ],
              [
                -123.581189,
                48.4687258
              ],
              [
                -123.5809944,
                48.4682584
              ],
              [
                -123.5809242,
                48.4680807
              ],
              [
                -123.5808445,
                48.4679358
              ],
              [
                -123.5807225,
                48.4677201
              ],
              [
                -123.5806084,
                48.4674922
              ],
              [
                -123.5805342,
                48.4672637
              ],
              [
                -123.5805119,
                48.4670702
              ],
              [
                -123.5804976,
                48.4666916
              ],
              [
                -123.5717183,
                48.4646391
              ],
              [
                -123.5694395,
                48.4641065
              ],
              [
                -123.5676362,
                48.4643688
              ],
              [
                -123.5674147,
                48.4644059
              ],
              [
                -123.5672349,
                48.4644451
              ],
              [
                -123.5670619,
                48.46449
              ],
              [
                -123.5669366,
                48.4645273
              ],
              [
                -123.5668145,
                48.4645678
              ],
              [
                -123.5667414,
                48.4645945
              ],
              [
                -123.5666657,
                48.4646242
              ],
              [
                -123.5665713,
                48.4646628
              ],
              [
                -123.566488,
                48.4647003
              ],
              [
                -123.5664028,
                48.4647412
              ],
              [
                -123.5663414,
                48.4647723
              ],
              [
                -123.5662767,
                48.4648069
              ],
              [
                -123.565638,
                48.4651747
              ],
              [
                -123.5655616,
                48.4652147
              ],
              [
                -123.5654912,
                48.4652494
              ],
              [
                -123.5654114,
                48.4652863
              ],
              [
                -123.5653236,
                48.4653236
              ],
              [
                -123.5652307,
                48.465361
              ],
              [
                -123.5651264,
                48.4653988
              ],
              [
                -123.5650201,
                48.4654348
              ],
              [
                -123.5649128,
                48.4654673
              ],
              [
                -123.56477,
                48.4655064
              ],
              [
                -123.5645943,
                48.4655468
              ],
              [
                -123.5643807,
                48.4655855
              ],
              [
                -123.5642758,
                48.4656011
              ],
              [
                -123.5641645,
                48.4656149
              ],
              [
                -123.5640579,
                48.4656251
              ],
              [
                -123.5639479,
                48.4656335
              ],
              [
                -123.5638259,
                48.4656389
              ],
              [
                -123.5637018,
                48.4656424
              ],
              [
                -123.5635123,
                48.4656405
              ],
              [
                -123.5623751,
                48.4655199
              ],
              [
                -123.5618395,
                48.4655014
              ],
              [
                -123.5612798,
                48.4655417
              ],
              [
                -123.5607373,
                48.4656421
              ],
              [
                -123.5600886,
                48.465855
              ],
              [
                -123.5583406,
                48.4666459
              ],
              [
                -123.5578954,
                48.4669542
              ],
              [
                -123.5575974,
                48.4673129
              ],
              [
                -123.557465,
                48.4676217
              ],
              [
                -123.5574289,
                48.4679774
              ],
              [
                -123.5576835,
                48.4701842
              ],
              [
                -123.5579352,
                48.4711983
              ],
              [
                -123.5578486,
                48.4717668
              ],
              [
                -123.5576056,
                48.4721455
              ],
              [
                -123.5572279,
                48.4724718
              ],
              [
                -123.5552342,
                48.4734175
              ],
              [
                -123.5549185,
                48.4736347
              ],
              [
                -123.5546787,
                48.4738913
              ],
              [
                -123.55445,
                48.4744356
              ],
              [
                -123.5544178,
                48.4753099
              ],
              [
                -123.5542879,
                48.4758586
              ],
              [
                -123.554019,
                48.4764033
              ],
              [
                -123.5533686,
                48.4773272
              ],
              [
                -123.553238,
                48.4776744
              ],
              [
                -123.5531939,
                48.4780311
              ],
              [
                -123.5532375,
                48.4783879
              ],
              [
                -123.5533799,
                48.4787587
              ],
              [
                -123.5547837,
                48.4808717
              ],
              [
                -123.5550986,
                48.4811618
              ],
              [
                -123.5554833,
                48.481412
              ],
              [
                -123.5567379,
                48.4818982
              ],
              [
                -123.5573396,
                48.4822748
              ],
              [
                -123.5583365,
                48.4834886
              ],
              [
                -123.5585563,
                48.484042
              ],
              [
                -123.5585409,
                48.4844364
              ],
              [
                -123.5583112,
                48.4850747
              ],
              [
                -123.5582641,
                48.4853937
              ],
              [
                -123.5586338,
                48.4867664
              ],
              [
                -123.558512,
                48.4878945
              ],
              [
                -123.5585235,
                48.4883607
              ],
              [
                -123.5586879,
                48.4890146
              ],
              [
                -123.5587317,
                48.4894086
              ],
              [
                -123.562547,
                48.4894511
              ],
              [
                -123.5655649,
                48.4894355
              ],
              [
                -123.5655086,
                48.4966743
              ],
              [
                -123.5709501,
                48.496685
              ],
              [
                -123.5709099,
                48.5075384
              ],
              [
                -123.5762792,
                48.507545
              ],
              [
                -123.5817894,
                48.5075563
              ],
              [
                -123.5817865,
                48.5083662
              ],
              [
                -123.5817479,
                48.5147898
              ],
              [
                -123.5871918,
                48.5148028
              ],
              [
                -123.5871331,
                48.5220334
              ],
              [
                -123.6025029,
                48.522042
              ]
            ]
          ],
          [
            [
              [
                -123.5841,
                48.4157814
              ],
              [
                -123.5806769,
                48.4145246
              ],
              [
                -123.5806535,
                48.4179086
              ],
              [
                -123.5817503,
                48.4173369
              ],
              [
                -123.5828731,
                48.4167786
              ],
              [
                -123.5834496,
                48.4163613
              ],
              [
                -123.5841,
                48.4157814
              ]
            ]
          ]
        ]
      }
    },
    {
      "type": "Feature",
      "properties": {
        "osm_id": "relation/2742795",
        "name": "Sooke Potholes Regional Park",
        "leisure": "park",
        "boundary": null,
        "operator": null,
        "protection_title": null,
        "source": "OpenStreetMap",
        "source_url": "https://www.openstreetmap.org/relation/2742795"
      },
      "geometry": {
        "type": "MultiPolygon",
        "coordinates": [
          [
            [
              [
                -123.7118024,
                48.4312353
              ],
              [
                -123.7119452,
                48.43134
              ],
              [
                -123.7120971,
                48.4314686
              ],
              [
                -123.712228,
                48.431598
              ],
              [
                -123.7123508,
                48.4317455
              ],
              [
                -123.7124372,
                48.4318692
              ],
              [
                -123.7125014,
                48.431979
              ],
              [
                -123.7126978,
                48.4323775
              ],
              [
                -123.7127712,
                48.4325311
              ],
              [
                -123.712862,
                48.4326917
              ],
              [
                -123.7129404,
                48.4328174
              ],
              [
                -123.7130398,
                48.4329571
              ],
              [
                -123.7131632,
                48.4331132
              ],
              [
                -123.7133312,
                48.4333114
              ],
              [
                -123.7135713,
                48.4335969
              ],
              [
                -123.7136942,
                48.4337522
              ],
              [
                -123.7138176,
                48.4339263
              ],
              [
                -123.7139072,
                48.4340659
              ],
              [
                -123.7140004,
                48.4342306
              ],
              [
                -123.7140775,
                48.4343854
              ],
              [
                -123.7143541,
                48.4350998
              ],
              [
                -123.7144807,
                48.4354258
              ],
              [
                -123.714614,
                48.4357719
              ],
              [
                -123.7146702,
                48.4359095
              ],
              [
                -123.7147165,
                48.436009
              ],
              [
                -123.71479,
                48.4361413
              ],
              [
                -123.7148795,
                48.4362716
              ],
              [
                -123.7149696,
                48.4363883
              ],
              [
                -123.715056,
                48.4364866
              ],
              [
                -123.7151888,
                48.436616
              ],
              [
                -123.7153919,
                48.4367901
              ],
              [
                -123.7155391,
                48.4369131
              ],
              [
                -123.7156983,
                48.4370511
              ],
              [
                -123.7157903,
                48.4371359
              ],
              [
                -123.7158743,
                48.4372235
              ],
              [
                -123.7159731,
                48.4373321
              ],
              [
                -123.7160987,
                48.4375
              ],
              [
                -123.7161434,
                48.4375651
              ],
              [
                -123.7162126,
                48.4376749
              ],
              [
                -123.7162725,
                48.4377892
              ],
              [
                -123.7163175,
                48.4378875
              ],
              [
                -123.7163712,
                48.4380296
              ],
              [
                -123.7164138,
                48.4381754
              ],
              [
                -123.7164435,
                48.4383163
              ],
              [
                -123.7164564,
                48.4384146
              ],
              [
                -123.7164694,
                48.4385743
              ],
              [
                -123.7164879,
                48.4388172
              ],
              [
                -123.7165052,
                48.4390293
              ],
              [
                -123.7165206,
                48.4392308
              ],
              [
                -123.7165355,
                48.4394016
              ],
              [
                -123.7165527,
                48.4396388
              ],
              [
                -123.7165688,
                48.4398386
              ],
              [
                -123.7165892,
                48.4400884
              ],
              [
                -123.7166034,
                48.4402723
              ],
              [
                -123.7166225,
                48.4403985
              ],
              [
                -123.7166435,
                48.4404869
              ],
              [
                -123.7166614,
                48.4405451
              ],
              [
                -123.7166725,
                48.4405775
              ],
              [
                -123.7167966,
                48.4405496
              ],
              [
                -123.7168318,
                48.4406422
              ],
              [
                -123.7168818,
                48.4407413
              ],
              [
                -123.7169423,
                48.4408469
              ],
              [
                -123.7170077,
                48.4409383
              ],
              [
                -123.7170923,
                48.4410427
              ],
              [
                -123.7171831,
                48.4411406
              ],
              [
                -123.7172979,
                48.4412487
              ],
              [
                -123.7173856,
                48.4413216
              ],
              [
                -123.7174979,
                48.4414027
              ],
              [
                -123.7175905,
                48.4414653
              ],
              [
                -123.7174757,
                48.4415448
              ],
              [
                -123.7179714,
                48.4418565
              ],
              [
                -123.7182783,
                48.4420518
              ],
              [
                -123.718682,
                48.4423065
              ],
              [
                -123.7189217,
                48.4424588
              ],
              [
                -123.7190981,
                48.4425629
              ],
              [
                -123.7192994,
                48.4426751
              ],
              [
                -123.7195296,
                48.4427931
              ],
              [
                -123.7197803,
                48.4429102
              ],
              [
                -123.7200698,
                48.4430367
              ],
              [
                -123.7203569,
                48.4431522
              ],
              [
                -123.720694,
                48.4432943
              ],
              [
                -123.7210094,
                48.4434262
              ],
              [
                -123.7212422,
                48.443536
              ],
              [
                -123.7214539,
                48.4436449
              ],
              [
                -123.7216385,
                48.4437473
              ],
              [
                -123.721807,
                48.4438484
              ],
              [
                -123.7220015,
                48.4439741
              ],
              [
                -123.7222318,
                48.4441289
              ],
              [
                -123.7229306,
                48.444595
              ],
              [
                -123.7232177,
                48.444796
              ],
              [
                -123.723435,
                48.4449664
              ],
              [
                -123.7235708,
                48.4450835
              ],
              [
                -123.7237418,
                48.4452379
              ],
              [
                -123.7238708,
                48.4453714
              ],
              [
                -123.7240227,
                48.4455467
              ],
              [
                -123.7241443,
                48.4457043
              ],
              [
                -123.7242832,
                48.4458948
              ],
              [
                -123.7243746,
                48.4460188
              ],
              [
                -123.7244641,
                48.4461229
              ],
              [
                -123.7245839,
                48.446242
              ],
              [
                -123.7247172,
                48.4463563
              ],
              [
                -123.7248512,
                48.4464533
              ],
              [
                -123.7249876,
                48.4465422
              ],
              [
                -123.7251352,
                48.4466241
              ],
              [
                -123.7253574,
                48.4467326
              ],
              [
                -123.7255618,
                48.4468129
              ],
              [
                -123.7258235,
                48.4468956
              ],
              [
                -123.7260007,
                48.4469398
              ],
              [
                -123.7262125,
                48.446982
              ],
              [
                -123.7273521,
                48.4471753
              ],
              [
                -123.7278818,
                48.4472645
              ],
              [
                -123.7283402,
                48.4473416
              ],
              [
                -123.7284053,
                48.4473526
              ],
              [
                -123.7289638,
                48.4474509
              ],
              [
                -123.7291542,
                48.4474926
              ],
              [
                -123.7294013,
                48.4475609
              ],
              [
                -123.7296117,
                48.4476304
              ],
              [
                -123.7298361,
                48.4477155
              ],
              [
                -123.7300674,
                48.4478221
              ],
              [
                -123.7302499,
                48.4479194
              ],
              [
                -123.7304385,
                48.4480317
              ],
              [
                -123.7305991,
                48.4481423
              ],
              [
                -123.7307624,
                48.4482709
              ],
              [
                -123.7309003,
                48.4483942
              ],
              [
                -123.7310322,
                48.4485315
              ],
              [
                -123.7311457,
                48.4486664
              ],
              [
                -123.7312705,
                48.4488436
              ],
              [
                -123.7313578,
                48.4489965
              ],
              [
                -123.7314399,
                48.4491731
              ],
              [
                -123.7315246,
                48.4493787
              ],
              [
                -123.731652,
                48.4496764
              ],
              [
                -123.7317813,
                48.4499839
              ],
              [
                -123.7318825,
                48.4502219
              ],
              [
                -123.7320484,
                48.4506156
              ],
              [
                -123.7323487,
                48.4505583
              ],
              [
                -123.732505,
                48.4509318
              ],
              [
                -123.7326901,
                48.4513696
              ],
              [
                -123.7327783,
                48.4515757
              ],
              [
                -123.7324858,
                48.451636
              ],
              [
                -123.7325574,
                48.4517622
              ],
              [
                -123.7326866,
                48.451973
              ],
              [
                -123.732815,
                48.4521536
              ],
              [
                -123.7329433,
                48.4523146
              ],
              [
                -123.7331066,
                48.4524941
              ],
              [
                -123.733241,
                48.4526261
              ],
              [
                -123.7334322,
                48.452797
              ],
              [
                -123.7336025,
                48.4529354
              ],
              [
                -123.7339046,
                48.4531855
              ],
              [
                -123.7342974,
                48.4535092
              ],
              [
                -123.7346903,
                48.4538311
              ],
              [
                -123.7350902,
                48.4541629
              ],
              [
                -123.7354412,
                48.4544519
              ],
              [
                -123.7357109,
                48.454669
              ],
              [
                -123.7360322,
                48.4549278
              ],
              [
                -123.7364286,
                48.4552463
              ],
              [
                -123.7367604,
                48.4555138
              ],
              [
                -123.7369577,
                48.4556863
              ],
              [
                -123.737107,
                48.455838
              ],
              [
                -123.7372423,
                48.4559967
              ],
              [
                -123.7373811,
                48.4561814
              ],
              [
                -123.7375191,
                48.4564072
              ],
              [
                -123.7376195,
                48.4566145
              ],
              [
                -123.7376989,
                48.4568189
              ],
              [
                -123.7378788,
                48.4573817
              ],
              [
                -123.7379879,
                48.4577163
              ],
              [
                -123.7380281,
                48.4578958
              ],
              [
                -123.7380525,
                48.4581095
              ],
              [
                -123.7380473,
                48.4583347
              ],
              [
                -123.7380106,
                48.4585738
              ],
              [
                -123.7379137,
                48.4588876
              ],
              [
                -123.7378159,
                48.4591661
              ],
              [
                -123.7377862,
                48.4592952
              ],
              [
                -123.7377609,
                48.4594591
              ],
              [
                -123.737753,
                48.4596224
              ],
              [
                -123.7377679,
                48.4598117
              ],
              [
                -123.7378072,
                48.4600016
              ],
              [
                -123.7378508,
                48.4601429
              ],
              [
                -123.7390339,
                48.4599432
              ],
              [
                -123.7390255,
                48.4599175
              ],
              [
                -123.7390096,
                48.459711
              ],
              [
                -123.7390062,
                48.4595757
              ],
              [
                -123.7390321,
                48.4594048
              ],
              [
                -123.7390564,
                48.4592254
              ],
              [
                -123.7390794,
                48.4590445
              ],
              [
                -123.7390821,
                48.4590024
              ],
              [
                -123.7390826,
                48.4589939
              ],
              [
                -123.7390908,
                48.458865
              ],
              [
                -123.739143,
                48.4586486
              ],
              [
                -123.7391387,
                48.4584591
              ],
              [
                -123.739152,
                48.4583694
              ],
              [
                -123.739202,
                48.4581714
              ],
              [
                -123.7392392,
                48.457955
              ],
              [
                -123.7392509,
                48.4578382
              ],
              [
                -123.7392752,
                48.4576402
              ],
              [
                -123.7393013,
                48.457532
              ],
              [
                -123.7392965,
                48.4572357
              ],
              [
                -123.7393211,
                48.4570819
              ],
              [
                -123.7393325,
                48.456884
              ],
              [
                -123.7393568,
                48.4566675
              ],
              [
                -123.7393272,
                48.4564439
              ],
              [
                -123.7392834,
                48.4562374
              ],
              [
                -123.7392672,
                48.4560835
              ],
              [
                -123.7392363,
                48.4558956
              ],
              [
                -123.7392349,
                48.4556791
              ],
              [
                -123.7392313,
                48.4554996
              ],
              [
                -123.7392154,
                48.4552746
              ],
              [
                -123.7391546,
                48.4548972
              ],
              [
                -123.739044,
                48.4546465
              ],
              [
                -123.7390152,
                48.4545924
              ],
              [
                -123.7389435,
                48.4543674
              ],
              [
                -123.7387652,
                48.4541893
              ],
              [
                -123.7387106,
                48.4541167
              ],
              [
                -123.738615,
                48.4540555
              ],
              [
                -123.7383704,
                48.4539401
              ],
              [
                -123.7381793,
                48.4537692
              ],
              [
                -123.7381232,
                48.4537065
              ],
              [
                -123.7380267,
                48.4535542
              ],
              [
                -123.7379713,
                48.4534829
              ],
              [
                -123.737873,
                48.4532593
              ],
              [
                -123.7378167,
                48.4531155
              ],
              [
                -123.7377057,
                48.452936
              ],
              [
                -123.7376509,
                48.4528378
              ],
              [
                -123.7375136,
                48.4526669
              ],
              [
                -123.7374027,
                48.4525245
              ],
              [
                -123.737266,
                48.4523265
              ],
              [
                -123.7370997,
                48.4520758
              ],
              [
                -123.7369334,
                48.4518622
              ],
              [
                -123.7367967,
                48.4516827
              ],
              [
                -123.7367278,
                48.4516016
              ],
              [
                -123.7366154,
                48.4514136
              ],
              [
                -123.7364778,
                48.4511985
              ],
              [
                -123.7363675,
                48.450992
              ],
              [
                -123.736325,
                48.4509208
              ],
              [
                -123.7362091,
                48.4506708
              ],
              [
                -123.7361146,
                48.4504803
              ],
              [
                -123.7360341,
                48.4503969
              ],
              [
                -123.7359942,
                48.450252
              ],
              [
                -123.735876,
                48.4501339
              ],
              [
                -123.735669,
                48.449947
              ],
              [
                -123.7355511,
                48.4497476
              ],
              [
                -123.7354081,
                48.4495373
              ],
              [
                -123.7353035,
                48.4494397
              ],
              [
                -123.735144,
                48.4493198
              ],
              [
                -123.7348661,
                48.4491585
              ],
              [
                -123.7346929,
                48.4490537
              ],
              [
                -123.7346094,
                48.4489408
              ],
              [
                -123.7344753,
                48.4489426
              ],
              [
                -123.734394,
                48.4488716
              ],
              [
                -123.7343036,
                48.4488252
              ],
              [
                -123.7341873,
                48.4488747
              ],
              [
                -123.7339087,
                48.4488609
              ],
              [
                -123.7337282,
                48.4488161
              ],
              [
                -123.733513,
                48.4487337
              ],
              [
                -123.7333317,
                48.4486324
              ],
              [
                -123.733186,
                48.448555
              ],
              [
                -123.7330743,
                48.4485422
              ],
              [
                -123.7329542,
                48.4485284
              ],
              [
                -123.7329001,
                48.4485313
              ],
              [
                -123.732694,
                48.4485424
              ],
              [
                -123.7325716,
                48.4485424
              ],
              [
                -123.7322592,
                48.4484811
              ],
              [
                -123.7320708,
                48.4484469
              ],
              [
                -123.7317933,
                48.448367
              ],
              [
                -123.7315819,
                48.4483158
              ],
              [
                -123.7313865,
                48.4482144
              ],
              [
                -123.7312459,
                48.4480949
              ],
              [
                -123.731175,
                48.4479782
              ],
              [
                -123.7311401,
                48.4478016
              ],
              [
                -123.7311385,
                48.4475981
              ],
              [
                -123.7311223,
                48.4474813
              ],
              [
                -123.7310751,
                48.4473618
              ],
              [
                -123.7308633,
                48.4472112
              ],
              [
                -123.7305848,
                48.4471271
              ],
              [
                -123.7303392,
                48.4470889
              ],
              [
                -123.7300668,
                48.4470302
              ],
              [
                -123.7298416,
                48.4469573
              ],
              [
                -123.7295207,
                48.4468818
              ],
              [
                -123.729355,
                48.4468296
              ],
              [
                -123.7291258,
                48.4468196
              ],
              [
                -123.7289137,
                48.4467602
              ],
              [
                -123.7287201,
                48.4466873
              ],
              [
                -123.7285007,
                48.4465893
              ],
              [
                -123.7282519,
                48.4465073
              ],
              [
                -123.7281816,
                48.446525
              ],
              [
                -123.7280997,
                48.4465052
              ],
              [
                -123.7280474,
                48.4464661
              ],
              [
                -123.7278345,
                48.4464262
              ],
              [
                -123.7275866,
                48.4464383
              ],
              [
                -123.7274257,
                48.4464358
              ],
              [
                -123.72732,
                48.4463719
              ],
              [
                -123.7270371,
                48.4463377
              ],
              [
                -123.7269411,
                48.4463291
              ],
              [
                -123.7267904,
                48.4462408
              ],
              [
                -123.726682,
                48.4461254
              ],
              [
                -123.7266137,
                48.4460528
              ],
              [
                -123.7265025,
                48.4459631
              ],
              [
                -123.7263678,
                48.4459124
              ],
              [
                -123.7262451,
                48.4458663
              ],
              [
                -123.7261635,
                48.4458478
              ],
              [
                -123.7260007,
                48.4458136
              ],
              [
                -123.7257972,
                48.4457424
              ],
              [
                -123.7255655,
                48.4456085
              ],
              [
                -123.725333,
                48.4454575
              ],
              [
                -123.7251823,
                48.4453692
              ],
              [
                -123.7248695,
                48.4451641
              ],
              [
                -123.7247188,
                48.4450027
              ],
              [
                -123.7246124,
                48.4447971
              ],
              [
                -123.7246285,
                48.4446616
              ],
              [
                -123.7246715,
                48.4445346
              ],
              [
                -123.7246908,
                48.4443777
              ],
              [
                -123.724657,
                48.4442467
              ],
              [
                -123.7245846,
                48.4442135
              ],
              [
                -123.7244519,
                48.4441922
              ],
              [
                -123.7243684,
                48.4440923
              ],
              [
                -123.7243164,
                48.4439956
              ],
              [
                -123.7241854,
                48.4438895
              ],
              [
                -123.724025,
                48.4438052
              ],
              [
                -123.7239553,
                48.4436958
              ],
              [
                -123.7238278,
                48.4435596
              ],
              [
                -123.7236811,
                48.4434628
              ],
              [
                -123.7234509,
                48.4432731
              ],
              [
                -123.7230146,
                48.4431062
              ],
              [
                -123.7227887,
                48.4429475
              ],
              [
                -123.7225598,
                48.4428381
              ],
              [
                -123.7223549,
                48.4427315
              ],
              [
                -123.7220709,
                48.4426149
              ],
              [
                -123.7217498,
                48.4424988
              ],
              [
                -123.7216505,
                48.4424183
              ],
              [
                -123.7214119,
                48.4422997
              ],
              [
                -123.7212398,
                48.4421376
              ],
              [
                -123.7211078,
                48.4420836
              ],
              [
                -123.7208548,
                48.4418756
              ],
              [
                -123.7207236,
                48.4416905
              ],
              [
                -123.7205855,
                48.441484
              ],
              [
                -123.7204748,
                48.441323
              ],
              [
                -123.7203761,
                48.441108
              ],
              [
                -123.720348,
                48.4410207
              ],
              [
                -123.7203292,
                48.4409623
              ],
              [
                -123.7202683,
                48.4408682
              ],
              [
                -123.7201876,
                48.4407868
              ],
              [
                -123.7199724,
                48.4406219
              ],
              [
                -123.7197356,
                48.4405814
              ],
              [
                -123.7197065,
                48.4405699
              ],
              [
                -123.7196582,
                48.4405507
              ],
              [
                -123.7195863,
                48.4404033
              ],
              [
                -123.7194853,
                48.4402848
              ],
              [
                -123.7194146,
                48.4401837
              ],
              [
                -123.7192209,
                48.4399982
              ],
              [
                -123.7190324,
                48.4398088
              ],
              [
                -123.7189477,
                48.4396377
              ],
              [
                -123.718892,
                48.4394741
              ],
              [
                -123.7188512,
                48.4393263
              ],
              [
                -123.7188489,
                48.4392636
              ],
              [
                -123.7188221,
                48.4391469
              ],
              [
                -123.7188723,
                48.4389304
              ],
              [
                -123.7188842,
                48.4388321
              ],
              [
                -123.7188806,
                48.4385344
              ],
              [
                -123.7188372,
                48.4384091
              ],
              [
                -123.7187553,
                48.4383023
              ],
              [
                -123.7185364,
                48.4381058
              ],
              [
                -123.7184819,
                48.4380516
              ],
              [
                -123.718384,
                48.4379076
              ],
              [
                -123.7183072,
                48.437829
              ],
              [
                -123.7181208,
                48.4377236
              ],
              [
                -123.7179018,
                48.4376262
              ],
              [
                -123.7178016,
                48.4375516
              ],
              [
                -123.7177734,
                48.4375
              ],
              [
                -123.7177596,
                48.4374747
              ],
              [
                -123.7176805,
                48.4374418
              ],
              [
                -123.7175303,
                48.437451
              ],
              [
                -123.7173744,
                48.4374878
              ],
              [
                -123.7172283,
                48.4374919
              ],
              [
                -123.7171616,
                48.4374663
              ],
              [
                -123.7170253,
                48.437368
              ],
              [
                -123.716942,
                48.4372598
              ],
              [
                -123.7169264,
                48.4370533
              ],
              [
                -123.7169366,
                48.4368653
              ],
              [
                -123.7169332,
                48.4366303
              ],
              [
                -123.7169185,
                48.4364964
              ],
              [
                -123.7168881,
                48.4363526
              ],
              [
                -123.7168583,
                48.4361817
              ],
              [
                -123.7168156,
                48.4360293
              ],
              [
                -123.7168011,
                48.4359025
              ],
              [
                -123.7167977,
                48.4357045
              ],
              [
                -123.7167982,
                48.4356148
              ],
              [
                -123.7167692,
                48.4354795
              ],
              [
                -123.7166843,
                48.4353371
              ],
              [
                -123.7166298,
                48.435283
              ],
              [
                -123.7163453,
                48.4351591
              ],
              [
                -123.7162757,
                48.4351235
              ],
              [
                -123.7159903,
                48.4349454
              ],
              [
                -123.7159352,
                48.4348999
              ],
              [
                -123.7157563,
                48.4346862
              ],
              [
                -123.7156889,
                48.4346136
              ],
              [
                -123.7156336,
                48.4345239
              ],
              [
                -123.715535,
                48.4343273
              ],
              [
                -123.7154345,
                48.4339229
              ],
              [
                -123.7154182,
                48.4337434
              ],
              [
                -123.7154181,
                48.4336622
              ],
              [
                -123.7153617,
                48.4334557
              ],
              [
                -123.7153463,
                48.4333119
              ],
              [
                -123.7153415,
                48.4331054
              ],
              [
                -123.7153284,
                48.4330057
              ],
              [
                -123.7152715,
                48.4328447
              ],
              [
                -123.7151872,
                48.4326197
              ],
              [
                -123.7150909,
                48.4324858
              ],
              [
                -123.7150476,
                48.4323235
              ],
              [
                -123.7150187,
                48.4322252
              ],
              [
                -123.7150289,
                48.4320002
              ],
              [
                -123.7150144,
                48.4319104
              ],
              [
                -123.7149582,
                48.4317851
              ],
              [
                -123.7148347,
                48.4316242
              ],
              [
                -123.714698,
                48.4315232
              ],
              [
                -123.7146167,
                48.4314632
              ],
              [
                -123.714399,
                48.431365
              ],
              [
                -123.714169,
                48.4312952
              ],
              [
                -123.7140458,
                48.4312596
              ],
              [
                -123.7138967,
                48.4311613
              ],
              [
                -123.7135557,
                48.4310645
              ],
              [
                -123.7134202,
                48.4309762
              ],
              [
                -123.7133513,
                48.4309135
              ],
              [
                -123.7132269,
                48.4307584
              ],
              [
                -123.7118024,
                48.4312353
              ]
            ]
          ],
          [
            [
              [
                -123.7350794,
                48.4545761
              ],
              [
                -123.7330792,
                48.4529404
              ],
              [
                -123.7325065,
                48.4523622
              ],
              [
                -123.7321499,
                48.452491
              ],
              [
                -123.7322961,
                48.4526641
              ],
              [
                -123.7324628,
                48.4528405
              ],
              [
                -123.7326342,
                48.4530019
              ],
              [
                -123.7328167,
                48.4531594
              ],
              [
                -123.7347245,
                48.4547622
              ],
              [
                -123.7350794,
                48.4545761
              ]
            ]
          ],
          [
            [
              [
                -123.7173224,
                48.4825197
              ],
              [
                -123.7173733,
                48.4823277
              ],
              [
                -123.7175557,
                48.482087
              ],
              [
                -123.7176815,
                48.4818463
              ],
              [
                -123.7177538,
                48.4815878
              ],
              [
                -123.7177679,
                48.4813252
              ],
              [
                -123.717738,
                48.4810991
              ],
              [
                -123.7173167,
                48.4795745
              ],
              [
                -123.7173026,
                48.4794296
              ],
              [
                -123.7173199,
                48.4792149
              ],
              [
                -123.7173969,
                48.4789846
              ],
              [
                -123.7175478,
                48.4787418
              ],
              [
                -123.7177506,
                48.4785354
              ],
              [
                -123.7179739,
                48.4783718
              ],
              [
                -123.7181908,
                48.4782499
              ],
              [
                -123.7184486,
                48.4781436
              ],
              [
                -123.7188936,
                48.4779998
              ],
              [
                -123.7193243,
                48.4778601
              ],
              [
                -123.719634,
                48.4777288
              ],
              [
                -123.7200381,
                48.4775558
              ],
              [
                -123.720604,
                48.4773036
              ],
              [
                -123.7209876,
                48.4771306
              ],
              [
                -123.7214215,
                48.476918
              ],
              [
                -123.7218979,
                48.4766762
              ],
              [
                -123.7223538,
                48.4764355
              ],
              [
                -123.722805,
                48.4761791
              ],
              [
                -123.7231572,
                48.4759769
              ],
              [
                -123.7235785,
                48.4757226
              ],
              [
                -123.7239023,
                48.4755339
              ],
              [
                -123.7240737,
                48.4754579
              ],
              [
                -123.7242388,
                48.4753995
              ],
              [
                -123.7244133,
                48.4753484
              ],
              [
                -123.7246648,
                48.4752921
              ],
              [
                -123.7249195,
                48.475263
              ],
              [
                -123.7251553,
                48.4752525
              ],
              [
                -123.7254855,
                48.4752671
              ],
              [
                -123.7257842,
                48.4753109
              ],
              [
                -123.7261253,
                48.4753964
              ],
              [
                -123.726347,
                48.4754526
              ],
              [
                -123.7266913,
                48.4755058
              ],
              [
                -123.727001,
                48.4755204
              ],
              [
                -123.7273076,
                48.475511
              ],
              [
                -123.727589,
                48.4754766
              ],
              [
                -123.7279191,
                48.4754057
              ],
              [
                -123.7282037,
                48.4753151
              ],
              [
                -123.7284175,
                48.4752213
              ],
              [
                -123.7286832,
                48.4750795
              ],
              [
                -123.7289284,
                48.4749013
              ],
              [
                -123.7291013,
                48.4747366
              ],
              [
                -123.7292507,
                48.4745344
              ],
              [
                -123.7293497,
                48.4743645
              ],
              [
                -123.7294173,
                48.4741405
              ],
              [
                -123.7294472,
                48.4739664
              ],
              [
                -123.7294802,
                48.4736298
              ],
              [
                -123.7296862,
                48.4718266
              ],
              [
                -123.7296956,
                48.471541
              ],
              [
                -123.7297019,
                48.4710616
              ],
              [
                -123.7296846,
                48.4706248
              ],
              [
                -123.7296532,
                48.4699265
              ],
              [
                -123.7296657,
                48.4697336
              ],
              [
                -123.7296954,
                48.4696036
              ],
              [
                -123.7297248,
                48.4698201
              ],
              [
                -123.7297413,
                48.469981
              ],
              [
                -123.7297754,
                48.4704125
              ],
              [
                -123.729779,
                48.4707814
              ],
              [
                -123.7298235,
                48.4709608
              ],
              [
                -123.7298535,
                48.4711317
              ],
              [
                -123.7298552,
                48.4713667
              ],
              [
                -123.7298594,
                48.4715376
              ],
              [
                -123.7298634,
                48.4719507
              ],
              [
                -123.729879,
                48.4720945
              ],
              [
                -123.7298849,
                48.4724819
              ],
              [
                -123.7298883,
                48.4725987
              ],
              [
                -123.7298505,
                48.4728237
              ],
              [
                -123.7298119,
                48.4729946
              ],
              [
                -123.7297858,
                48.4731029
              ],
              [
                -123.7297214,
                48.4733108
              ],
              [
                -123.7297089,
                48.473392
              ],
              [
                -123.7296576,
                48.473607
              ],
              [
                -123.7296068,
                48.4738064
              ],
              [
                -123.7295545,
                48.4739673
              ],
              [
                -123.7295307,
                48.4741126
              ],
              [
                -123.729535,
                48.4744359
              ],
              [
                -123.7295644,
                48.4746154
              ],
              [
                -123.7295795,
                48.4747863
              ],
              [
                -123.729582,
                48.4748674
              ],
              [
                -123.7295841,
                48.4750383
              ],
              [
                -123.729616,
                48.4754514
              ],
              [
                -123.7295796,
                48.4756408
              ],
              [
                -123.7295133,
                48.4757405
              ],
              [
                -123.7294591,
                48.4757861
              ],
              [
                -123.7292318,
                48.4759228
              ],
              [
                -123.7291496,
                48.4759498
              ],
              [
                -123.7290428,
                48.4759598
              ],
              [
                -123.7288529,
                48.4759612
              ],
              [
                -123.7285563,
                48.4759541
              ],
              [
                -123.7283648,
                48.47591
              ],
              [
                -123.7281473,
                48.4757846
              ],
              [
                -123.7280783,
                48.475759
              ],
              [
                -123.7277801,
                48.4757248
              ],
              [
                -123.7275227,
                48.4756906
              ],
              [
                -123.7273193,
                48.4756821
              ],
              [
                -123.7270362,
                48.4756849
              ],
              [
                -123.7268337,
                48.475712
              ],
              [
                -123.7267398,
                48.4757405
              ],
              [
                -123.7264837,
                48.4758046
              ],
              [
                -123.7263619,
                48.4758145
              ],
              [
                -123.7259968,
                48.4758886
              ],
              [
                -123.7257404,
                48.4759085
              ],
              [
                -123.7255649,
                48.4759185
              ],
              [
                -123.7253759,
                48.4759555
              ],
              [
                -123.7250645,
                48.4760111
              ],
              [
                -123.7247673,
                48.4760681
              ],
              [
                -123.7246191,
                48.4760681
              ],
              [
                -123.7245253,
                48.4760965
              ],
              [
                -123.7242025,
                48.4761791
              ],
              [
                -123.7239584,
                48.4762261
              ],
              [
                -123.7236878,
                48.4762632
              ],
              [
                -123.7236206,
                48.4762902
              ],
              [
                -123.7233516,
                48.4764099
              ],
              [
                -123.7231091,
                48.476491
              ],
              [
                -123.722976,
                48.4765281
              ],
              [
                -123.7226638,
                48.476585
              ],
              [
                -123.7225036,
                48.4766392
              ],
              [
                -123.722329,
                48.4767032
              ],
              [
                -123.7220048,
                48.4767958
              ],
              [
                -123.7217216,
                48.476914
              ],
              [
                -123.7214397,
                48.4769966
              ],
              [
                -123.7213453,
                48.4770522
              ],
              [
                -123.7211443,
                48.4771063
              ],
              [
                -123.7209949,
                48.4771975
              ],
              [
                -123.7206859,
                48.4773342
              ],
              [
                -123.7204586,
                48.4774709
              ],
              [
                -123.720297,
                48.477535
              ],
              [
                -123.7200015,
                48.4776447
              ],
              [
                -123.7198521,
                48.4777173
              ],
              [
                -123.7195166,
                48.4778554
              ],
              [
                -123.7193552,
                48.4779822
              ],
              [
                -123.7191272,
                48.4781275
              ],
              [
                -123.7189542,
                48.4782001
              ],
              [
                -123.7186968,
                48.4783183
              ],
              [
                -123.7184428,
                48.4784379
              ],
              [
                -123.7182274,
                48.478502
              ],
              [
                -123.7180918,
                48.4785918
              ],
              [
                -123.7179869,
                48.4786914
              ],
              [
                -123.7177448,
                48.4789094
              ],
              [
                -123.7176921,
                48.4789635
              ],
              [
                -123.7176805,
                48.4791173
              ],
              [
                -123.7176681,
                48.4792426
              ],
              [
                -123.7176718,
                48.4794221
              ],
              [
                -123.7176734,
                48.4796385
              ],
              [
                -123.7176768,
                48.4797739
              ],
              [
                -123.7177062,
                48.4799533
              ],
              [
                -123.7177215,
                48.4801684
              ],
              [
                -123.7177517,
                48.4803578
              ],
              [
                -123.7177664,
                48.480429
              ],
              [
                -123.7178229,
                48.4806099
              ],
              [
                -123.7178241,
                48.4807266
              ],
              [
                -123.7178413,
                48.4808976
              ],
              [
                -123.7178459,
                48.4812835
              ],
              [
                -123.7178359,
                48.4814644
              ],
              [
                -123.717839,
                48.4816709
              ],
              [
                -123.717812,
                48.481725
              ],
              [
                -123.7177485,
                48.48195
              ],
              [
                -123.717708,
                48.4820312
              ],
              [
                -123.7175749,
                48.4822392
              ],
              [
                -123.71747,
                48.4823389
              ],
              [
                -123.7173224,
                48.4825197
              ]
            ]
          ],
          [
            [
              [
                -123.7145798,
                48.4867371
              ],
              [
                -123.7145812,
                48.4867112
              ],
              [
                -123.7146336,
                48.4865944
              ],
              [
                -123.7148606,
                48.486395
              ],
              [
                -123.7150079,
                48.4863039
              ],
              [
                -123.715088,
                48.4862768
              ],
              [
                -123.7152898,
                48.4862027
              ],
              [
                -123.7153577,
                48.4861671
              ],
              [
                -123.7158016,
                48.4860461
              ],
              [
                -123.7158694,
                48.4860105
              ],
              [
                -123.7159494,
                48.4859464
              ],
              [
                -123.7159893,
                48.4858923
              ],
              [
                -123.7160283,
                48.4858025
              ],
              [
                -123.7161614,
                48.4856131
              ],
              [
                -123.7162006,
                48.485549
              ],
              [
                -123.7162408,
                48.4854052
              ],
              [
                -123.7163037,
                48.4851887
              ],
              [
                -123.7163423,
                48.4850363
              ],
              [
                -123.7163944,
                48.4848198
              ],
              [
                -123.716407,
                48.4847572
              ],
              [
                -123.716526,
                48.4845848
              ],
              [
                -123.7165794,
                48.4845037
              ],
              [
                -123.7166162,
                48.484243
              ],
              [
                -123.7166296,
                48.4841789
              ],
              [
                -123.7166268,
                48.4840351
              ],
              [
                -123.7166516,
                48.4838286
              ],
              [
                -123.7165942,
                48.4836121
              ],
              [
                -123.7165519,
                48.4834697
              ],
              [
                -123.7165628,
                48.4833244
              ],
              [
                -123.7166696,
                48.483162
              ],
              [
                -123.7167334,
                48.4830367
              ],
              [
                -123.7166478,
                48.4830768
              ],
              [
                -123.7158884,
                48.4837716
              ],
              [
                -123.7155354,
                48.4841237
              ],
              [
                -123.7152609,
                48.4844545
              ],
              [
                -123.7150327,
                48.4847853
              ],
              [
                -123.714883,
                48.4850547
              ],
              [
                -123.7147475,
                48.4853667
              ],
              [
                -123.7146156,
                48.4857873
              ],
              [
                -123.714555,
                48.4861535
              ],
              [
                -123.7145193,
                48.4864938
              ],
              [
                -123.7145265,
                48.4867372
              ],
              [
                -123.7145798,
                48.4867371
              ]
            ]
          ]
        ]
      }
    },
    {
      "type": "Feature",
      "properties": {
        "osm_id": "relation/2751417",
        "name": "Lone Tree Hill Regional Park",
        "leisure": "park",
        "boundary": null,
        "operator": "CRD Parks",
        "protection_title": null,
        "source": "OpenStreetMap",
        "source_url": "https://www.openstreetmap.org/relation/2751417"
      },
      "geometry": {
        "type": "Polygon",
        "coordinates": [
          [
            [
              -123.5113479,
              48.5221688
            ],
            [
              -123.5215706,
              48.522252
            ],
            [
              -123.5214878,
              48.5221545
            ],
            [
              -123.5210339,
              48.5218133
            ],
            [
              -123.5203254,
              48.5214517
            ],
            [
              -123.5194759,
              48.5210414
            ],
            [
              -123.5188503,
              48.5207428
            ],
            [
              -123.5182461,
              48.5203406
            ],
            [
              -123.5180284,
              48.5202329
            ],
            [
              -123.5176941,
              48.5200074
            ],
            [
              -123.5175193,
              48.5198998
            ],
            [
              -123.5173445,
              48.5196926
            ],
            [
              -123.5172249,
              48.5193168
            ],
            [
              -123.5170776,
              48.5186647
            ],
            [
              -123.5167434,
              48.5184737
            ],
            [
              -123.5163815,
              48.5182645
            ],
            [
              -123.5161361,
              48.5181162
            ],
            [
              -123.5159398,
              48.5179923
            ],
            [
              -123.51567,
              48.5178541
            ],
            [
              -123.5154676,
              48.5177363
            ],
            [
              -123.5151639,
              48.5173077
            ],
            [
              -123.5150106,
              48.5170863
            ],
            [
              -123.5148051,
              48.5168567
            ],
            [
              -123.5145751,
              48.5167023
            ],
            [
              -123.5142071,
              48.5164362
            ],
            [
              -123.513826,
              48.5161806
            ],
            [
              -123.5132445,
              48.5157694
            ],
            [
              -123.5129188,
              48.5155765
            ],
            [
              -123.5126237,
              48.5153835
            ],
            [
              -123.5123016,
              48.5151575
            ],
            [
              -123.5120448,
              48.5150102
            ],
            [
              -123.5117764,
              48.5149518
            ],
            [
              -123.5112441,
              48.5149655
            ],
            [
              -123.5112957,
              48.5185481
            ],
            [
              -123.5113479,
              48.5221688
            ]
          ]
        ]
      }
    },
    {
      "type": "Feature",
      "properties": {
        "osm_id": "relation/3432875",
        "name": "Headquarters Townsite Regional Park",
        "leisure": "park",
        "boundary": null,
        "operator": null,
        "protection_title": null,
        "source": "OpenStreetMap",
        "source_url": "https://www.openstreetmap.org/relation/3432875"
      },
      "geometry": {
        "type": "Polygon",
        "coordinates": [
          [
            [
              -125.1121831,
              49.7645316
            ],
            [
              -125.1122855,
              49.7635078
            ],
            [
              -125.1120606,
              49.7634309
            ],
            [
              -125.111446,
              49.7630107
            ],
            [
              -125.1112967,
              49.7627615
            ],
            [
              -125.1112113,
              49.7624396
            ],
            [
              -125.111187,
              49.7622708
            ],
            [
              -125.110994,
              49.7609328
            ],
            [
              -125.1106287,
              49.760534
            ],
            [
              -125.1096563,
              49.7601837
            ],
            [
              -125.109449,
              49.7598803
            ],
            [
              -125.1094445,
              49.7594402
            ],
            [
              -125.1095912,
              49.7591311
            ],
            [
              -125.1096474,
              49.7590127
            ],
            [
              -125.110017,
              49.7582338
            ],
            [
              -125.1099497,
              49.7581184
            ],
            [
              -125.109964,
              49.7580019
            ],
            [
              -125.1098438,
              49.7577907
            ],
            [
              -125.1093678,
              49.7576383
            ],
            [
              -125.1090864,
              49.7576004
            ],
            [
              -125.1088298,
              49.7575111
            ],
            [
              -125.108383,
              49.7573993
            ],
            [
              -125.1072946,
              49.7566545
            ],
            [
              -125.1070553,
              49.7564117
            ],
            [
              -125.106642,
              49.7559922
            ],
            [
              -125.1062871,
              49.7557914
            ],
            [
              -125.1059895,
              49.7556888
            ],
            [
              -125.1055037,
              49.7556533
            ],
            [
              -125.1053888,
              49.7556449
            ],
            [
              -125.1053911,
              49.7556641
            ],
            [
              -125.1053934,
              49.7557042
            ],
            [
              -125.1053999,
              49.7558558
            ],
            [
              -125.1055216,
              49.7558648
            ],
            [
              -125.1057629,
              49.7559194
            ],
            [
              -125.1058936,
              49.7559539
            ],
            [
              -125.1063068,
              49.7560629
            ],
            [
              -125.1066839,
              49.7562681
            ],
            [
              -125.1068754,
              49.7564434
            ],
            [
              -125.107045,
              49.7566767
            ],
            [
              -125.1072569,
              49.7568271
            ],
            [
              -125.1073663,
              49.7569449
            ],
            [
              -125.107576,
              49.7570787
            ],
            [
              -125.1078475,
              49.7573365
            ],
            [
              -125.1081178,
              49.7575067
            ],
            [
              -125.1082883,
              49.7575781
            ],
            [
              -125.1084236,
              49.7576349
            ],
            [
              -125.1086972,
              49.7578948
            ],
            [
              -125.1088581,
              49.7581599
            ],
            [
              -125.1089933,
              49.7584345
            ],
            [
              -125.1091639,
              49.7587039
            ],
            [
              -125.1092454,
              49.7589664
            ],
            [
              -125.1092324,
              49.7589885
            ],
            [
              -125.1092342,
              49.7590796
            ],
            [
              -125.1092471,
              49.7593177
            ],
            [
              -125.1091881,
              49.7595651
            ],
            [
              -125.1091586,
              49.7597439
            ],
            [
              -125.1091988,
              49.7600853
            ],
            [
              -125.1092243,
              49.760249
            ],
            [
              -125.1091049,
              49.7604162
            ],
            [
              -125.1089721,
              49.7607392
            ],
            [
              -125.1091076,
              49.7609513
            ],
            [
              -125.1094064,
              49.7613643
            ],
            [
              -125.109577,
              49.7617019
            ],
            [
              -125.1097915,
              49.762038
            ],
            [
              -125.1100249,
              49.762424
            ],
            [
              -125.1102153,
              49.7628419
            ],
            [
              -125.1104605,
              49.7630749
            ],
            [
              -125.110497,
              49.7631344
            ],
            [
              -125.1108001,
              49.7636043
            ],
            [
              -125.1110039,
              49.7639369
            ],
            [
              -125.1109634,
              49.7642155
            ],
            [
              -125.1108947,
              49.7643458
            ],
            [
              -125.1108689,
              49.764386
            ],
            [
              -125.1107026,
              49.7644672
            ],
            [
              -125.111187,
              49.7644883
            ],
            [
              -125.11148,
              49.764501
            ],
            [
              -125.1119372,
              49.7645209
            ],
            [
              -125.1121831,
              49.7645316
            ]
          ]
        ]
      }
    },
    {
      "type": "Feature",
      "properties": {
        "osm_id": "relation/4836271",
        "name": "Wrigglesworth Lake Regional Park",
        "leisure": "park",
        "boundary": null,
        "operator": null,
        "protection_title": null,
        "source": "OpenStreetMap",
        "source_url": "https://www.openstreetmap.org/relation/4836271"
      },
      "geometry": {
        "type": "MultiPolygon",
        "coordinates": [
          [
            [
              [
                -123.574494,
                48.5183323
              ],
              [
                -123.575286,
                48.5189764
              ],
              [
                -123.5761004,
                48.5209169
              ],
              [
                -123.5763682,
                48.5216339
              ],
              [
                -123.5763428,
                48.5183257
              ],
              [
                -123.574494,
                48.5183323
              ]
            ]
          ],
          [
            [
              [
                -123.5731124,
                48.5176415
              ],
              [
                -123.5749175,
                48.5191033
              ],
              [
                -123.5757077,
                48.5209858
              ],
              [
                -123.5761958,
                48.5222933
              ],
              [
                -123.57644,
                48.5227045
              ],
              [
                -123.5765879,
                48.5228786
              ],
              [
                -123.5759792,
                48.5228629
              ],
              [
                -123.5749364,
                48.5220117
              ],
              [
                -123.5744979,
                48.5216331
              ],
              [
                -123.5716413,
                48.5220258
              ],
              [
                -123.5711595,
                48.5222157
              ],
              [
                -123.57084,
                48.5217545
              ],
              [
                -123.5705359,
                48.5212509
              ],
              [
                -123.5698624,
                48.5207154
              ],
              [
                -123.5704033,
                48.5204281
              ],
              [
                -123.5709953,
                48.5190001
              ],
              [
                -123.5719109,
                48.5187761
              ],
              [
                -123.5728016,
                48.5191366
              ],
              [
                -123.572803,
                48.5183336
              ],
              [
                -123.5731124,
                48.5176415
              ]
            ]
          ]
        ]
      }
    },
    {
      "type": "Feature",
      "properties": {
        "osm_id": "relation/5837034",
        "name": "Mill Farm Regional Park Reserve",
        "leisure": "nature_reserve",
        "boundary": null,
        "operator": "CRD",
        "protection_title": null,
        "source": "OpenStreetMap",
        "source_url": "https://www.openstreetmap.org/relation/5837034"
      },
      "geometry": {
        "type": "MultiPolygon",
        "coordinates": [
          [
            [
              [
                -123.5317494,
                48.760757
              ],
              [
                -123.5210025,
                48.7606546
              ],
              [
                -123.5208652,
                48.753426
              ],
              [
                -123.5317606,
                48.7535236
              ],
              [
                -123.5317494,
                48.760757
              ]
            ]
          ],
          [
            [
              [
                -123.5101515,
                48.7606211
              ],
              [
                -123.4991024,
                48.7606408
              ],
              [
                -123.4991183,
                48.753402
              ],
              [
                -123.510067,
                48.7534335
              ],
              [
                -123.5101515,
                48.7606211
              ]
            ]
          ],
          [
            [
              [
                -123.4992315,
                48.7678091
              ],
              [
                -123.5001803,
                48.7682928
              ],
              [
                -123.5083142,
                48.7725587
              ],
              [
                -123.5086036,
                48.7723694
              ],
              [
                -123.5103201,
                48.7729982
              ],
              [
                -123.5159597,
                48.7750641
              ],
              [
                -123.5166139,
                48.7753037
              ],
              [
                -123.5178096,
                48.7757294
              ],
              [
                -123.51846,
                48.7760289
              ],
              [
                -123.5194194,
                48.7764354
              ],
              [
                -123.5200597,
                48.7768572
              ],
              [
                -123.5208255,
                48.7771287
              ],
              [
                -123.5214185,
                48.7774151
              ],
              [
                -123.5217754,
                48.7775873
              ],
              [
                -123.5223781,
                48.7780482
              ],
              [
                -123.5229331,
                48.7783337
              ],
              [
                -123.5239042,
                48.7786308
              ],
              [
                -123.5244721,
                48.7789384
              ],
              [
                -123.5254713,
                48.7793675
              ],
              [
                -123.5258884,
                48.779645
              ],
              [
                -123.5259478,
                48.7802321
              ],
              [
                -123.5266152,
                48.7805745
              ],
              [
                -123.5270813,
                48.7809913
              ],
              [
                -123.5274876,
                48.781287
              ],
              [
                -123.5277691,
                48.781511
              ],
              [
                -123.5280173,
                48.7815676
              ],
              [
                -123.5319985,
                48.7751558
              ],
              [
                -123.532031,
                48.7679315
              ],
              [
                -123.4992315,
                48.7678091
              ]
            ]
          ]
        ]
      }
    },
    {
      "type": "Feature",
      "properties": {
        "osm_id": "relation/6603863",
        "name": "Witty's Lagoon Regional Park",
        "leisure": "park",
        "boundary": null,
        "operator": "CRD Parks",
        "protection_title": null,
        "source": "OpenStreetMap",
        "source_url": "https://www.openstreetmap.org/relation/6603863"
      },
      "geometry": {
        "type": "MultiPolygon",
        "coordinates": [
          [
            [
              [
                -123.5125743,
                48.3874678
              ],
              [
                -123.5125193,
                48.3874875
              ],
              [
                -123.5095732,
                48.3926346
              ],
              [
                -123.5102529,
                48.3929251
              ],
              [
                -123.5105336,
                48.3929738
              ],
              [
                -123.5111771,
                48.3927044
              ],
              [
                -123.5114243,
                48.392608
              ],
              [
                -123.5116098,
                48.392563
              ],
              [
                -123.5118388,
                48.3925182
              ],
              [
                -123.512069,
                48.3924951
              ],
              [
                -123.5123382,
                48.3924954
              ],
              [
                -123.5136287,
                48.3925328
              ],
              [
                -123.5156409,
                48.3925912
              ],
              [
                -123.5167919,
                48.3926205
              ],
              [
                -123.5169785,
                48.3926205
              ],
              [
                -123.5172546,
                48.392598
              ],
              [
                -123.5175117,
                48.392558
              ],
              [
                -123.516348,
                48.3898585
              ],
              [
                -123.5174194,
                48.3893091
              ],
              [
                -123.5172884,
                48.389061
              ],
              [
                -123.5174187,
                48.3888404
              ],
              [
                -123.5178922,
                48.3887702
              ],
              [
                -123.5189302,
                48.3889345
              ],
              [
                -123.5197711,
                48.3894633
              ],
              [
                -123.5203495,
                48.3899684
              ],
              [
                -123.5206187,
                48.3899813
              ],
              [
                -123.5205993,
                48.3902057
              ],
              [
                -123.5207924,
                48.3903309
              ],
              [
                -123.5210711,
                48.3906233
              ],
              [
                -123.5211267,
                48.3907918
              ],
              [
                -123.5214576,
                48.3911982
              ],
              [
                -123.5216754,
                48.3914097
              ],
              [
                -123.52187,
                48.3916423
              ],
              [
                -123.5219406,
                48.391641
              ],
              [
                -123.5224018,
                48.3915717
              ],
              [
                -123.5229114,
                48.3914025
              ],
              [
                -123.521947,
                48.3904659
              ],
              [
                -123.5223109,
                48.3902301
              ],
              [
                -123.5220772,
                48.3901157
              ],
              [
                -123.5211952,
                48.3896841
              ],
              [
                -123.5220721,
                48.3889194
              ],
              [
                -123.5237067,
                48.3895088
              ],
              [
                -123.5242151,
                48.3889948
              ],
              [
                -123.525709,
                48.3895555
              ],
              [
                -123.5258565,
                48.389402
              ],
              [
                -123.5258403,
                48.3893959
              ],
              [
                -123.5243727,
                48.3888458
              ],
              [
                -123.5252522,
                48.3880253
              ],
              [
                -123.522655,
                48.387114
              ],
              [
                -123.5229494,
                48.3862728
              ],
              [
                -123.5230898,
                48.3860289
              ],
              [
                -123.5231641,
                48.3854243
              ],
              [
                -123.5194628,
                48.3840554
              ],
              [
                -123.5190615,
                48.3845386
              ],
              [
                -123.5156812,
                48.3832903
              ],
              [
                -123.5156365,
                48.3833474
              ],
              [
                -123.5155531,
                48.3834615
              ],
              [
                -123.5155173,
                48.3834975
              ],
              [
                -123.5154526,
                48.3835626
              ],
              [
                -123.5153057,
                48.3836724
              ],
              [
                -123.5151323,
                48.3838412
              ],
              [
                -123.5150225,
                48.3839457
              ],
              [
                -123.5148148,
                48.384125
              ],
              [
                -123.5146414,
                48.3842788
              ],
              [
                -123.5145307,
                48.384356
              ],
              [
                -123.5144549,
                48.3844089
              ],
              [
                -123.5142259,
                48.3845776
              ],
              [
                -123.513997,
                48.3847331
              ],
              [
                -123.5138237,
                48.3848544
              ],
              [
                -123.5135709,
                48.3850073
              ],
              [
                -123.5134002,
                48.3851207
              ],
              [
                -123.513211,
                48.38522
              ],
              [
                -123.5130284,
                48.3853307
              ],
              [
                -123.5128233,
                48.3854186
              ],
              [
                -123.5126407,
                48.3855003
              ],
              [
                -123.5124634,
                48.3855715
              ],
              [
                -123.5122557,
                48.3856901
              ],
              [
                -123.512085,
                48.3857718
              ],
              [
                -123.5118521,
                48.3858685
              ],
              [
                -123.5115874,
                48.3859704
              ],
              [
                -123.5113916,
                48.386068
              ],
              [
                -123.5111931,
                48.3861365
              ],
              [
                -123.5111362,
                48.3862068
              ],
              [
                -123.5109549,
                48.386293
              ],
              [
                -123.5108583,
                48.3863826
              ],
              [
                -123.5107948,
                48.3864546
              ],
              [
                -123.5107631,
                48.3865003
              ],
              [
                -123.5108028,
                48.3865206
              ],
              [
                -123.5109179,
                48.3865373
              ],
              [
                -123.5110727,
                48.3865654
              ],
              [
                -123.511168,
                48.3865803
              ],
              [
                -123.5113109,
                48.3865786
              ],
              [
                -123.511426,
                48.3865873
              ],
              [
                -123.5114855,
                48.3865557
              ],
              [
                -123.5115742,
                48.3865478
              ],
              [
                -123.5117277,
                48.3865654
              ],
              [
                -123.5118256,
                48.3865513
              ],
              [
                -123.5119487,
                48.386517
              ],
              [
                -123.5120585,
                48.3864459
              ],
              [
                -123.5121617,
                48.3863949
              ],
              [
                -123.5123046,
                48.3863466
              ],
              [
                -123.5124846,
                48.3862947
              ],
              [
                -123.5126751,
                48.3862323
              ],
              [
                -123.5128418,
                48.3862227
              ],
              [
                -123.5128895,
                48.3862253
              ],
              [
                -123.513043,
                48.386256
              ],
              [
                -123.5131396,
                48.3862499
              ],
              [
                -123.5132745,
                48.3862499
              ],
              [
                -123.5133486,
                48.3862604
              ],
              [
                -123.5133844,
                48.3862596
              ],
              [
                -123.5134492,
                48.3862358
              ],
              [
                -123.5135154,
                48.3861875
              ],
              [
                -123.5135246,
                48.3861647
              ],
              [
                -123.5135604,
                48.3861691
              ],
              [
                -123.5136067,
                48.3861664
              ],
              [
                -123.5136424,
                48.3861471
              ],
              [
                -123.5136662,
                48.3861611
              ],
              [
                -123.513694,
                48.3861611
              ],
              [
                -123.513735,
                48.3861427
              ],
              [
                -123.513739,
                48.3861137
              ],
              [
                -123.5137615,
                48.3861023
              ],
              [
                -123.5137787,
                48.3861348
              ],
              [
                -123.5138104,
                48.3861321
              ],
              [
                -123.51387,
                48.386148
              ],
              [
                -123.5139057,
                48.3861471
              ],
              [
                -123.5139242,
                48.3861128
              ],
              [
                -123.5139454,
                48.3861146
              ],
              [
                -123.5139613,
                48.3861339
              ],
              [
                -123.5139494,
                48.3861708
              ],
              [
                -123.5139653,
                48.3862358
              ],
              [
                -123.5139533,
                48.3862455
              ],
              [
                -123.51387,
                48.3862156
              ],
              [
                -123.5138078,
                48.3862262
              ],
              [
                -123.5137588,
                48.3862657
              ],
              [
                -123.5136596,
                48.3863132
              ],
              [
                -123.5136265,
                48.3863527
              ],
              [
                -123.5136477,
                48.386387
              ],
              [
                -123.5137377,
                48.3864292
              ],
              [
                -123.5138912,
                48.3864793
              ],
              [
                -123.5141029,
                48.3864731
              ],
              [
                -123.5142577,
                48.386445
              ],
              [
                -123.5144482,
                48.3864063
              ],
              [
                -123.5146507,
                48.3863782
              ],
              [
                -123.5148412,
                48.3863466
              ],
              [
                -123.5149008,
                48.3863193
              ],
              [
                -123.5150397,
                48.386227
              ],
              [
                -123.5151482,
                48.3861172
              ],
              [
                -123.5152144,
                48.3859977
              ],
              [
                -123.5152541,
                48.38593
              ],
              [
                -123.515307,
                48.3858975
              ],
              [
                -123.515532,
                48.3857798
              ],
              [
                -123.5156008,
                48.3857631
              ],
              [
                -123.515704,
                48.3857683
              ],
              [
                -123.515827,
                48.3858
              ],
              [
                -123.5159541,
                48.3858448
              ],
              [
                -123.5162068,
                48.3858799
              ],
              [
                -123.5163352,
                48.3859195
              ],
              [
                -123.5164582,
                48.3860082
              ],
              [
                -123.5165641,
                48.3861067
              ],
              [
                -123.5166646,
                48.3862569
              ],
              [
                -123.5166726,
                48.3863044
              ],
              [
                -123.5167004,
                48.386314
              ],
              [
                -123.5167639,
                48.3863158
              ],
              [
                -123.5168499,
                48.3862886
              ],
              [
                -123.5169465,
                48.3862358
              ],
              [
                -123.5170338,
                48.3862279
              ],
              [
                -123.5171767,
                48.3862314
              ],
              [
                -123.5172905,
                48.3862235
              ],
              [
                -123.5174506,
                48.3861682
              ],
              [
                -123.5176362,
                48.3861106
              ],
              [
                -123.5178426,
                48.3860763
              ],
              [
                -123.5179948,
                48.3860368
              ],
              [
                -123.5181523,
                48.385977
              ],
              [
                -123.5182528,
                48.3859603
              ],
              [
                -123.5182832,
                48.3859642
              ],
              [
                -123.5183759,
                48.3859762
              ],
              [
                -123.5184381,
                48.3860298
              ],
              [
                -123.51854,
                48.3860878
              ],
              [
                -123.5187861,
                48.3862187
              ],
              [
                -123.5190428,
                48.386354
              ],
              [
                -123.519318,
                48.3864103
              ],
              [
                -123.5194464,
                48.3864155
              ],
              [
                -123.5196343,
                48.386369
              ],
              [
                -123.519928,
                48.3863488
              ],
              [
                -123.5201587,
                48.3863339
              ],
              [
                -123.5205396,
                48.3863545
              ],
              [
                -123.5208612,
                48.3863921
              ],
              [
                -123.5212149,
                48.3864444
              ],
              [
                -123.5213186,
                48.3865389
              ],
              [
                -123.5214027,
                48.3867562
              ],
              [
                -123.521579,
                48.3870168
              ],
              [
                -123.5215718,
                48.3872572
              ],
              [
                -123.5216237,
                48.3873814
              ],
              [
                -123.521659,
                48.3876061
              ],
              [
                -123.521811,
                48.3877663
              ],
              [
                -123.5219644,
                48.3878586
              ],
              [
                -123.5221449,
                48.3880086
              ],
              [
                -123.5221984,
                48.3881214
              ],
              [
                -123.5222507,
                48.3881798
              ],
              [
                -123.5223517,
                48.3882248
              ],
              [
                -123.5224189,
                48.3882531
              ],
              [
                -123.5224397,
                48.3883195
              ],
              [
                -123.522411,
                48.3883969
              ],
              [
                -123.5223042,
                48.3884955
              ],
              [
                -123.5222811,
                48.3885636
              ],
              [
                -123.5222483,
                48.3886376
              ],
              [
                -123.5221746,
                48.388647
              ],
              [
                -123.5221077,
                48.3886097
              ],
              [
                -123.5220489,
                48.3885237
              ],
              [
                -123.5219769,
                48.3883824
              ],
              [
                -123.5218377,
                48.3882345
              ],
              [
                -123.5217196,
                48.3881498
              ],
              [
                -123.5216212,
                48.3880886
              ],
              [
                -123.5214307,
                48.388008
              ],
              [
                -123.5212094,
                48.3878835
              ],
              [
                -123.521004,
                48.3877127
              ],
              [
                -123.520807,
                48.3874751
              ],
              [
                -123.5206684,
                48.3872059
              ],
              [
                -123.5205803,
                48.3871737
              ],
              [
                -123.520506,
                48.3871655
              ],
              [
                -123.5204246,
                48.3871848
              ],
              [
                -123.5203424,
                48.3872491
              ],
              [
                -123.5201972,
                48.3873974
              ],
              [
                -123.5200499,
                48.3875232
              ],
              [
                -123.5199001,
                48.3875777
              ],
              [
                -123.5197295,
                48.3876154
              ],
              [
                -123.5195447,
                48.3876298
              ],
              [
                -123.5193962,
                48.3875966
              ],
              [
                -123.5190734,
                48.3874948
              ],
              [
                -123.5187449,
                48.3874814
              ],
              [
                -123.5185655,
                48.3874206
              ],
              [
                -123.5183397,
                48.3873859
              ],
              [
                -123.5181613,
                48.3874241
              ],
              [
                -123.5179842,
                48.3875235
              ],
              [
                -123.5179175,
                48.3875791
              ],
              [
                -123.5178901,
                48.3876332
              ],
              [
                -123.5178332,
                48.3877874
              ],
              [
                -123.517945,
                48.388018
              ],
              [
                -123.5179158,
                48.3880573
              ],
              [
                -123.51787,
                48.3881189
              ],
              [
                -123.5175864,
                48.3882371
              ],
              [
                -123.5174111,
                48.3882912
              ],
              [
                -123.5168729,
                48.3884194
              ],
              [
                -123.5166832,
                48.3884835
              ],
              [
                -123.5165764,
                48.3885561
              ],
              [
                -123.516365,
                48.3889435
              ],
              [
                -123.516258,
                48.3890531
              ],
              [
                -123.5160296,
                48.3891429
              ],
              [
                -123.5157454,
                48.3892255
              ],
              [
                -123.5156788,
                48.3892625
              ],
              [
                -123.5156122,
                48.3893066
              ],
              [
                -123.5155335,
                48.3895146
              ],
              [
                -123.5154512,
                48.3895416
              ],
              [
                -123.5153568,
                48.389516
              ],
              [
                -123.5153428,
                48.3894519
              ],
              [
                -123.515346,
                48.3892656
              ],
              [
                -123.5152744,
                48.389116
              ],
              [
                -123.5151893,
                48.3890287
              ],
              [
                -123.5150936,
                48.3890175
              ],
              [
                -123.5149945,
                48.388944
              ],
              [
                -123.5149118,
                48.3888841
              ],
              [
                -123.5148318,
                48.388865
              ],
              [
                -123.5147553,
                48.388797
              ],
              [
                -123.5146346,
                48.3887752
              ],
              [
                -123.5145642,
                48.3887933
              ],
              [
                -123.5145243,
                48.3888317
              ],
              [
                -123.5144617,
                48.3888129
              ],
              [
                -123.5144855,
                48.3887337
              ],
              [
                -123.5144212,
                48.3885532
              ],
              [
                -123.5143798,
                48.388375
              ],
              [
                -123.5142782,
                48.3882428
              ],
              [
                -123.5141134,
                48.3881174
              ],
              [
                -123.5138564,
                48.3879921
              ],
              [
                -123.5136395,
                48.3878497
              ],
              [
                -123.5134082,
                48.3877243
              ],
              [
                -123.5128531,
                48.3875114
              ],
              [
                -123.5125743,
                48.3874678
              ]
            ]
          ],
          [
            [
              [
                -123.5047619,
                48.3854245
              ],
              [
                -123.505584,
                48.3854338
              ],
              [
                -123.5082668,
                48.3854643
              ],
              [
                -123.5081252,
                48.3861554
              ],
              [
                -123.5078207,
                48.3866496
              ],
              [
                -123.5073819,
                48.3865615
              ],
              [
                -123.5072952,
                48.3870523
              ],
              [
                -123.5078722,
                48.3871494
              ],
              [
                -123.507914,
                48.3870804
              ],
              [
                -123.5079402,
                48.3870403
              ],
              [
                -123.5079703,
                48.3870028
              ],
              [
                -123.5080009,
                48.3869728
              ],
              [
                -123.5080338,
                48.3869453
              ],
              [
                -123.5080746,
                48.3869166
              ],
              [
                -123.5081097,
                48.3868944
              ],
              [
                -123.5081545,
                48.3868709
              ],
              [
                -123.5083884,
                48.3867621
              ],
              [
                -123.5080819,
                48.3867015
              ],
              [
                -123.5086215,
                48.3854682
              ],
              [
                -123.5089802,
                48.3854287
              ],
              [
                -123.5090361,
                48.3854251
              ],
              [
                -123.5090826,
                48.385319
              ],
              [
                -123.5090766,
                48.3852341
              ],
              [
                -123.5090834,
                48.3850743
              ],
              [
                -123.5090491,
                48.3848748
              ],
              [
                -123.5090813,
                48.3847893
              ],
              [
                -123.5090169,
                48.3847092
              ],
              [
                -123.5089217,
                48.3846388
              ],
              [
                -123.5088332,
                48.3845836
              ],
              [
                -123.5087551,
                48.3845786
              ],
              [
                -123.5087058,
                48.3846237
              ],
              [
                -123.5086918,
                48.3846323
              ],
              [
                -123.5086669,
                48.3846477
              ],
              [
                -123.5085972,
                48.3846451
              ],
              [
                -123.5085462,
                48.3846272
              ],
              [
                -123.5085475,
                48.3845827
              ],
              [
                -123.5086092,
                48.384531
              ],
              [
                -123.5086002,
                48.384475
              ],
              [
                -123.5085118,
                48.3843979
              ],
              [
                -123.5084429,
                48.384298
              ],
              [
                -123.5083043,
                48.3841962
              ],
              [
                -123.5082248,
                48.3841449
              ],
              [
                -123.5081077,
                48.3841
              ],
              [
                -123.5081117,
                48.3840652
              ],
              [
                -123.5081761,
                48.3840528
              ],
              [
                -123.5081935,
                48.3840047
              ],
              [
                -123.5081399,
                48.3839646
              ],
              [
                -123.5080688,
                48.3839575
              ],
              [
                -123.5079923,
                48.3839824
              ],
              [
                -123.5079776,
                48.3840439
              ],
              [
                -123.5079414,
                48.384067
              ],
              [
                -123.507881,
                48.3840786
              ],
              [
                -123.5078019,
                48.3840581
              ],
              [
                -123.5077536,
                48.3840269
              ],
              [
                -123.5077246,
                48.3839643
              ],
              [
                -123.5077657,
                48.383904
              ],
              [
                -123.5077389,
                48.3838435
              ],
              [
                -123.5076498,
                48.3837771
              ],
              [
                -123.5075806,
                48.3837419
              ],
              [
                -123.5075726,
                48.3837018
              ],
              [
                -123.50748,
                48.3836778
              ],
              [
                -123.507277,
                48.3835328
              ],
              [
                -123.5072095,
                48.3834843
              ],
              [
                -123.5071327,
                48.3834756
              ],
              [
                -123.5070871,
                48.3834988
              ],
              [
                -123.5070509,
                48.3834916
              ],
              [
                -123.5070241,
                48.3834676
              ],
              [
                -123.5070334,
                48.3834231
              ],
              [
                -123.5070039,
                48.3833429
              ],
              [
                -123.506909,
                48.3832623
              ],
              [
                -123.5067987,
                48.3831701
              ],
              [
                -123.5066807,
                48.3831175
              ],
              [
                -123.5065825,
                48.3831133
              ],
              [
                -123.5064501,
                48.3831069
              ],
              [
                -123.5062946,
                48.3831122
              ],
              [
                -123.5061376,
                48.3831017
              ],
              [
                -123.5059993,
                48.3831631
              ],
              [
                -123.5057471,
                48.3833403
              ],
              [
                -123.5055595,
                48.3834976
              ],
              [
                -123.5054684,
                48.3836563
              ],
              [
                -123.5055409,
                48.3837388
              ],
              [
                -123.5055502,
                48.3838025
              ],
              [
                -123.5054371,
                48.3838884
              ],
              [
                -123.5053825,
                48.3840599
              ],
              [
                -123.5053619,
                48.3842815
              ],
              [
                -123.5053879,
                48.3844767
              ],
              [
                -123.5054245,
                48.384647
              ],
              [
                -123.5054806,
                48.384696
              ],
              [
                -123.5055166,
                48.3847573
              ],
              [
                -123.5054255,
                48.3848098
              ],
              [
                -123.5052967,
                48.3848285
              ],
              [
                -123.5051934,
                48.3848072
              ],
              [
                -123.505083,
                48.3847917
              ],
              [
                -123.5049722,
                48.3848499
              ],
              [
                -123.504854,
                48.384957
              ],
              [
                -123.5048246,
                48.3850913
              ],
              [
                -123.5047749,
                48.3852852
              ],
              [
                -123.5047619,
                48.3854245
              ]
            ]
          ]
        ]
      }
    },
    {
      "type": "Feature",
      "properties": {
        "osm_id": "relation/6620885",
        "name": "Elk/Beaver Lake Regional Park",
        "leisure": "park",
        "boundary": null,
        "operator": "Central Regional District",
        "protection_title": null,
        "source": "OpenStreetMap",
        "source_url": "https://www.openstreetmap.org/relation/6620885"
      },
      "geometry": {
        "type": "MultiPolygon",
        "coordinates": [
          [
            [
              [
                -123.3906459,
                48.5066971
              ],
              [
                -123.3888654,
                48.5062202
              ],
              [
                -123.3876552,
                48.505896
              ],
              [
                -123.3853224,
                48.5064927
              ],
              [
                -123.3851344,
                48.5071633
              ],
              [
                -123.3850677,
                48.5074484
              ],
              [
                -123.3849926,
                48.5078078
              ],
              [
                -123.3849438,
                48.5081291
              ],
              [
                -123.3848538,
                48.5088378
              ],
              [
                -123.3850281,
                48.508995
              ],
              [
                -123.3850196,
                48.5090795
              ],
              [
                -123.3848146,
                48.5091696
              ],
              [
                -123.3844698,
                48.5119116
              ],
              [
                -123.3845288,
                48.5124698
              ],
              [
                -123.3845617,
                48.5131152
              ],
              [
                -123.3847264,
                48.5135708
              ],
              [
                -123.3849279,
                48.5139047
              ],
              [
                -123.3850061,
                48.5142386
              ],
              [
                -123.3847069,
                48.5145574
              ],
              [
                -123.384785,
                48.5152953
              ],
              [
                -123.3853606,
                48.5174773
              ],
              [
                -123.3856314,
                48.5190964
              ],
              [
                -123.3859362,
                48.5205593
              ],
              [
                -123.3860722,
                48.5211595
              ],
              [
                -123.3863085,
                48.5220693
              ],
              [
                -123.386573,
                48.523101
              ],
              [
                -123.3867301,
                48.5237151
              ],
              [
                -123.3868836,
                48.5243238
              ],
              [
                -123.3869432,
                48.5247073
              ],
              [
                -123.3869353,
                48.5253862
              ],
              [
                -123.3869466,
                48.526178
              ],
              [
                -123.3868715,
                48.5264389
              ],
              [
                -123.386922,
                48.527209
              ],
              [
                -123.3871623,
                48.5279651
              ],
              [
                -123.3873369,
                48.5285179
              ],
              [
                -123.387485,
                48.528987
              ],
              [
                -123.3878015,
                48.5297963
              ],
              [
                -123.3880645,
                48.5304648
              ],
              [
                -123.388186,
                48.5311235
              ],
              [
                -123.3882177,
                48.5313558
              ],
              [
                -123.3882679,
                48.5317577
              ],
              [
                -123.3882531,
                48.531962
              ],
              [
                -123.3882614,
                48.5320716
              ],
              [
                -123.3882901,
                48.5321943
              ],
              [
                -123.3883567,
                48.5323817
              ],
              [
                -123.3883866,
                48.5324773
              ],
              [
                -123.3884087,
                48.5325956
              ],
              [
                -123.3884447,
                48.5327432
              ],
              [
                -123.3884689,
                48.5328738
              ],
              [
                -123.388514,
                48.5330289
              ],
              [
                -123.388566,
                48.5333078
              ],
              [
                -123.3886635,
                48.5337402
              ],
              [
                -123.3893156,
                48.5343257
              ],
              [
                -123.389922,
                48.53487
              ],
              [
                -123.389972,
                48.5349226
              ],
              [
                -123.390039,
                48.5350085
              ],
              [
                -123.3900959,
                48.5350993
              ],
              [
                -123.3901381,
                48.5351901
              ],
              [
                -123.3901637,
                48.5352748
              ],
              [
                -123.3903346,
                48.536244
              ],
              [
                -123.3942693,
                48.5362504
              ],
              [
                -123.3942736,
                48.535792
              ],
              [
                -123.3965907,
                48.5354205
              ],
              [
                -123.3992741,
                48.5349431
              ],
              [
                -123.3998728,
                48.5346672
              ],
              [
                -123.4024953,
                48.5351096
              ],
              [
                -123.4035187,
                48.5357267
              ],
              [
                -123.4040447,
                48.5358629
              ],
              [
                -123.4045222,
                48.5361091
              ],
              [
                -123.4045176,
                48.536363
              ],
              [
                -123.4047105,
                48.5364076
              ],
              [
                -123.4048815,
                48.5364564
              ],
              [
                -123.4049997,
                48.5364981
              ],
              [
                -123.4051489,
                48.5365569
              ],
              [
                -123.4052783,
                48.536617
              ],
              [
                -123.4053953,
                48.5366783
              ],
              [
                -123.4055005,
                48.5367401
              ],
              [
                -123.4056142,
                48.536814
              ],
              [
                -123.4060468,
                48.5370951
              ],
              [
                -123.4061338,
                48.5371565
              ],
              [
                -123.4062227,
                48.5372279
              ],
              [
                -123.4063088,
                48.537304
              ],
              [
                -123.4063928,
                48.5373855
              ],
              [
                -123.406479,
                48.537482
              ],
              [
                -123.40655,
                48.5375712
              ],
              [
                -123.406619,
                48.5376752
              ],
              [
                -123.4066867,
                48.537794
              ],
              [
                -123.4067319,
                48.5378952
              ],
              [
                -123.4067676,
                48.5379921
              ],
              [
                -123.4067966,
                48.5380941
              ],
              [
                -123.4069118,
                48.5386402
              ],
              [
                -123.4071166,
                48.5391039
              ],
              [
                -123.4072019,
                48.5392957
              ],
              [
                -123.4072387,
                48.5393531
              ],
              [
                -123.4072729,
                48.5393962
              ],
              [
                -123.4073163,
                48.5394392
              ],
              [
                -123.4073765,
                48.539488
              ],
              [
                -123.4074497,
                48.5395345
              ],
              [
                -123.4075535,
                48.5395828
              ],
              [
                -123.4076639,
                48.5396207
              ],
              [
                -123.4077905,
                48.5396583
              ],
              [
                -123.4083045,
                48.539739
              ],
              [
                -123.4083681,
                48.5397428
              ],
              [
                -123.4084542,
                48.5397428
              ],
              [
                -123.4085607,
                48.5397316
              ],
              [
                -123.4088059,
                48.5396864
              ],
              [
                -123.4088873,
                48.5396776
              ],
              [
                -123.4089639,
                48.5396725
              ],
              [
                -123.4090381,
                48.5396735
              ],
              [
                -123.4091283,
                48.5396778
              ],
              [
                -123.4092209,
                48.5396902
              ],
              [
                -123.4093056,
                48.5397069
              ],
              [
                -123.4093885,
                48.5397297
              ],
              [
                -123.4094631,
                48.5397557
              ],
              [
                -123.4095316,
                48.5397863
              ],
              [
                -123.4095906,
                48.5398184
              ],
              [
                -123.4096822,
                48.5398723
              ],
              [
                -123.4121846,
                48.539864
              ],
              [
                -123.4118292,
                48.5378387
              ],
              [
                -123.4117039,
                48.5372943
              ],
              [
                -123.4115865,
                48.5368533
              ],
              [
                -123.4113987,
                48.5362607
              ],
              [
                -123.411672,
                48.5362588
              ],
              [
                -123.4117452,
                48.5344514
              ],
              [
                -123.4108195,
                48.5344348
              ],
              [
                -123.4103841,
                48.5330575
              ],
              [
                -123.4109911,
                48.5330532
              ],
              [
                -123.4109854,
                48.5326437
              ],
              [
                -123.4101198,
                48.5326476
              ],
              [
                -123.4101064,
                48.5322369
              ],
              [
                -123.4097381,
                48.5322447
              ],
              [
                -123.4096969,
                48.5321812
              ],
              [
                -123.4096729,
                48.5320924
              ],
              [
                -123.4096619,
                48.5320014
              ],
              [
                -123.4096395,
                48.5319364
              ],
              [
                -123.4096334,
                48.5319043
              ],
              [
                -123.4096253,
                48.5318731
              ],
              [
                -123.4096201,
                48.5318407
              ],
              [
                -123.4095984,
                48.5318235
              ],
              [
                -123.4095865,
                48.5318191
              ],
              [
                -123.4095765,
                48.5318087
              ],
              [
                -123.4095703,
                48.5317977
              ],
              [
                -123.4095532,
                48.531716
              ],
              [
                -123.4095494,
                48.5316787
              ],
              [
                -123.4099896,
                48.5316789
              ],
              [
                -123.4097288,
                48.530732
              ],
              [
                -123.4097079,
                48.5307318
              ],
              [
                -123.4096784,
                48.530638
              ],
              [
                -123.4096408,
                48.5305422
              ],
              [
                -123.4095896,
                48.53044
              ],
              [
                -123.4095365,
                48.5303478
              ],
              [
                -123.4094713,
                48.5302532
              ],
              [
                -123.4093993,
                48.5301638
              ],
              [
                -123.4093148,
                48.530072
              ],
              [
                -123.4092161,
                48.5299773
              ],
              [
                -123.4091197,
                48.5298968
              ],
              [
                -123.4087079,
                48.5295844
              ],
              [
                -123.4081694,
                48.5291737
              ],
              [
                -123.4079633,
                48.5290169
              ],
              [
                -123.4073946,
                48.5286541
              ],
              [
                -123.4069051,
                48.5283396
              ],
              [
                -123.4064639,
                48.528057
              ],
              [
                -123.4058651,
                48.5276605
              ],
              [
                -123.405626,
                48.5275059
              ],
              [
                -123.4054783,
                48.5274198
              ],
              [
                -123.4053213,
                48.5273372
              ],
              [
                -123.4051861,
                48.5272735
              ],
              [
                -123.4051954,
                48.5267656
              ],
              [
                -123.4050118,
                48.5264754
              ],
              [
                -123.4043776,
                48.5267521
              ],
              [
                -123.4040674,
                48.5268313
              ],
              [
                -123.4037862,
                48.5268255
              ],
              [
                -123.4028149,
                48.5266183
              ],
              [
                -123.4024107,
                48.5265113
              ],
              [
                -123.4021684,
                48.5264231
              ],
              [
                -123.402029,
                48.526362
              ],
              [
                -123.4019067,
                48.5262939
              ],
              [
                -123.4017992,
                48.526217
              ],
              [
                -123.401725,
                48.5261523
              ],
              [
                -123.4016564,
                48.5260834
              ],
              [
                -123.4015869,
                48.5259914
              ],
              [
                -123.4015305,
                48.525896
              ],
              [
                -123.4014622,
                48.5257417
              ],
              [
                -123.4013984,
                48.5255392
              ],
              [
                -123.4013595,
                48.5253762
              ],
              [
                -123.4013147,
                48.5251581
              ],
              [
                -123.4012758,
                48.5248651
              ],
              [
                -123.4012266,
                48.5248417
              ],
              [
                -123.4011853,
                48.5247339
              ],
              [
                -123.4011329,
                48.5246248
              ],
              [
                -123.4010701,
                48.5245101
              ],
              [
                -123.4009833,
                48.524369
              ],
              [
                -123.4008826,
                48.5242315
              ],
              [
                -123.4007856,
                48.5241142
              ],
              [
                -123.400676,
                48.5239969
              ],
              [
                -123.4005457,
                48.5238716
              ],
              [
                -123.4003782,
                48.5237297
              ],
              [
                -123.4001828,
                48.5235688
              ],
              [
                -123.3997821,
                48.5232382
              ],
              [
                -123.3996825,
                48.5231579
              ],
              [
                -123.3994615,
                48.5229728
              ],
              [
                -123.3993698,
                48.5228942
              ],
              [
                -123.3992628,
                48.5227848
              ],
              [
                -123.3991829,
                48.5226908
              ],
              [
                -123.39912,
                48.5225995
              ],
              [
                -123.3990572,
                48.5224949
              ],
              [
                -123.3989982,
                48.522365
              ],
              [
                -123.398942,
                48.5222068
              ],
              [
                -123.3986265,
                48.5212624
              ],
              [
                -123.3987958,
                48.5209211
              ],
              [
                -123.3984892,
                48.5207161
              ],
              [
                -123.3984499,
                48.5207325
              ],
              [
                -123.3979833,
                48.5193358
              ],
              [
                -123.3979379,
                48.5191034
              ],
              [
                -123.3979187,
                48.5188537
              ],
              [
                -123.3979435,
                48.5186084
              ],
              [
                -123.3979947,
                48.5183926
              ],
              [
                -123.3980767,
                48.5181596
              ],
              [
                -123.4037761,
                48.5182229
              ],
              [
                -123.4039065,
                48.5137027
              ],
              [
                -123.4021564,
                48.5132323
              ],
              [
                -123.4021565,
                48.5128941
              ],
              [
                -123.4021837,
                48.5124964
              ],
              [
                -123.4022441,
                48.5120996
              ],
              [
                -123.4023412,
                48.5116886
              ],
              [
                -123.4024393,
                48.5112877
              ],
              [
                -123.4024725,
                48.5110921
              ],
              [
                -123.402482,
                48.5108765
              ],
              [
                -123.4024493,
                48.5105765
              ],
              [
                -123.402385,
                48.5103355
              ],
              [
                -123.4022822,
                48.510072
              ],
              [
                -123.4021595,
                48.5098556
              ],
              [
                -123.4020366,
                48.509676
              ],
              [
                -123.4018678,
                48.5094672
              ],
              [
                -123.4012139,
                48.5086945
              ],
              [
                -123.4009552,
                48.5083896
              ],
              [
                -123.4007929,
                48.5082171
              ],
              [
                -123.4006374,
                48.5080656
              ],
              [
                -123.4003112,
                48.5080469
              ],
              [
                -123.4001705,
                48.5081091
              ],
              [
                -123.4002014,
                48.5081352
              ],
              [
                -123.3995528,
                48.5084136
              ],
              [
                -123.3994337,
                48.5084637
              ],
              [
                -123.3991745,
                48.5085358
              ],
              [
                -123.3988307,
                48.5085057
              ],
              [
                -123.3984992,
                48.5082883
              ],
              [
                -123.3984056,
                48.50797
              ],
              [
                -123.3985077,
                48.5076622
              ],
              [
                -123.3983311,
                48.5074988
              ],
              [
                -123.3980644,
                48.5074194
              ],
              [
                -123.3974919,
                48.5073844
              ],
              [
                -123.3971853,
                48.5072627
              ],
              [
                -123.3977087,
                48.5063667
              ],
              [
                -123.3975964,
                48.5062793
              ],
              [
                -123.3974728,
                48.5061669
              ],
              [
                -123.3973605,
                48.5060471
              ],
              [
                -123.3972672,
                48.5059273
              ],
              [
                -123.3971912,
                48.5058148
              ],
              [
                -123.3971102,
                48.5056536
              ],
              [
                -123.3970577,
                48.5055162
              ],
              [
                -123.3967771,
                48.5046973
              ],
              [
                -123.3966134,
                48.5042257
              ],
              [
                -123.3964696,
                48.5038106
              ],
              [
                -123.3963145,
                48.5038831
              ],
              [
                -123.3962759,
                48.5039683
              ],
              [
                -123.3962494,
                48.5040617
              ],
              [
                -123.3962455,
                48.5041872
              ],
              [
                -123.3962346,
                48.5042696
              ],
              [
                -123.3962568,
                48.5044215
              ],
              [
                -123.3962943,
                48.5046105
              ],
              [
                -123.3949121,
                48.5042556
              ],
              [
                -123.3948459,
                48.5042386
              ],
              [
                -123.3930467,
                48.50734
              ],
              [
                -123.3906459,
                48.5066971
              ]
            ]
          ],
          [
            [
              [
                -123.4034824,
                48.5398887
              ],
              [
                -123.4075367,
                48.5398798
              ],
              [
                -123.4075346,
                48.5397777
              ],
              [
                -123.407342,
                48.5397206
              ],
              [
                -123.4072443,
                48.5396835
              ],
              [
                -123.4071635,
                48.5396387
              ],
              [
                -123.4070973,
                48.5395894
              ],
              [
                -123.4070439,
                48.5395356
              ],
              [
                -123.4070057,
                48.5394821
              ],
              [
                -123.4069581,
                48.539381
              ],
              [
                -123.4066471,
                48.5386773
              ],
              [
                -123.4065757,
                48.5383449
              ],
              [
                -123.4065292,
                48.5381216
              ],
              [
                -123.4065063,
                48.5380392
              ],
              [
                -123.4064734,
                48.5379461
              ],
              [
                -123.4064354,
                48.5378616
              ],
              [
                -123.40639,
                48.5377768
              ],
              [
                -123.4063407,
                48.5376985
              ],
              [
                -123.4062592,
                48.5375888
              ],
              [
                -123.4061732,
                48.5374911
              ],
              [
                -123.4060838,
                48.5374027
              ],
              [
                -123.4059895,
                48.5373201
              ],
              [
                -123.4058787,
                48.5372385
              ],
              [
                -123.4057628,
                48.5371607
              ],
              [
                -123.4052928,
                48.536858
              ],
              [
                -123.4051916,
                48.5367997
              ],
              [
                -123.4050884,
                48.536747
              ],
              [
                -123.4049705,
                48.5366944
              ],
              [
                -123.4048505,
                48.5366478
              ],
              [
                -123.4047119,
                48.5366017
              ],
              [
                -123.404583,
                48.5365682
              ],
              [
                -123.4044444,
                48.5365369
              ],
              [
                -123.4043213,
                48.5365148
              ],
              [
                -123.4041448,
                48.5364923
              ],
              [
                -123.4039501,
                48.5364795
              ],
              [
                -123.4035142,
                48.5364766
              ],
              [
                -123.4034824,
                48.5398887
              ]
            ]
          ]
        ]
      }
    },
    {
      "type": "Feature",
      "properties": {
        "osm_id": "relation/6927322",
        "name": "Stoney Hill Regional Park",
        "leisure": "park",
        "boundary": null,
        "operator": null,
        "protection_title": null,
        "source": "OpenStreetMap",
        "source_url": "https://www.openstreetmap.org/relation/6927322"
      },
      "geometry": {
        "type": "MultiPolygon",
        "coordinates": [
          [
            [
              [
                -123.5757778,
                48.7845057
              ],
              [
                -123.575,
                48.7845001
              ],
              [
                -123.5726151,
                48.7845013
              ],
              [
                -123.5727608,
                48.7845565
              ],
              [
                -123.5727701,
                48.7847071
              ],
              [
                -123.5727057,
                48.7847658
              ],
              [
                -123.5726604,
                48.7847463
              ],
              [
                -123.5721462,
                48.7852145
              ],
              [
                -123.5723424,
                48.7852989
              ],
              [
                -123.5723136,
                48.785345
              ],
              [
                -123.5723062,
                48.7855782
              ],
              [
                -123.5721905,
                48.7858393
              ],
              [
                -123.5721024,
                48.7859581
              ],
              [
                -123.5723244,
                48.7863589
              ],
              [
                -123.5725981,
                48.7865717
              ],
              [
                -123.5726156,
                48.7869461
              ],
              [
                -123.5725449,
                48.7870982
              ],
              [
                -123.5724598,
                48.7873246
              ],
              [
                -123.5724132,
                48.7873367
              ],
              [
                -123.5724229,
                48.7881776
              ],
              [
                -123.566299,
                48.7881814
              ],
              [
                -123.566791,
                48.7867356
              ],
              [
                -123.5667278,
                48.7845038
              ],
              [
                -123.5594696,
                48.7845071
              ],
              [
                -123.5594606,
                48.784507
              ],
              [
                -123.5594251,
                48.7844721
              ],
              [
                -123.5593555,
                48.7843296
              ],
              [
                -123.559344,
                48.7842945
              ],
              [
                -123.559367,
                48.7841684
              ],
              [
                -123.5594092,
                48.784136
              ],
              [
                -123.5594366,
                48.7840972
              ],
              [
                -123.5595565,
                48.7841032
              ],
              [
                -123.5596183,
                48.7840563
              ],
              [
                -123.5596663,
                48.7839772
              ],
              [
                -123.5595929,
                48.7839176
              ],
              [
                -123.5595026,
                48.7838265
              ],
              [
                -123.5594358,
                48.7838076
              ],
              [
                -123.5594679,
                48.7837088
              ],
              [
                -123.5595604,
                48.7837213
              ],
              [
                -123.5596044,
                48.7836618
              ],
              [
                -123.5596101,
                48.7835026
              ],
              [
                -123.5594482,
                48.7833973
              ],
              [
                -123.5592487,
                48.7833099
              ],
              [
                -123.5591279,
                48.7832093
              ],
              [
                -123.559055,
                48.7831467
              ],
              [
                -123.5591361,
                48.7830688
              ],
              [
                -123.5591912,
                48.7829858
              ],
              [
                -123.5590304,
                48.7828115
              ],
              [
                -123.5588684,
                48.7828019
              ],
              [
                -123.5585375,
                48.7825608
              ],
              [
                -123.558495,
                48.7824654
              ],
              [
                -123.5585826,
                48.7824381
              ],
              [
                -123.5586231,
                48.782374
              ],
              [
                -123.5585166,
                48.7822529
              ],
              [
                -123.5583194,
                48.7820905
              ],
              [
                -123.5582794,
                48.78203
              ],
              [
                -123.5582621,
                48.7819295
              ],
              [
                -123.5581858,
                48.7818364
              ],
              [
                -123.558043,
                48.7817861
              ],
              [
                -123.5580374,
                48.7816704
              ],
              [
                -123.5580192,
                48.7816409
              ],
              [
                -123.5580056,
                48.7816122
              ],
              [
                -123.5580145,
                48.7816013
              ],
              [
                -123.5580961,
                48.7815486
              ],
              [
                -123.5580996,
                48.7814985
              ],
              [
                -123.558178,
                48.7814111
              ],
              [
                -123.5582287,
                48.7813289
              ],
              [
                -123.55819,
                48.781261
              ],
              [
                -123.5581527,
                48.7812162
              ],
              [
                -123.5580839,
                48.7811555
              ],
              [
                -123.5581366,
                48.7810674
              ],
              [
                -123.5581839,
                48.7810322
              ],
              [
                -123.5582555,
                48.7810362
              ],
              [
                -123.5582896,
                48.7810749
              ],
              [
                -123.5584004,
                48.7810932
              ],
              [
                -123.558559,
                48.7811195
              ],
              [
                -123.5587422,
                48.7811693
              ],
              [
                -123.5588155,
                48.7811461
              ],
              [
                -123.5588156,
                48.7810602
              ],
              [
                -123.5588055,
                48.7809984
              ],
              [
                -123.5588098,
                48.7809715
              ],
              [
                -123.5588366,
                48.78093
              ],
              [
                -123.5588479,
                48.7808882
              ],
              [
                -123.5588609,
                48.7808367
              ],
              [
                -123.5589006,
                48.780767
              ],
              [
                -123.5588861,
                48.7807007
              ],
              [
                -123.5588766,
                48.7806208
              ],
              [
                -123.5588128,
                48.7805751
              ],
              [
                -123.5587679,
                48.7805033
              ],
              [
                -123.5587435,
                48.7804742
              ],
              [
                -123.5587169,
                48.7804027
              ],
              [
                -123.5586405,
                48.7803481
              ],
              [
                -123.5586562,
                48.7803079
              ],
              [
                -123.5587303,
                48.7802526
              ],
              [
                -123.5586562,
                48.7802271
              ],
              [
                -123.5587952,
                48.7801696
              ],
              [
                -123.5589032,
                48.7801225
              ],
              [
                -123.5590513,
                48.7800774
              ],
              [
                -123.558965,
                48.7800326
              ],
              [
                -123.558903,
                48.7799895
              ],
              [
                -123.5589107,
                48.7799595
              ],
              [
                -123.558938,
                48.7799195
              ],
              [
                -123.5589907,
                48.7798699
              ],
              [
                -123.5590202,
                48.7798334
              ],
              [
                -123.5590978,
                48.7798416
              ],
              [
                -123.5591761,
                48.7798499
              ],
              [
                -123.5593093,
                48.7798639
              ],
              [
                -123.5594901,
                48.7798882
              ],
              [
                -123.55957,
                48.779901
              ],
              [
                -123.559626,
                48.7799077
              ],
              [
                -123.5597023,
                48.7799145
              ],
              [
                -123.5598118,
                48.7799464
              ],
              [
                -123.5598902,
                48.7799723
              ],
              [
                -123.5599797,
                48.7799759
              ],
              [
                -123.5600711,
                48.7800006
              ],
              [
                -123.5601714,
                48.7800206
              ],
              [
                -123.5602488,
                48.7800254
              ],
              [
                -123.5603343,
                48.7800328
              ],
              [
                -123.56041,
                48.7800498
              ],
              [
                -123.5606256,
                48.7801137
              ],
              [
                -123.5608577,
                48.7802025
              ],
              [
                -123.5610125,
                48.7802359
              ],
              [
                -123.5610448,
                48.7803293
              ],
              [
                -123.5611058,
                48.7803618
              ],
              [
                -123.5611686,
                48.7803648
              ],
              [
                -123.5612569,
                48.7803203
              ],
              [
                -123.5613015,
                48.7802875
              ],
              [
                -123.5612894,
                48.780247
              ],
              [
                -123.5612412,
                48.7802232
              ],
              [
                -123.5611925,
                48.7801888
              ],
              [
                -123.5611557,
                48.7801552
              ],
              [
                -123.5612075,
                48.7801127
              ],
              [
                -123.5611893,
                48.7800896
              ],
              [
                -123.5612491,
                48.7800548
              ],
              [
                -123.5613053,
                48.7800629
              ],
              [
                -123.5613747,
                48.7800658
              ],
              [
                -123.5614604,
                48.7800831
              ],
              [
                -123.5615194,
                48.7801038
              ],
              [
                -123.5616017,
                48.780131
              ],
              [
                -123.5616851,
                48.7801636
              ],
              [
                -123.5617393,
                48.7801788
              ],
              [
                -123.5617881,
                48.7802272
              ],
              [
                -123.5617596,
                48.7802646
              ],
              [
                -123.5617927,
                48.7803145
              ],
              [
                -123.5618212,
                48.7803955
              ],
              [
                -123.5618724,
                48.7804352
              ],
              [
                -123.5620154,
                48.7804851
              ],
              [
                -123.5621107,
                48.7804915
              ],
              [
                -123.5622048,
                48.7805141
              ],
              [
                -123.5623477,
                48.7805529
              ],
              [
                -123.5625183,
                48.7805765
              ],
              [
                -123.5625966,
                48.7805972
              ],
              [
                -123.5626879,
                48.780613
              ],
              [
                -123.5627735,
                48.7806214
              ],
              [
                -123.5628807,
                48.780595
              ],
              [
                -123.5630338,
                48.7805815
              ],
              [
                -123.5629758,
                48.7805225
              ],
              [
                -123.5629861,
                48.7805031
              ],
              [
                -123.563035,
                48.7804779
              ],
              [
                -123.5631255,
                48.7804883
              ],
              [
                -123.5632219,
                48.7805448
              ],
              [
                -123.5632659,
                48.7805159
              ],
              [
                -123.563309,
                48.7805402
              ],
              [
                -123.5633628,
                48.7805476
              ],
              [
                -123.5634023,
                48.7805458
              ],
              [
                -123.5634398,
                48.7805627
              ],
              [
                -123.563536,
                48.780594
              ],
              [
                -123.5636168,
                48.7805944
              ],
              [
                -123.563695,
                48.7806337
              ],
              [
                -123.5637438,
                48.7806264
              ],
              [
                -123.5638151,
                48.780652
              ],
              [
                -123.5638712,
                48.7806874
              ],
              [
                -123.5639397,
                48.7806967
              ],
              [
                -123.5640124,
                48.7807349
              ],
              [
                -123.5641456,
                48.7807708
              ],
              [
                -123.5643517,
                48.7808392
              ],
              [
                -123.5645363,
                48.7808691
              ],
              [
                -123.5646216,
                48.7808631
              ],
              [
                -123.5647803,
                48.7808673
              ],
              [
                -123.5686012,
                48.7808697
              ],
              [
                -123.5693528,
                48.7799557
              ],
              [
                -123.5702872,
                48.7790566
              ],
              [
                -123.5705885,
                48.7790565
              ],
              [
                -123.5706145,
                48.7789987
              ],
              [
                -123.5708657,
                48.7784204
              ],
              [
                -123.5711168,
                48.7778425
              ],
              [
                -123.5714597,
                48.7771977
              ],
              [
                -123.5754891,
                48.7771998
              ],
              [
                -123.5755392,
                48.7790017
              ],
              [
                -123.5755411,
                48.7790555
              ],
              [
                -123.5756064,
                48.7808738
              ],
              [
                -123.5757778,
                48.7845057
              ]
            ]
          ],
          [
            [
              [
                -123.5893252,
                48.7808695
              ],
              [
                -123.5893274,
                48.7809335
              ],
              [
                -123.5891646,
                48.7809542
              ],
              [
                -123.5890346,
                48.7809835
              ],
              [
                -123.5889089,
                48.7810201
              ],
              [
                -123.5887884,
                48.7810636
              ],
              [
                -123.588674,
                48.7811138
              ],
              [
                -123.5885666,
                48.7811703
              ],
              [
                -123.5885442,
                48.7811534
              ],
              [
                -123.5884339,
                48.7812229
              ],
              [
                -123.5883339,
                48.781299
              ],
              [
                -123.588245,
                48.7813808
              ],
              [
                -123.588168,
                48.7814679
              ],
              [
                -123.5881037,
                48.7815592
              ],
              [
                -123.5880526,
                48.7816542
              ],
              [
                -123.58793,
                48.7819202
              ],
              [
                -123.587884,
                48.7820201
              ],
              [
                -123.5874035,
                48.7830635
              ],
              [
                -123.5873672,
                48.7831314
              ],
              [
                -123.5873219,
                48.7831968
              ],
              [
                -123.5872681,
                48.7832593
              ],
              [
                -123.587206,
                48.7833184
              ],
              [
                -123.5871363,
                48.7833736
              ],
              [
                -123.5871614,
                48.7833888
              ],
              [
                -123.5870858,
                48.783439
              ],
              [
                -123.587004,
                48.7834849
              ],
              [
                -123.5869166,
                48.7835259
              ],
              [
                -123.5868243,
                48.7835619
              ],
              [
                -123.5867276,
                48.7835926
              ],
              [
                -123.5866274,
                48.7836177
              ],
              [
                -123.5865243,
                48.7836371
              ],
              [
                -123.586419,
                48.7836506
              ],
              [
                -123.5863124,
                48.7836582
              ],
              [
                -123.5862052,
                48.7836597
              ],
              [
                -123.5860982,
                48.7836552
              ],
              [
                -123.5859922,
                48.7836447
              ],
              [
                -123.5858879,
                48.7836283
              ],
              [
                -123.5853639,
                48.7835302
              ],
              [
                -123.5853824,
                48.7834868
              ],
              [
                -123.5833291,
                48.7831699
              ],
              [
                -123.5833258,
                48.7831692
              ],
              [
                -123.583266,
                48.7831568
              ],
              [
                -123.5832073,
                48.7831422
              ],
              [
                -123.5831498,
                48.7831257
              ],
              [
                -123.583092,
                48.7831036
              ],
              [
                -123.5830373,
                48.7830782
              ],
              [
                -123.5829863,
                48.7830497
              ],
              [
                -123.5829392,
                48.7830184
              ],
              [
                -123.5828959,
                48.7829868
              ],
              [
                -123.5828127,
                48.7829308
              ],
              [
                -123.5827232,
                48.7828792
              ],
              [
                -123.582628,
                48.7828324
              ],
              [
                -123.5825595,
                48.7827939
              ],
              [
                -123.5824863,
                48.7808675
              ],
              [
                -123.5893252,
                48.7808695
              ]
            ]
          ]
        ]
      }
    },
    {
      "type": "Feature",
      "properties": {
        "osm_id": "relation/7335863",
        "name": "Kapoor Regional Park",
        "leisure": "park",
        "boundary": null,
        "operator": null,
        "protection_title": null,
        "source": "OpenStreetMap",
        "source_url": "https://www.openstreetmap.org/relation/7335863"
      },
      "geometry": {
        "type": "Polygon",
        "coordinates": [
          [
            [
              -123.7166079,
              48.4894428
            ],
            [
              -123.7166719,
              48.4895372
            ],
            [
              -123.7167075,
              48.4896039
            ],
            [
              -123.7167178,
              48.4898041
            ],
            [
              -123.716703,
              48.4899964
            ],
            [
              -123.7166423,
              48.4901495
            ],
            [
              -123.7166319,
              48.4901877
            ],
            [
              -123.7165712,
              48.4902839
            ],
            [
              -123.7165165,
              48.4903938
            ],
            [
              -123.7164217,
              48.490541
            ],
            [
              -123.7162248,
              48.4907912
            ],
            [
              -123.7161345,
              48.4908795
            ],
            [
              -123.716056,
              48.4909786
            ],
            [
              -123.7159879,
              48.4910306
            ],
            [
              -123.7158443,
              48.4911847
            ],
            [
              -123.7157466,
              48.4912426
            ],
            [
              -123.7155348,
              48.491431
            ],
            [
              -123.715406,
              48.4914918
            ],
            [
              -123.7152713,
              48.4915752
            ],
            [
              -123.7151617,
              48.4916096
            ],
            [
              -123.7150255,
              48.4916753
            ],
            [
              -123.7149411,
              48.4917332
            ],
            [
              -123.7148034,
              48.491796
            ],
            [
              -123.7147101,
              48.491847
            ],
            [
              -123.7147042,
              48.4918706
            ],
            [
              -123.7146095,
              48.4919402
            ],
            [
              -123.7143681,
              48.492161
            ],
            [
              -123.7142541,
              48.4922218
            ],
            [
              -123.7139225,
              48.4924308
            ],
            [
              -123.7137966,
              48.4924848
            ],
            [
              -123.7136841,
              48.4925564
            ],
            [
              -123.7133584,
              48.4926605
            ],
            [
              -123.7131955,
              48.4927556
            ],
            [
              -123.7131333,
              48.4928842
            ],
            [
              -123.7129749,
              48.4930971
            ],
            [
              -123.712849,
              48.4932305
            ],
            [
              -123.712892,
              48.4933424
            ],
            [
              -123.7129038,
              48.4935327
            ],
            [
              -123.712929,
              48.4936505
            ],
            [
              -123.7128949,
              48.4937221
            ],
            [
              -123.7128638,
              48.4938507
            ],
            [
              -123.7127602,
              48.4939429
            ],
            [
              -123.7125929,
              48.4940596
            ],
            [
              -123.7124848,
              48.4940822
            ],
            [
              -123.7123382,
              48.4940901
            ],
            [
              -123.7121946,
              48.4941175
            ],
            [
              -123.711971,
              48.4941784
            ],
            [
              -123.7118733,
              48.4942892
            ],
            [
              -123.7118333,
              48.4943187
            ],
            [
              -123.71178,
              48.4945365
            ],
            [
              -123.7117874,
              48.4946484
            ],
            [
              -123.7118511,
              48.4947504
            ],
            [
              -123.7119177,
              48.4949074
            ],
            [
              -123.7119651,
              48.4950575
            ],
            [
              -123.7115298,
              48.4953626
            ],
            [
              -123.7111656,
              48.4955795
            ],
            [
              -123.7110738,
              48.4956197
            ],
            [
              -123.7108917,
              48.495657
            ],
            [
              -123.7108265,
              48.4956472
            ],
            [
              -123.7107407,
              48.495607
            ],
            [
              -123.7106829,
              48.495603
            ],
            [
              -123.710597,
              48.4956393
            ],
            [
              -123.7105808,
              48.4956845
            ],
            [
              -123.7107051,
              48.4957944
            ],
            [
              -123.7107347,
              48.4958326
            ],
            [
              -123.7107007,
              48.495867
            ],
            [
              -123.710597,
              48.4958885
            ],
            [
              -123.7104978,
              48.4959199
            ],
            [
              -123.7104786,
              48.4959435
            ],
            [
              -123.7105304,
              48.4960024
            ],
            [
              -123.710566,
              48.496019
            ],
            [
              -123.7106133,
              48.4960308
            ],
            [
              -123.7106296,
              48.4960622
            ],
            [
              -123.7105867,
              48.496074
            ],
            [
              -123.7105452,
              48.496072
            ],
            [
              -123.7105141,
              48.4961162
            ],
            [
              -123.7110235,
              48.4963654
            ],
            [
              -123.7110442,
              48.4963919
            ],
            [
              -123.7110634,
              48.4963987
            ],
            [
              -123.7112441,
              48.4963801
            ],
            [
              -123.711364,
              48.4963801
            ],
            [
              -123.7114217,
              48.4963879
            ],
            [
              -123.7114573,
              48.4964085
            ],
            [
              -123.7114691,
              48.4964449
            ],
            [
              -123.7113388,
              48.4967961
            ],
            [
              -123.7112396,
              48.4968981
            ],
            [
              -123.7112381,
              48.4969727
            ],
            [
              -123.7111434,
              48.4970826
            ],
            [
              -123.7114706,
              48.4975045
            ],
            [
              -123.7115017,
              48.4976467
            ],
            [
              -123.7114736,
              48.4977556
            ],
            [
              -123.7115269,
              48.4979077
            ],
            [
              -123.7116113,
              48.4979666
            ],
            [
              -123.7117001,
              48.4980608
            ],
            [
              -123.7117519,
              48.4981628
            ],
            [
              -123.7118807,
              48.4982344
            ],
            [
              -123.7120229,
              48.498254
            ],
            [
              -123.7121398,
              48.4983522
            ],
            [
              -123.7123826,
              48.4984699
            ],
            [
              -123.7125041,
              48.4987642
            ],
            [
              -123.7125455,
              48.4989182
            ],
            [
              -123.7125929,
              48.4990271
            ],
            [
              -123.7124656,
              48.4992175
            ],
            [
              -123.7122908,
              48.4993588
            ],
            [
              -123.7121428,
              48.4994941
            ],
            [
              -123.7120258,
              48.4995609
            ],
            [
              -123.7118097,
              48.499761
            ],
            [
              -123.7116201,
              48.4998719
            ],
            [
              -123.7114099,
              48.4999396
            ],
            [
              -123.7111449,
              48.4999994
            ],
            [
              -123.7107525,
              48.5000151
            ],
            [
              -123.7104327,
              48.5000328
            ],
            [
              -123.7104475,
              48.4999042
            ],
            [
              -123.7104934,
              48.4998562
            ],
            [
              -123.7105896,
              48.499813
            ],
            [
              -123.7107658,
              48.4997335
            ],
            [
              -123.7108561,
              48.4996786
            ],
            [
              -123.7109716,
              48.4996011
            ],
            [
              -123.7111523,
              48.4994716
            ],
            [
              -123.7113048,
              48.4993588
            ],
            [
              -123.7113862,
              48.499294
            ],
            [
              -123.7114395,
              48.4992106
            ],
            [
              -123.7114676,
              48.499137
            ],
            [
              -123.7114676,
              48.4989241
            ],
            [
              -123.711441,
              48.4988417
            ],
            [
              -123.711398,
              48.4987701
            ],
            [
              -123.7113329,
              48.4987004
            ],
            [
              -123.7113006,
              48.4986736
            ],
            [
              -123.7113276,
              48.4985585
            ],
            [
              -123.7113112,
              48.4982655
            ],
            [
              -123.7112348,
              48.4980558
            ],
            [
              -123.7106289,
              48.4968458
            ],
            [
              -123.7104679,
              48.4965185
            ],
            [
              -123.7103451,
              48.4961278
            ],
            [
              -123.710285,
              48.4957516
            ],
            [
              -123.710285,
              48.4953953
            ],
            [
              -123.7103369,
              48.4950047
            ],
            [
              -123.7104843,
              48.4945435
            ],
            [
              -123.7106917,
              48.4941437
            ],
            [
              -123.7108855,
              48.493858
            ],
            [
              -123.7110765,
              48.4936174
            ],
            [
              -123.7115241,
              48.493158
            ],
            [
              -123.7124111,
              48.4922627
            ],
            [
              -123.7129734,
              48.4916911
            ],
            [
              -123.7141657,
              48.4903367
            ],
            [
              -123.7145058,
              48.4899424
            ],
            [
              -123.7146331,
              48.4897658
            ],
            [
              -123.7147753,
              48.4895028
            ],
            [
              -123.7148523,
              48.4892967
            ],
            [
              -123.7149233,
              48.4890338
            ],
            [
              -123.7149441,
              48.4888493
            ],
            [
              -123.7149382,
              48.4886079
            ],
            [
              -123.7148725,
              48.4882294
            ],
            [
              -123.7149284,
              48.4883818
            ],
            [
              -123.7150106,
              48.4885071
            ],
            [
              -123.7150539,
              48.4885698
            ],
            [
              -123.7152031,
              48.4886239
            ],
            [
              -123.7152715,
              48.4886766
            ],
            [
              -123.7155727,
              48.4888916
            ],
            [
              -123.7159815,
              48.4891138
            ],
            [
              -123.7163083,
              48.4892548
            ],
            [
              -123.7166079,
              48.4894428
            ]
          ]
        ]
      }
    },
    {
      "type": "Feature",
      "properties": {
        "osm_id": "relation/7510889",
        "name": "Descanso Bay Regional Park",
        "leisure": "park",
        "boundary": null,
        "operator": null,
        "protection_title": null,
        "source": "OpenStreetMap",
        "source_url": "https://www.openstreetmap.org/relation/7510889"
      },
      "geometry": {
        "type": "Polygon",
        "coordinates": [
          [
            [
              -123.8543252,
              49.1834547
            ],
            [
              -123.8542707,
              49.1833835
            ],
            [
              -123.8541487,
              49.1832358
            ],
            [
              -123.8541199,
              49.1831919
            ],
            [
              -123.8540959,
              49.1831467
            ],
            [
              -123.854077,
              49.1831005
            ],
            [
              -123.8540602,
              49.18304
            ],
            [
              -123.854052,
              49.1829787
            ],
            [
              -123.8540512,
              49.1829582
            ],
            [
              -123.8540542,
              49.1828983
            ],
            [
              -123.8540655,
              49.1828389
            ],
            [
              -123.8540848,
              49.1827804
            ],
            [
              -123.854112,
              49.1827233
            ],
            [
              -123.8541469,
              49.1826679
            ],
            [
              -123.8541893,
              49.1826149
            ],
            [
              -123.8542387,
              49.1825645
            ],
            [
              -123.8542576,
              49.1825476
            ],
            [
              -123.8543843,
              49.1824559
            ],
            [
              -123.8547863,
              49.1821789
            ],
            [
              -123.8549595,
              49.1820686
            ],
            [
              -123.8551679,
              49.1819639
            ],
            [
              -123.8552902,
              49.1819159
            ],
            [
              -123.8554084,
              49.1818637
            ],
            [
              -123.8555222,
              49.1818075
            ],
            [
              -123.8556312,
              49.1817473
            ],
            [
              -123.8557351,
              49.1816833
            ],
            [
              -123.8558336,
              49.1816158
            ],
            [
              -123.8632085,
              49.1817093
            ],
            [
              -123.8631476,
              49.1817532
            ],
            [
              -123.8630918,
              49.1817993
            ],
            [
              -123.863039,
              49.1819141
            ],
            [
              -123.8630709,
              49.1819812
            ],
            [
              -123.8631688,
              49.1820358
            ],
            [
              -123.8633126,
              49.1821065
            ],
            [
              -123.863403,
              49.1821911
            ],
            [
              -123.8633502,
              49.1822356
            ],
            [
              -123.8630685,
              49.1822407
            ],
            [
              -123.8628008,
              49.1821963
            ],
            [
              -123.8627446,
              49.1821787
            ],
            [
              -123.8626669,
              49.1821703
            ],
            [
              -123.8624073,
              49.1821304
            ],
            [
              -123.8620931,
              49.182099
            ],
            [
              -123.8618966,
              49.1820855
            ],
            [
              -123.8618511,
              49.1821591
            ],
            [
              -123.8618239,
              49.1822341
            ],
            [
              -123.8617895,
              49.1822276
            ],
            [
              -123.8617255,
              49.1822886
            ],
            [
              -123.8616753,
              49.1824169
            ],
            [
              -123.8616879,
              49.1824923
            ],
            [
              -123.8617928,
              49.1825514
            ],
            [
              -123.8618947,
              49.1825738
            ],
            [
              -123.8620644,
              49.1826242
            ],
            [
              -123.8622769,
              49.1827116
            ],
            [
              -123.8624051,
              49.1827368
            ],
            [
              -123.8624194,
              49.1827749
            ],
            [
              -123.8624672,
              49.1828358
            ],
            [
              -123.8626458,
              49.1828719
            ],
            [
              -123.862808,
              49.1829537
            ],
            [
              -123.8630963,
              49.1830675
            ],
            [
              -123.8631987,
              49.1831199
            ],
            [
              -123.8633594,
              49.1832428
            ],
            [
              -123.8633453,
              49.1832841
            ],
            [
              -123.8634544,
              49.1833304
            ],
            [
              -123.8634442,
              49.1834022
            ],
            [
              -123.8631297,
              49.1833522
            ],
            [
              -123.8628387,
              49.1833461
            ],
            [
              -123.8626894,
              49.1833554
            ],
            [
              -123.8625321,
              49.1832968
            ],
            [
              -123.8624353,
              49.1833034
            ],
            [
              -123.8623712,
              49.1832904
            ],
            [
              -123.8622289,
              49.1833109
            ],
            [
              -123.8620464,
              49.1833108
            ],
            [
              -123.861563,
              49.1831947
            ],
            [
              -123.8613048,
              49.1831696
            ],
            [
              -123.8608168,
              49.1831867
            ],
            [
              -123.8606697,
              49.1832573
            ],
            [
              -123.8606576,
              49.1833523
            ],
            [
              -123.8607825,
              49.1835174
            ],
            [
              -123.860963,
              49.1835969
            ],
            [
              -123.8610021,
              49.1836856
            ],
            [
              -123.8613368,
              49.1838439
            ],
            [
              -123.8615229,
              49.1839233
            ],
            [
              -123.8620106,
              49.1840259
            ],
            [
              -123.8621046,
              49.1840507
            ],
            [
              -123.8623024,
              49.1841449
            ],
            [
              -123.8623834,
              49.1841451
            ],
            [
              -123.862758,
              49.1842373
            ],
            [
              -123.8628486,
              49.1843324
            ],
            [
              -123.8632596,
              49.1844849
            ],
            [
              -123.8637076,
              49.1846618
            ],
            [
              -123.8638828,
              49.1847024
            ],
            [
              -123.8644116,
              49.1849386
            ],
            [
              -123.864539,
              49.1849833
            ],
            [
              -123.8647852,
              49.1851056
            ],
            [
              -123.8649031,
              49.1851562
            ],
            [
              -123.8650438,
              49.1852166
            ],
            [
              -123.8651527,
              49.1852495
            ],
            [
              -123.8651912,
              49.1852713
            ],
            [
              -123.8652806,
              49.1853218
            ],
            [
              -123.865376,
              49.1853667
            ],
            [
              -123.8654735,
              49.1853769
            ],
            [
              -123.8655416,
              49.1855358
            ],
            [
              -123.8650942,
              49.1855209
            ],
            [
              -123.8640929,
              49.1851725
            ],
            [
              -123.8620835,
              49.1843223
            ],
            [
              -123.8593726,
              49.1836352
            ],
            [
              -123.8576797,
              49.1835481
            ],
            [
              -123.8550217,
              49.1836724
            ],
            [
              -123.8543252,
              49.1834547
            ]
          ]
        ]
      }
    },
    {
      "type": "Feature",
      "properties": {
        "osm_id": "relation/7597113",
        "name": "Little Qualicum River Regional Park",
        "leisure": "park",
        "boundary": null,
        "operator": null,
        "protection_title": null,
        "source": "OpenStreetMap",
        "source_url": "https://www.openstreetmap.org/relation/7597113"
      },
      "geometry": {
        "type": "MultiPolygon",
        "coordinates": [
          [
            [
              [
                -124.5564115,
                49.3258562
              ],
              [
                -124.5564644,
                49.3259823
              ],
              [
                -124.5581388,
                49.3270456
              ],
              [
                -124.5597153,
                49.3280399
              ],
              [
                -124.559451,
                49.3280818
              ],
              [
                -124.5592825,
                49.3281047
              ],
              [
                -124.5591562,
                49.3281254
              ],
              [
                -124.5590106,
                49.328153
              ],
              [
                -124.5589145,
                49.3281735
              ],
              [
                -124.5587373,
                49.3282167
              ],
              [
                -124.5585992,
                49.328255
              ],
              [
                -124.5584265,
                49.3283093
              ],
              [
                -124.5579019,
                49.3279875
              ],
              [
                -124.5577112,
                49.3276407
              ],
              [
                -124.5566361,
                49.326965
              ],
              [
                -124.5555775,
                49.3269445
              ],
              [
                -124.5538584,
                49.3258627
              ],
              [
                -124.5518688,
                49.326781
              ],
              [
                -124.5496476,
                49.3274256
              ],
              [
                -124.5494293,
                49.3275354
              ],
              [
                -124.5481113,
                49.3285907
              ],
              [
                -124.5489412,
                49.3290153
              ],
              [
                -124.5494686,
                49.3295891
              ],
              [
                -124.5490969,
                49.3311094
              ],
              [
                -124.5493076,
                49.3314449
              ],
              [
                -124.5489936,
                49.3314471
              ],
              [
                -124.5483874,
                49.3317459
              ],
              [
                -124.5479532,
                49.3320945
              ],
              [
                -124.5477193,
                49.3325991
              ],
              [
                -124.5471715,
                49.3327427
              ],
              [
                -124.5461212,
                49.3329284
              ],
              [
                -124.545563,
                49.3328768
              ],
              [
                -124.5451605,
                49.3328374
              ],
              [
                -124.5443661,
                49.3328843
              ],
              [
                -124.5441778,
                49.3331933
              ],
              [
                -124.5438013,
                49.3334932
              ],
              [
                -124.5431881,
                49.3336853
              ],
              [
                -124.5427969,
                49.3340964
              ],
              [
                -124.5419369,
                49.3343337
              ],
              [
                -124.5410517,
                49.3342272
              ],
              [
                -124.5410641,
                49.3299876
              ],
              [
                -124.5412803,
                49.3299454
              ],
              [
                -124.5414917,
                49.3298805
              ],
              [
                -124.5415973,
                49.3298537
              ],
              [
                -124.5417257,
                49.3298451
              ],
              [
                -124.5419154,
                49.3299435
              ],
              [
                -124.5420585,
                49.3299231
              ],
              [
                -124.5422661,
                49.3298773
              ],
              [
                -124.5424592,
                49.3298287
              ],
              [
                -124.5426631,
                49.3298638
              ],
              [
                -124.5428315,
                49.3299252
              ],
              [
                -124.5429813,
                49.3299934
              ],
              [
                -124.543079,
                49.3300852
              ],
              [
                -124.5432275,
                49.3300801
              ],
              [
                -124.5433345,
                49.3300854
              ],
              [
                -124.5435902,
                49.3302596
              ],
              [
                -124.5439602,
                49.3303747
              ],
              [
                -124.5440363,
                49.3304334
              ],
              [
                -124.5441863,
                49.3305441
              ],
              [
                -124.5443668,
                49.3307239
              ],
              [
                -124.5444195,
                49.3307881
              ],
              [
                -124.5444434,
                49.3308741
              ],
              [
                -124.544433,
                49.330975
              ],
              [
                -124.5445239,
                49.3310715
              ],
              [
                -124.5445704,
                49.3311324
              ],
              [
                -124.5445422,
                49.3311873
              ],
              [
                -124.5446052,
                49.3312718
              ],
              [
                -124.5446552,
                49.3313442
              ],
              [
                -124.5447193,
                49.3314574
              ],
              [
                -124.5447388,
                49.3315451
              ],
              [
                -124.5447808,
                49.3315884
              ],
              [
                -124.5447402,
                49.33169
              ],
              [
                -124.5447569,
                49.3317981
              ],
              [
                -124.5447835,
                49.3318638
              ],
              [
                -124.5448663,
                49.3319737
              ],
              [
                -124.5449323,
                49.3320302
              ],
              [
                -124.5450411,
                49.3321169
              ],
              [
                -124.5451913,
                49.332151
              ],
              [
                -124.5453929,
                49.3322082
              ],
              [
                -124.5455317,
                49.332216
              ],
              [
                -124.5456382,
                49.3321747
              ],
              [
                -124.5457529,
                49.3321233
              ],
              [
                -124.5458778,
                49.3320645
              ],
              [
                -124.5460001,
                49.3319822
              ],
              [
                -124.5461676,
                49.3319056
              ],
              [
                -124.5463182,
                49.3318335
              ],
              [
                -124.5464532,
                49.3317477
              ],
              [
                -124.5465874,
                49.3317127
              ],
              [
                -124.5468332,
                49.3315769
              ],
              [
                -124.5469834,
                49.3314751
              ],
              [
                -124.5471347,
                49.3313658
              ],
              [
                -124.5472512,
                49.3312687
              ],
              [
                -124.5474071,
                49.3311443
              ],
              [
                -124.5475377,
                49.3310288
              ],
              [
                -124.547891,
                49.3307367
              ],
              [
                -124.5479594,
                49.3306194
              ],
              [
                -124.5481631,
                49.3305106
              ],
              [
                -124.5483376,
                49.3303719
              ],
              [
                -124.5483933,
                49.3302979
              ],
              [
                -124.5485669,
                49.3302015
              ],
              [
                -124.5486332,
                49.3301112
              ],
              [
                -124.5487329,
                49.3300309
              ],
              [
                -124.5488148,
                49.3299311
              ],
              [
                -124.5488406,
                49.329827
              ],
              [
                -124.5488872,
                49.3297146
              ],
              [
                -124.5488339,
                49.3296231
              ],
              [
                -124.5487816,
                49.3295196
              ],
              [
                -124.5487329,
                49.3294504
              ],
              [
                -124.5486956,
                49.3293384
              ],
              [
                -124.5486148,
                49.329248
              ],
              [
                -124.5485381,
                49.3291923
              ],
              [
                -124.5485016,
                49.3291567
              ],
              [
                -124.5483718,
                49.3291417
              ],
              [
                -124.5482342,
                49.3290913
              ],
              [
                -124.5481393,
                49.3290385
              ],
              [
                -124.5479143,
                49.3289069
              ],
              [
                -124.5476744,
                49.3287412
              ],
              [
                -124.5475775,
                49.3286581
              ],
              [
                -124.5475285,
                49.328588
              ],
              [
                -124.547479,
                49.3284752
              ],
              [
                -124.5474601,
                49.3284134
              ],
              [
                -124.547466,
                49.3283638
              ],
              [
                -124.5475571,
                49.3282903
              ],
              [
                -124.5476559,
                49.3282039
              ],
              [
                -124.5477342,
                49.3281532
              ],
              [
                -124.5478175,
                49.3280796
              ],
              [
                -124.5479904,
                49.3280421
              ],
              [
                -124.5481666,
                49.3279755
              ],
              [
                -124.5482844,
                49.3278744
              ],
              [
                -124.5483027,
                49.3277987
              ],
              [
                -124.5484365,
                49.3277133
              ],
              [
                -124.5485373,
                49.3276378
              ],
              [
                -124.5486682,
                49.3275863
              ],
              [
                -124.5486701,
                49.3274882
              ],
              [
                -124.5486738,
                49.3274328
              ],
              [
                -124.5487654,
                49.3273517
              ],
              [
                -124.5488394,
                49.3273051
              ],
              [
                -124.5489794,
                49.3272096
              ],
              [
                -124.5490684,
                49.327179
              ],
              [
                -124.5488939,
                49.3270382
              ],
              [
                -124.5488783,
                49.3270407
              ],
              [
                -124.5487486,
                49.3270786
              ],
              [
                -124.5485862,
                49.3271808
              ],
              [
                -124.5485044,
                49.3272479
              ],
              [
                -124.5485132,
                49.3273255
              ],
              [
                -124.5484595,
                49.3273692
              ],
              [
                -124.5484185,
                49.3274191
              ],
              [
                -124.5483781,
                49.3274125
              ],
              [
                -124.5482963,
                49.3274686
              ],
              [
                -124.5482434,
                49.3275318
              ],
              [
                -124.5481403,
                49.3276708
              ],
              [
                -124.5481062,
                49.3277257
              ],
              [
                -124.5480378,
                49.3277908
              ],
              [
                -124.5479149,
                49.3278278
              ],
              [
                -124.5478559,
                49.3278367
              ],
              [
                -124.5476659,
                49.3278465
              ],
              [
                -124.5476209,
                49.3278964
              ],
              [
                -124.547667,
                49.3279274
              ],
              [
                -124.5476033,
                49.3279541
              ],
              [
                -124.5475233,
                49.327985
              ],
              [
                -124.5475065,
                49.3280477
              ],
              [
                -124.5474151,
                49.3281108
              ],
              [
                -124.5472616,
                49.3282482
              ],
              [
                -124.5471221,
                49.3282835
              ],
              [
                -124.5470671,
                49.3283009
              ],
              [
                -124.5470159,
                49.3283814
              ],
              [
                -124.5470287,
                49.3284773
              ],
              [
                -124.5470345,
                49.3285515
              ],
              [
                -124.5470375,
                49.3286047
              ],
              [
                -124.5470381,
                49.3286706
              ],
              [
                -124.5472468,
                49.3288489
              ],
              [
                -124.5473523,
                49.3288911
              ],
              [
                -124.5474478,
                49.3289479
              ],
              [
                -124.5475177,
                49.3290264
              ],
              [
                -124.5476157,
                49.329095
              ],
              [
                -124.5478276,
                49.3291675
              ],
              [
                -124.5479325,
                49.3292165
              ],
              [
                -124.5479893,
                49.3292867
              ],
              [
                -124.5480897,
                49.3293278
              ],
              [
                -124.5482063,
                49.3294028
              ],
              [
                -124.5483075,
                49.3294564
              ],
              [
                -124.5484076,
                49.329516
              ],
              [
                -124.5484614,
                49.3295839
              ],
              [
                -124.5485096,
                49.3296607
              ],
              [
                -124.5485829,
                49.3297301
              ],
              [
                -124.5485706,
                49.3297755
              ],
              [
                -124.5485114,
                49.3298585
              ],
              [
                -124.5483863,
                49.3299322
              ],
              [
                -124.5482913,
                49.3299837
              ],
              [
                -124.5481734,
                49.3300231
              ],
              [
                -124.54795,
                49.3301316
              ],
              [
                -124.5478024,
                49.3302448
              ],
              [
                -124.547719,
                49.3304361
              ],
              [
                -124.5476473,
                49.3305066
              ],
              [
                -124.547563,
                49.3305656
              ],
              [
                -124.5474031,
                49.3306997
              ],
              [
                -124.5472576,
                49.3307947
              ],
              [
                -124.5471601,
                49.3308867
              ],
              [
                -124.5470107,
                49.3310106
              ],
              [
                -124.5469082,
                49.3311183
              ],
              [
                -124.5468249,
                49.3312138
              ],
              [
                -124.5466981,
                49.3313405
              ],
              [
                -124.5465364,
                49.3314441
              ],
              [
                -124.5463219,
                49.331526
              ],
              [
                -124.5462477,
                49.3316079
              ],
              [
                -124.5458391,
                49.3317363
              ],
              [
                -124.545725,
                49.3318181
              ],
              [
                -124.5455307,
                49.3318902
              ],
              [
                -124.5454044,
                49.331924
              ],
              [
                -124.5452862,
                49.331931
              ],
              [
                -124.5452385,
                49.331902
              ],
              [
                -124.5452239,
                49.3318629
              ],
              [
                -124.5452672,
                49.3318124
              ],
              [
                -124.5453327,
                49.3317715
              ],
              [
                -124.5454393,
                49.3316562
              ],
              [
                -124.5453429,
                49.3314792
              ],
              [
                -124.5453307,
                49.3313681
              ],
              [
                -124.5451076,
                49.3311649
              ],
              [
                -124.5450567,
                49.3310769
              ],
              [
                -124.544955,
                49.3309353
              ],
              [
                -124.5449488,
                49.3308449
              ],
              [
                -124.544972,
                49.3307936
              ],
              [
                -124.5449225,
                49.3307497
              ],
              [
                -124.5447899,
                49.330692
              ],
              [
                -124.544605,
                49.3305925
              ],
              [
                -124.5444884,
                49.330497
              ],
              [
                -124.544407,
                49.3304365
              ],
              [
                -124.5442808,
                49.3303635
              ],
              [
                -124.5441897,
                49.3302889
              ],
              [
                -124.5441395,
                49.3302337
              ],
              [
                -124.5440536,
                49.3301654
              ],
              [
                -124.5439117,
                49.3301044
              ],
              [
                -124.5438099,
                49.3300358
              ],
              [
                -124.5437353,
                49.329957
              ],
              [
                -124.5435218,
                49.3298428
              ],
              [
                -124.5434478,
                49.3297778
              ],
              [
                -124.5433689,
                49.3297323
              ],
              [
                -124.5432533,
                49.3297215
              ],
              [
                -124.5431145,
                49.3297318
              ],
              [
                -124.5429851,
                49.3296764
              ],
              [
                -124.5429018,
                49.3296494
              ],
              [
                -124.5427784,
                49.3296348
              ],
              [
                -124.5426729,
                49.3296364
              ],
              [
                -124.5426242,
                49.3296373
              ],
              [
                -124.5424675,
                49.3296453
              ],
              [
                -124.5423394,
                49.3296464
              ],
              [
                -124.5421415,
                49.3296669
              ],
              [
                -124.5420161,
                49.3296586
              ],
              [
                -124.5417622,
                49.3296686
              ],
              [
                -124.5415738,
                49.329697
              ],
              [
                -124.5414207,
                49.329703
              ],
              [
                -124.5410644,
                49.3297742
              ],
              [
                -124.5410628,
                49.3295773
              ],
              [
                -124.5416619,
                49.329421
              ],
              [
                -124.543007,
                49.3293927
              ],
              [
                -124.5438005,
                49.3295208
              ],
              [
                -124.5454812,
                49.3306648
              ],
              [
                -124.5459473,
                49.33147
              ],
              [
                -124.5464266,
                49.3312476
              ],
              [
                -124.5480923,
                49.3296829
              ],
              [
                -124.5465805,
                49.3287985
              ],
              [
                -124.5477194,
                49.3271661
              ],
              [
                -124.5480602,
                49.3269434
              ],
              [
                -124.5485401,
                49.3269213
              ],
              [
                -124.5497544,
                49.326465
              ],
              [
                -124.5511632,
                49.3261222
              ],
              [
                -124.5526353,
                49.3254763
              ],
              [
                -124.5527858,
                49.3251961
              ],
              [
                -124.5527992,
                49.3251868
              ],
              [
                -124.5539399,
                49.3243923
              ],
              [
                -124.5539774,
                49.3243738
              ],
              [
                -124.5540123,
                49.3243572
              ],
              [
                -124.5546168,
                49.3240915
              ],
              [
                -124.5554607,
                49.3238397
              ],
              [
                -124.5555498,
                49.3232977
              ],
              [
                -124.5550672,
                49.322898
              ],
              [
                -124.5541099,
                49.3230839
              ],
              [
                -124.5538214,
                49.3229574
              ],
              [
                -124.5533125,
                49.3227333
              ],
              [
                -124.5533156,
                49.3214443
              ],
              [
                -124.554845,
                49.3197732
              ],
              [
                -124.5543816,
                49.3178404
              ],
              [
                -124.5554003,
                49.3178462
              ],
              [
                -124.5554756,
                49.3182568
              ],
              [
                -124.5550375,
                49.3186889
              ],
              [
                -124.5550573,
                49.3188477
              ],
              [
                -124.5551862,
                49.3190299
              ],
              [
                -124.5552097,
                49.3192583
              ],
              [
                -124.5554211,
                49.3196185
              ],
              [
                -124.5554868,
                49.3200184
              ],
              [
                -124.5553745,
                49.3202278
              ],
              [
                -124.5552356,
                49.3202555
              ],
              [
                -124.5546432,
                49.3208125
              ],
              [
                -124.5541619,
                49.3215045
              ],
              [
                -124.5539342,
                49.3216985
              ],
              [
                -124.5537175,
                49.3220376
              ],
              [
                -124.5536896,
                49.322389
              ],
              [
                -124.5537794,
                49.3225631
              ],
              [
                -124.5539867,
                49.3226713
              ],
              [
                -124.554451,
                49.322663
              ],
              [
                -124.5545436,
                49.3225926
              ],
              [
                -124.5545381,
                49.3225108
              ],
              [
                -124.5549323,
                49.32248
              ],
              [
                -124.5555522,
                49.3227861
              ],
              [
                -124.5559566,
                49.3231936
              ],
              [
                -124.5560115,
                49.3235131
              ],
              [
                -124.555789,
                49.3239552
              ],
              [
                -124.5554082,
                49.3241709
              ],
              [
                -124.5543916,
                49.3245335
              ],
              [
                -124.5546598,
                49.3246975
              ],
              [
                -124.5548352,
                49.3245637
              ],
              [
                -124.5550477,
                49.3244831
              ],
              [
                -124.5553066,
                49.3244859
              ],
              [
                -124.5556744,
                49.3243203
              ],
              [
                -124.5558312,
                49.3243013
              ],
              [
                -124.556214,
                49.3239754
              ],
              [
                -124.5564346,
                49.3236313
              ],
              [
                -124.5562348,
                49.3231346
              ],
              [
                -124.556049,
                49.3228738
              ],
              [
                -124.5555073,
                49.3224918
              ],
              [
                -124.5548976,
                49.3222885
              ],
              [
                -124.5547187,
                49.3222666
              ],
              [
                -124.5544325,
                49.3223378
              ],
              [
                -124.5542803,
                49.3224421
              ],
              [
                -124.5541523,
                49.3223775
              ],
              [
                -124.5541234,
                49.3219959
              ],
              [
                -124.5543487,
                49.3216985
              ],
              [
                -124.5545366,
                49.3215979
              ],
              [
                -124.5546815,
                49.3213074
              ],
              [
                -124.5550642,
                49.3208932
              ],
              [
                -124.5554253,
                49.3206386
              ],
              [
                -124.5558921,
                49.320128
              ],
              [
                -124.5558585,
                49.3196236
              ],
              [
                -124.5554282,
                49.3188078
              ],
              [
                -124.5558252,
                49.3186511
              ],
              [
                -124.5562739,
                49.3183598
              ],
              [
                -124.5565084,
                49.3182801
              ],
              [
                -124.5566498,
                49.3180084
              ],
              [
                -124.5565396,
                49.3178834
              ],
              [
                -124.5565686,
                49.3178505
              ],
              [
                -124.5581961,
                49.3178525
              ],
              [
                -124.5581991,
                49.3105943
              ],
              [
                -124.5583803,
                49.3111801
              ],
              [
                -124.5585766,
                49.3113369
              ],
              [
                -124.5582819,
                49.31152
              ],
              [
                -124.5585773,
                49.3129704
              ],
              [
                -124.5583985,
                49.3150221
              ],
              [
                -124.5604938,
                49.3150293
              ],
              [
                -124.5605055,
                49.3152092
              ],
              [
                -124.5583927,
                49.3152019
              ],
              [
                -124.5583628,
                49.3184989
              ],
              [
                -124.5586038,
                49.3191746
              ],
              [
                -124.556812,
                49.3193651
              ],
              [
                -124.5562592,
                49.3203158
              ],
              [
                -124.5548699,
                49.3218375
              ],
              [
                -124.5565378,
                49.322353
              ],
              [
                -124.5573556,
                49.3236707
              ],
              [
                -124.5572254,
                49.324111
              ],
              [
                -124.5560756,
                49.3249696
              ],
              [
                -124.5561755,
                49.3252188
              ],
              [
                -124.5580322,
                49.3252888
              ],
              [
                -124.5579572,
                49.3253789
              ],
              [
                -124.5562205,
                49.3253134
              ],
              [
                -124.5564115,
                49.3258562
              ]
            ]
          ],
          [
            [
              [
                -124.5605541,
                49.3281914
              ],
              [
                -124.5606385,
                49.3294758
              ],
              [
                -124.5602754,
                49.329527
              ],
              [
                -124.5600056,
                49.3296294
              ],
              [
                -124.5582476,
                49.3285298
              ],
              [
                -124.5588149,
                49.3283314
              ],
              [
                -124.5593027,
                49.3282278
              ],
              [
                -124.5599491,
                49.3281697
              ],
              [
                -124.5605541,
                49.3281914
              ]
            ]
          ],
          [
            [
              [
                -124.558273,
                49.3254347
              ],
              [
                -124.5583557,
                49.3253555
              ],
              [
                -124.5594031,
                49.3263152
              ],
              [
                -124.5593246,
                49.3263983
              ],
              [
                -124.558273,
                49.3254347
              ]
            ]
          ]
        ]
      }
    },
    {
      "type": "Feature",
      "properties": {
        "osm_id": "relation/7597264",
        "name": "Horne Lake Regional Park",
        "leisure": "park",
        "boundary": null,
        "operator": null,
        "protection_title": null,
        "source": "OpenStreetMap",
        "source_url": "https://www.openstreetmap.org/relation/7597264"
      },
      "geometry": {
        "type": "Polygon",
        "coordinates": [
          [
            [
              -124.7414834,
              49.3519531
            ],
            [
              -124.7412016,
              49.3520248
            ],
            [
              -124.7411754,
              49.3518618
            ],
            [
              -124.7410828,
              49.3516697
            ],
            [
              -124.7410131,
              49.3515939
            ],
            [
              -124.7408152,
              49.3514107
            ],
            [
              -124.7404937,
              49.351204
            ],
            [
              -124.7400643,
              49.351024
            ],
            [
              -124.7399122,
              49.3508903
            ],
            [
              -124.7398451,
              49.3508134
            ],
            [
              -124.739839,
              49.3507395
            ],
            [
              -124.7399365,
              49.3505815
            ],
            [
              -124.7400382,
              49.3504308
            ],
            [
              -124.7400758,
              49.350263
            ],
            [
              -124.7401671,
              49.3501404
            ],
            [
              -124.7401572,
              49.3498248
            ],
            [
              -124.7401106,
              49.3497441
            ],
            [
              -124.7400141,
              49.3496759
            ],
            [
              -124.7397715,
              49.3495901
            ],
            [
              -124.7396305,
              49.3495292
            ],
            [
              -124.7395823,
              49.3494698
            ],
            [
              -124.7396207,
              49.3493824
            ],
            [
              -124.7397271,
              49.3493067
            ],
            [
              -124.7398746,
              49.3491622
            ],
            [
              -124.7399541,
              49.3490585
            ],
            [
              -124.739923,
              49.3486728
            ],
            [
              -124.7397673,
              49.348514
            ],
            [
              -124.7393446,
              49.3481855
            ],
            [
              -124.7384794,
              49.3474327
            ],
            [
              -124.7381848,
              49.3469378
            ],
            [
              -124.7377659,
              49.3467962
            ],
            [
              -124.7373975,
              49.3465069
            ],
            [
              -124.7369535,
              49.3461317
            ],
            [
              -124.7367202,
              49.3460122
            ],
            [
              -124.7365256,
              49.3459509
            ],
            [
              -124.736366,
              49.3459821
            ],
            [
              -124.7362804,
              49.346148
            ],
            [
              -124.7362082,
              49.3462687
            ],
            [
              -124.7359666,
              49.3463577
            ],
            [
              -124.7357021,
              49.3461092
            ],
            [
              -124.7355897,
              49.3460553
            ],
            [
              -124.7354135,
              49.3459297
            ],
            [
              -124.7353584,
              49.345874
            ],
            [
              -124.7353239,
              49.3458392
            ],
            [
              -124.7352067,
              49.3458269
            ],
            [
              -124.735119,
              49.345788
            ],
            [
              -124.7351332,
              49.3457454
            ],
            [
              -124.7353309,
              49.345636
            ],
            [
              -124.735408,
              49.3455702
            ],
            [
              -124.7356522,
              49.3455521
            ],
            [
              -124.7363774,
              49.3456476
            ],
            [
              -124.7367651,
              49.3457756
            ],
            [
              -124.7370597,
              49.3457973
            ],
            [
              -124.7373303,
              49.3457501
            ],
            [
              -124.7375357,
              49.3457112
            ],
            [
              -124.7381434,
              49.3455048
            ],
            [
              -124.7382712,
              49.3454576
            ],
            [
              -124.7384429,
              49.3454553
            ],
            [
              -124.7387994,
              49.3455318
            ],
            [
              -124.7389996,
              49.3457886
            ],
            [
              -124.7391517,
              49.3458313
            ],
            [
              -124.7403138,
              49.3456162
            ],
            [
              -124.7403673,
              49.3455692
            ],
            [
              -124.7403244,
              49.3455351
            ],
            [
              -124.7402973,
              49.345508
            ],
            [
              -124.740192,
              49.3455051
            ],
            [
              -124.7400905,
              49.3455023
            ],
            [
              -124.7399927,
              49.3454767
            ],
            [
              -124.7399768,
              49.3454411
            ],
            [
              -124.7400309,
              49.3453684
            ],
            [
              -124.740179,
              49.3452673
            ],
            [
              -124.740287,
              49.3452289
            ],
            [
              -124.7403822,
              49.3451733
            ],
            [
              -124.7403657,
              49.3451021
            ],
            [
              -124.7403315,
              49.3449412
            ],
            [
              -124.7402204,
              49.3449241
            ],
            [
              -124.7400642,
              49.3449219
            ],
            [
              -124.7399188,
              49.3449198
            ],
            [
              -124.7398227,
              49.3449483
            ],
            [
              -124.7397546,
              49.3449939
            ],
            [
              -124.739716,
              49.345058
            ],
            [
              -124.7396491,
              49.3451135
            ],
            [
              -124.7395392,
              49.3450779
            ],
            [
              -124.7393807,
              49.3449369
            ],
            [
              -124.7394172,
              49.3447745
            ],
            [
              -124.7394974,
              49.3447104
            ],
            [
              -124.7395775,
              49.3446464
            ],
            [
              -124.7395901,
              49.3445737
            ],
            [
              -124.7395875,
              49.3445296
            ],
            [
              -124.7395549,
              49.3443943
            ],
            [
              -124.7394154,
              49.3443159
            ],
            [
              -124.7385152,
              49.3441678
            ],
            [
              -124.7380204,
              49.344202
            ],
            [
              -124.7369268,
              49.3444156
            ],
            [
              -124.7364122,
              49.3444522
            ],
            [
              -124.7363427,
              49.3444412
            ],
            [
              -124.7362762,
              49.3444264
            ],
            [
              -124.7362118,
              49.3444086
            ],
            [
              -124.7361504,
              49.344388
            ],
            [
              -124.736103,
              49.344366
            ],
            [
              -124.7360822,
              49.3443544
            ],
            [
              -124.7360702,
              49.344342
            ],
            [
              -124.7360095,
              49.3441607
            ],
            [
              -124.7358607,
              49.3439882
            ],
            [
              -124.7356851,
              49.3438603
            ],
            [
              -124.7354667,
              49.3437327
            ],
            [
              -124.7351089,
              49.3436252
            ],
            [
              -124.7350685,
              49.3435746
            ],
            [
              -124.7350678,
              49.3435395
            ],
            [
              -124.7350862,
              49.3434972
            ],
            [
              -124.7352311,
              49.3434628
            ],
            [
              -124.7353905,
              49.3434374
            ],
            [
              -124.7356786,
              49.3433903
            ],
            [
              -124.7358136,
              49.3433621
            ],
            [
              -124.7359534,
              49.3433418
            ],
            [
              -124.7360449,
              49.3432606
            ],
            [
              -124.736107,
              49.3430341
            ],
            [
              -124.7362684,
              49.3429245
            ],
            [
              -124.7365153,
              49.3429288
            ],
            [
              -124.7368799,
              49.3430769
            ],
            [
              -124.7370181,
              49.343084
            ],
            [
              -124.7371942,
              49.343
            ],
            [
              -124.7374668,
              49.3425556
            ],
            [
              -124.7374654,
              49.3417367
            ],
            [
              -124.7377034,
              49.3410588
            ],
            [
              -124.7378479,
              49.340858
            ],
            [
              -124.7378217,
              49.3405432
            ],
            [
              -124.737889,
              49.3404706
            ],
            [
              -124.7380907,
              49.3403509
            ],
            [
              -124.7393975,
              49.340331
            ],
            [
              -124.7398354,
              49.3402071
            ],
            [
              -124.7401313,
              49.3400134
            ],
            [
              -124.7402078,
              49.3394822
            ],
            [
              -124.7405493,
              49.3391757
            ],
            [
              -124.7405662,
              49.3388489
            ],
            [
              -124.7404754,
              49.3387174
            ],
            [
              -124.7401962,
              49.3385175
            ],
            [
              -124.7396761,
              49.3383506
            ],
            [
              -124.7392367,
              49.3382724
            ],
            [
              -124.7389059,
              49.338226
            ],
            [
              -124.7387975,
              49.3381631
            ],
            [
              -124.7388232,
              49.3380987
            ],
            [
              -124.7390217,
              49.3379519
            ],
            [
              -124.7392562,
              49.3378318
            ],
            [
              -124.7393274,
              49.3377002
            ],
            [
              -124.7393511,
              49.3374445
            ],
            [
              -124.739825,
              49.3371268
            ],
            [
              -124.7400193,
              49.3368504
            ],
            [
              -124.7401027,
              49.3365507
            ],
            [
              -124.7400874,
              49.3363892
            ],
            [
              -124.7399175,
              49.3362776
            ],
            [
              -124.7398693,
              49.3362109
            ],
            [
              -124.7399497,
              49.3361412
            ],
            [
              -124.7401267,
              49.3360783
            ],
            [
              -124.7402266,
              49.3359481
            ],
            [
              -124.740234,
              49.3357847
            ],
            [
              -124.7401184,
              49.3356306
            ],
            [
              -124.7399068,
              49.3355365
            ],
            [
              -124.7398719,
              49.3354858
            ],
            [
              -124.7398719,
              49.3354229
            ],
            [
              -124.7399243,
              49.3353794
            ],
            [
              -124.7400034,
              49.3353879
            ],
            [
              -124.7401293,
              49.3354504
            ],
            [
              -124.7403976,
              49.3354998
            ],
            [
              -124.7406873,
              49.3354666
            ],
            [
              -124.7409367,
              49.3354484
            ],
            [
              -124.7413175,
              49.3352733
            ],
            [
              -124.7417528,
              49.3351975
            ],
            [
              -124.7420948,
              49.3351794
            ],
            [
              -124.7424376,
              49.3350199
            ],
            [
              -124.742668,
              49.3348498
            ],
            [
              -124.7428515,
              49.3343963
            ],
            [
              -124.7429156,
              49.3342681
            ],
            [
              -124.7429517,
              49.3337554
            ],
            [
              -124.7429405,
              49.3337207
            ],
            [
              -124.745506,
              49.3344815
            ],
            [
              -124.7464741,
              49.3361761
            ],
            [
              -124.7456178,
              49.337408
            ],
            [
              -124.7456834,
              49.3427504
            ],
            [
              -124.7501035,
              49.3427285
            ],
            [
              -124.7501016,
              49.3442803
            ],
            [
              -124.7435393,
              49.349889
            ],
            [
              -124.7415649,
              49.351601
            ],
            [
              -124.7414834,
              49.3519531
            ]
          ]
        ]
      }
    },
    {
      "type": "Feature",
      "properties": {
        "osm_id": "relation/7743559",
        "name": "Eagles Drive Regional Park",
        "leisure": "park",
        "boundary": null,
        "operator": null,
        "protection_title": null,
        "source": "OpenStreetMap",
        "source_url": "https://www.openstreetmap.org/relation/7743559"
      },
      "geometry": {
        "type": "Polygon",
        "coordinates": [
          [
            [
              -125.0152068,
              49.7991827
            ],
            [
              -125.0152722,
              49.7993073
            ],
            [
              -125.0153278,
              49.7993886
            ],
            [
              -125.0153955,
              49.7994877
            ],
            [
              -125.0154706,
              49.7995657
            ],
            [
              -125.0155464,
              49.7996445
            ],
            [
              -125.013543,
              49.799721
            ],
            [
              -125.0124827,
              49.7997163
            ],
            [
              -125.0122585,
              49.7994164
            ],
            [
              -125.0120791,
              49.7991764
            ],
            [
              -125.0135618,
              49.7991794
            ],
            [
              -125.0151229,
              49.7991825
            ],
            [
              -125.0152068,
              49.7991827
            ]
          ]
        ]
      }
    },
    {
      "type": "Feature",
      "properties": {
        "osm_id": "relation/7745671",
        "name": "Bracken Regional Park",
        "leisure": "park",
        "boundary": null,
        "operator": null,
        "protection_title": null,
        "source": "OpenStreetMap",
        "source_url": "https://www.openstreetmap.org/relation/7745671"
      },
      "geometry": {
        "type": "Polygon",
        "coordinates": [
          [
            [
              -125.2065916,
              49.8863381
            ],
            [
              -125.206017,
              49.8861765
            ],
            [
              -125.205736,
              49.8859984
            ],
            [
              -125.2031096,
              49.8871918
            ],
            [
              -125.203064,
              49.8872342
            ],
            [
              -125.2028722,
              49.8871855
            ],
            [
              -125.2027343,
              49.8872561
            ],
            [
              -125.2026965,
              49.8873997
            ],
            [
              -125.2029062,
              49.8878112
            ],
            [
              -125.2033683,
              49.8881934
            ],
            [
              -125.2037615,
              49.8883437
            ],
            [
              -125.2042858,
              49.8884874
            ],
            [
              -125.2046022,
              49.8884793
            ],
            [
              -125.204733,
              49.8884287
            ],
            [
              -125.2047936,
              49.888298
            ],
            [
              -125.2048937,
              49.8879464
            ],
            [
              -125.2049681,
              49.8876442
            ],
            [
              -125.2052612,
              49.887344
            ],
            [
              -125.2057131,
              49.8871157
            ],
            [
              -125.2062416,
              49.8869798
            ],
            [
              -125.2065005,
              49.8869339
            ],
            [
              -125.2065916,
              49.8863381
            ]
          ]
        ]
      }
    },
    {
      "type": "Feature",
      "properties": {
        "osm_id": "relation/7745700",
        "name": "Ships Point Regional Park",
        "leisure": "park",
        "boundary": null,
        "operator": null,
        "protection_title": null,
        "source": "OpenStreetMap",
        "source_url": "https://www.openstreetmap.org/relation/7745700"
      },
      "geometry": {
        "type": "Polygon",
        "coordinates": [
          [
            [
              -124.790651,
              49.492211
            ],
            [
              -124.7917947,
              49.4925308
            ],
            [
              -124.7916881,
              49.4918825
            ],
            [
              -124.7909513,
              49.4917586
            ],
            [
              -124.7908956,
              49.491723
            ],
            [
              -124.7908522,
              49.4916518
            ],
            [
              -124.7908086,
              49.4916347
            ],
            [
              -124.7906852,
              49.4916276
            ],
            [
              -124.7906447,
              49.4916461
            ],
            [
              -124.7906196,
              49.4917102
            ],
            [
              -124.7906799,
              49.4918612
            ],
            [
              -124.7906831,
              49.4919338
            ],
            [
              -124.7906464,
              49.4920777
            ],
            [
              -124.790651,
              49.492211
            ]
          ]
        ]
      }
    },
    {
      "type": "Feature",
      "properties": {
        "osm_id": "relation/7745869",
        "name": "Joe Walker Regional Park",
        "leisure": "park",
        "boundary": null,
        "operator": "Comox Valley Regional District",
        "protection_title": null,
        "source": "OpenStreetMap",
        "source_url": "https://www.openstreetmap.org/relation/7745869"
      },
      "geometry": {
        "type": "Polygon",
        "coordinates": [
          [
            [
              -124.8584159,
              49.5348674
            ],
            [
              -124.8580241,
              49.5350173
            ],
            [
              -124.8581779,
              49.5351628
            ],
            [
              -124.8581982,
              49.5352222
            ],
            [
              -124.8582236,
              49.5352967
            ],
            [
              -124.8583528,
              49.5354306
            ],
            [
              -124.8584452,
              49.5356798
            ],
            [
              -124.8588146,
              49.5359533
            ],
            [
              -124.8588762,
              49.5359864
            ],
            [
              -124.8590267,
              49.5360672
            ],
            [
              -124.8590988,
              49.536147
            ],
            [
              -124.8591662,
              49.5364688
            ],
            [
              -124.859177,
              49.5367346
            ],
            [
              -124.8591783,
              49.5367665
            ],
            [
              -124.8595681,
              49.5372094
            ],
            [
              -124.8599692,
              49.5375812
            ],
            [
              -124.8601165,
              49.5378304
            ],
            [
              -124.8603611,
              49.5380867
            ],
            [
              -124.8604805,
              49.5383018
            ],
            [
              -124.8606671,
              49.538514
            ],
            [
              -124.860769,
              49.5387213
            ],
            [
              -124.8609004,
              49.5389888
            ],
            [
              -124.8613331,
              49.5388606
            ],
            [
              -124.8604589,
              49.5375175
            ],
            [
              -124.859426,
              49.5360085
            ],
            [
              -124.8585195,
              49.5349844
            ],
            [
              -124.8584159,
              49.5348674
            ]
          ]
        ]
      }
    },
    {
      "type": "Feature",
      "properties": {
        "osm_id": "relation/7745870",
        "name": "Jack Shark Regional Park",
        "leisure": "park",
        "boundary": "protected_area",
        "operator": null,
        "protection_title": null,
        "source": "OpenStreetMap",
        "source_url": "https://www.openstreetmap.org/relation/7745870"
      },
      "geometry": {
        "type": "Polygon",
        "coordinates": [
          [
            [
              -125.0158906,
              49.7939785
            ],
            [
              -125.0158559,
              49.7938322
            ],
            [
              -125.0157988,
              49.7936481
            ],
            [
              -125.0156727,
              49.7935145
            ],
            [
              -125.0156506,
              49.7934912
            ],
            [
              -125.0154901,
              49.7933432
            ],
            [
              -125.016611,
              49.7927928
            ],
            [
              -125.0164132,
              49.792621
            ],
            [
              -125.0164633,
              49.7925979
            ],
            [
              -125.0174135,
              49.7921598
            ],
            [
              -125.0182974,
              49.7929754
            ],
            [
              -125.0184227,
              49.7930934
            ],
            [
              -125.0184838,
              49.7935191
            ],
            [
              -125.018492,
              49.7935764
            ],
            [
              -125.0158906,
              49.7939785
            ]
          ]
        ]
      }
    },
    {
      "type": "Feature",
      "properties": {
        "osm_id": "relation/7929845",
        "name": "Jordan River Regional Park",
        "leisure": "park",
        "boundary": null,
        "operator": "Capital Regional District",
        "protection_title": null,
        "source": "OpenStreetMap",
        "source_url": "https://www.openstreetmap.org/relation/7929845"
      },
      "geometry": {
        "type": "MultiPolygon",
        "coordinates": [
          [
            [
              [
                -124.0441956,
                48.4203345
              ],
              [
                -124.0439721,
                48.4206606
              ],
              [
                -124.0438031,
                48.4209853
              ],
              [
                -124.0436308,
                48.421095
              ],
              [
                -124.0432817,
                48.4212061
              ],
              [
                -124.0431558,
                48.4212324
              ],
              [
                -124.0427843,
                48.4213101
              ],
              [
                -124.0424191,
                48.4213182
              ],
              [
                -124.04208,
                48.4213257
              ],
              [
                -124.0418104,
                48.4213542
              ],
              [
                -124.0408389,
                48.4213457
              ],
              [
                -124.0406482,
                48.4213115
              ],
              [
                -124.0397004,
                48.4212203
              ],
              [
                -124.0393876,
                48.421152
              ],
              [
                -124.0390753,
                48.4211278
              ],
              [
                -124.0388193,
                48.4210765
              ],
              [
                -124.0384405,
                48.4210523
              ],
              [
                -124.0374894,
                48.4208358
              ],
              [
                -124.0371766,
                48.4207489
              ],
              [
                -124.0369718,
                48.4206421
              ],
              [
                -124.0366746,
                48.4206364
              ],
              [
                -124.0363601,
                48.4205225
              ],
              [
                -124.0362089,
                48.4204157
              ],
              [
                -124.0358857,
                48.4203729
              ],
              [
                -124.0357604,
                48.4202846
              ],
              [
                -124.0356387,
                48.4201864
              ],
              [
                -124.0351731,
                48.4199841
              ],
              [
                -124.0347508,
                48.4197363
              ],
              [
                -124.0341896,
                48.4194614
              ],
              [
                -124.034039,
                48.4193461
              ],
              [
                -124.0335064,
                48.4190812
              ],
              [
                -124.0334379,
                48.4190285
              ],
              [
                -124.033328,
                48.4188946
              ],
              [
                -124.0331078,
                48.4187436
              ],
              [
                -124.0330118,
                48.4186454
              ],
              [
                -124.0327932,
                48.4185215
              ],
              [
                -124.0325315,
                48.4182893
              ],
              [
                -124.0318734,
                48.4178093
              ],
              [
                -124.0316554,
                48.4177666
              ],
              [
                -124.0315728,
                48.417731
              ],
              [
                -124.0315426,
                48.4175331
              ],
              [
                -124.0306973,
                48.4171998
              ],
              [
                -124.03044,
                48.4171471
              ],
              [
                -124.0304283,
                48.4171437
              ],
              [
                -124.0301401,
                48.4170602
              ],
              [
                -124.0296955,
                48.417046
              ],
              [
                -124.0296012,
                48.4170645
              ],
              [
                -124.0292918,
                48.41714
              ],
              [
                -124.0288753,
                48.4173422
              ],
              [
                -124.0284742,
                48.4174804
              ],
              [
                -124.0282304,
                48.4175088
              ],
              [
                -124.0279332,
                48.4175031
              ],
              [
                -124.0279226,
                48.4175011
              ],
              [
                -124.0272429,
                48.4174647
              ],
              [
                -124.0270393,
                48.4174305
              ],
              [
                -124.0261152,
                48.4171599
              ],
              [
                -124.0255736,
                48.4171015
              ],
              [
                -124.0252081,
                48.4170317
              ],
              [
                -124.024422,
                48.416932
              ],
              [
                -124.0244082,
                48.4169312
              ],
              [
                -124.0240153,
                48.4169078
              ],
              [
                -124.0238269,
                48.4168922
              ],
              [
                -124.0230925,
                48.4167099
              ],
              [
                -124.0228075,
                48.4166045
              ],
              [
                -124.0226971,
                48.4165874
              ],
              [
                -124.0220863,
                48.4163581
              ],
              [
                -124.0217184,
                48.4162812
              ],
              [
                -124.0211214,
                48.4160875
              ],
              [
                -124.0207652,
                48.4159379
              ],
              [
                -124.0202499,
                48.4157628
              ],
              [
                -124.0193087,
                48.4153839
              ],
              [
                -124.0190484,
                48.4152429
              ],
              [
                -124.0186171,
                48.4150677
              ],
              [
                -124.0185715,
                48.4150492
              ],
              [
                -124.0181366,
                48.4148726
              ],
              [
                -124.0178477,
                48.4147228
              ],
              [
                -124.0177959,
                48.414696
              ],
              [
                -124.0175367,
                48.4145906
              ],
              [
                -124.0169077,
                48.414236
              ],
              [
                -124.0166211,
                48.4141036
              ],
              [
                -124.0162945,
                48.4139811
              ],
              [
                -124.0159515,
                48.4137674
              ],
              [
                -124.0142949,
                48.4128864
              ],
              [
                -124.0143032,
                48.4141239
              ],
              [
                -124.0151846,
                48.4148439
              ],
              [
                -124.0160392,
                48.4154847
              ],
              [
                -124.0177855,
                48.4169459
              ],
              [
                -124.0185929,
                48.4174172
              ],
              [
                -124.0225285,
                48.4194028
              ],
              [
                -124.0253083,
                48.4194175
              ],
              [
                -124.0252933,
                48.4207433
              ],
              [
                -124.027217,
                48.4214305
              ],
              [
                -124.0293543,
                48.4222708
              ],
              [
                -124.029886,
                48.4222088
              ],
              [
                -124.030135,
                48.4223063
              ],
              [
                -124.0302411,
                48.4226184
              ],
              [
                -124.0370451,
                48.4252915
              ],
              [
                -124.038684,
                48.4259482
              ],
              [
                -124.0386818,
                48.4260694
              ],
              [
                -124.0399806,
                48.4262221
              ],
              [
                -124.0407355,
                48.4264415
              ],
              [
                -124.0422424,
                48.4267285
              ],
              [
                -124.0444138,
                48.4243015
              ],
              [
                -124.0444313,
                48.4242076
              ],
              [
                -124.0444566,
                48.4241194
              ],
              [
                -124.0444901,
                48.4240255
              ],
              [
                -124.04453,
                48.42394
              ],
              [
                -124.0445675,
                48.4238731
              ],
              [
                -124.0446331,
                48.4237695
              ],
              [
                -124.0447124,
                48.4236675
              ],
              [
                -124.0448131,
                48.4235568
              ],
              [
                -124.044889,
                48.4234816
              ],
              [
                -124.0449474,
                48.4234177
              ],
              [
                -124.0450057,
                48.4233428
              ],
              [
                -124.0450495,
                48.4232815
              ],
              [
                -124.045086,
                48.4232217
              ],
              [
                -124.0451249,
                48.4231533
              ],
              [
                -124.0451526,
                48.4230942
              ],
              [
                -124.0451833,
                48.4230194
              ],
              [
                -124.0452052,
                48.4229545
              ],
              [
                -124.0452251,
                48.4228767
              ],
              [
                -124.0452382,
                48.4228021
              ],
              [
                -124.0452416,
                48.4227227
              ],
              [
                -124.0452343,
                48.4226301
              ],
              [
                -124.0452183,
                48.4225578
              ],
              [
                -124.045194,
                48.4224874
              ],
              [
                -124.0451623,
                48.4224196
              ],
              [
                -124.0451264,
                48.4223573
              ],
              [
                -124.0450821,
                48.422296
              ],
              [
                -124.0450373,
                48.4222427
              ],
              [
                -124.0449804,
                48.4221846
              ],
              [
                -124.0445227,
                48.4217708
              ],
              [
                -124.0444546,
                48.4217026
              ],
              [
                -124.0444055,
                48.421642
              ],
              [
                -124.0443583,
                48.4215755
              ],
              [
                -124.0443267,
                48.4215193
              ],
              [
                -124.0443014,
                48.4214651
              ],
              [
                -124.044279,
                48.4214031
              ],
              [
                -124.0442615,
                48.4213392
              ],
              [
                -124.0442518,
                48.4212746
              ],
              [
                -124.0442469,
                48.4212068
              ],
              [
                -124.0442489,
                48.4211539
              ],
              [
                -124.0442596,
                48.4210741
              ],
              [
                -124.0443033,
                48.4208753
              ],
              [
                -124.0443228,
                48.4208004
              ],
              [
                -124.0443418,
                48.4207513
              ],
              [
                -124.0443734,
                48.4206906
              ],
              [
                -124.0444045,
                48.4206425
              ],
              [
                -124.044442,
                48.4205951
              ],
              [
                -124.0444862,
                48.4205502
              ],
              [
                -124.0445431,
                48.4204999
              ],
              [
                -124.044601,
                48.4204563
              ],
              [
                -124.0446823,
                48.4204062
              ],
              [
                -124.0447596,
                48.4203669
              ],
              [
                -124.0448462,
                48.4203314
              ],
              [
                -124.0449264,
                48.4203
              ],
              [
                -124.0450062,
                48.4202729
              ],
              [
                -124.0450972,
                48.4202455
              ],
              [
                -124.045192,
                48.4202206
              ],
              [
                -124.0452888,
                48.420199
              ],
              [
                -124.0453856,
                48.4201799
              ],
              [
                -124.0454717,
                48.420167
              ],
              [
                -124.0455816,
                48.4201528
              ],
              [
                -124.0457242,
                48.4201428
              ],
              [
                -124.0458584,
                48.420138
              ],
              [
                -124.0467177,
                48.4201336
              ],
              [
                -124.0473157,
                48.4201306
              ],
              [
                -124.0474276,
                48.420137
              ],
              [
                -124.0475292,
                48.4201512
              ],
              [
                -124.0476129,
                48.4201674
              ],
              [
                -124.0476917,
                48.4201877
              ],
              [
                -124.0477676,
                48.4202106
              ],
              [
                -124.0478396,
                48.4202387
              ],
              [
                -124.0479057,
                48.4202684
              ],
              [
                -124.0479874,
                48.420312
              ],
              [
                -124.0483771,
                48.4205331
              ],
              [
                -124.0486436,
                48.4206835
              ],
              [
                -124.0487759,
                48.4207562
              ],
              [
                -124.0488839,
                48.4208091
              ],
              [
                -124.0489695,
                48.4208488
              ],
              [
                -124.0490619,
                48.4208879
              ],
              [
                -124.0491563,
                48.4209253
              ],
              [
                -124.0492662,
                48.4209657
              ],
              [
                -124.0494,
                48.4210105
              ],
              [
                -124.0495226,
                48.421047
              ],
              [
                -124.0496476,
                48.4210796
              ],
              [
                -124.0497969,
                48.4211138
              ],
              [
                -124.049954,
                48.4211452
              ],
              [
                -124.0500849,
                48.4211661
              ],
              [
                -124.0502245,
                48.4211845
              ],
              [
                -124.050368,
                48.4211994
              ],
              [
                -124.0505115,
                48.4212104
              ],
              [
                -124.0508685,
                48.4212262
              ],
              [
                -124.0510883,
                48.4212123
              ],
              [
                -124.0520078,
                48.4212684
              ],
              [
                -124.0523635,
                48.4212977
              ],
              [
                -124.0530054,
                48.421385
              ],
              [
                -124.053248,
                48.4214394
              ],
              [
                -124.0538126,
                48.421626
              ],
              [
                -124.0541137,
                48.4217449
              ],
              [
                -124.0547276,
                48.4220233
              ],
              [
                -124.054781,
                48.4219375
              ],
              [
                -124.0548801,
                48.421863
              ],
              [
                -124.0549587,
                48.4217597
              ],
              [
                -124.0550383,
                48.4216584
              ],
              [
                -124.0550891,
                48.4215684
              ],
              [
                -124.0550611,
                48.4214518
              ],
              [
                -124.0549943,
                48.4213197
              ],
              [
                -124.0550019,
                48.4211477
              ],
              [
                -124.0550959,
                48.4209739
              ],
              [
                -124.055093,
                48.4208587
              ],
              [
                -124.0550418,
                48.4207793
              ],
              [
                -124.0549194,
                48.4207453
              ],
              [
                -124.0545521,
                48.4207585
              ],
              [
                -124.0542105,
                48.4207718
              ],
              [
                -124.053738,
                48.4208417
              ],
              [
                -124.053217,
                48.4209437
              ],
              [
                -124.0528356,
                48.4209947
              ],
              [
                -124.0522719,
                48.4210155
              ],
              [
                -124.0518961,
                48.4210457
              ],
              [
                -124.0516342,
                48.4210967
              ],
              [
                -124.0511759,
                48.4211666
              ],
              [
                -124.05084,
                48.4211817
              ],
              [
                -124.0505183,
                48.4211742
              ],
              [
                -124.0500942,
                48.4210911
              ],
              [
                -124.0495163,
                48.4209815
              ],
              [
                -124.0491434,
                48.4208436
              ],
              [
                -124.0487078,
                48.4206376
              ],
              [
                -124.0482381,
                48.4203807
              ],
              [
                -124.0476232,
                48.4200784
              ],
              [
                -124.0473983,
                48.4199556
              ],
              [
                -124.0472161,
                48.4198555
              ],
              [
                -124.0469087,
                48.4198007
              ],
              [
                -124.0465073,
                48.4198517
              ],
              [
                -124.046049,
                48.4198933
              ],
              [
                -124.0456846,
                48.4198989
              ],
              [
                -124.045232,
                48.4198706
              ],
              [
                -124.0447822,
                48.4198139
              ],
              [
                -124.0446028,
                48.4198177
              ],
              [
                -124.0443723,
                48.4199178
              ],
              [
                -124.0442612,
                48.4200368
              ],
              [
                -124.0442462,
                48.4201265
              ],
              [
                -124.0441956,
                48.4203345
              ]
            ]
          ],
          [
            [
              [
                -124.0143056,
                48.4146424
              ],
              [
                -124.0141475,
                48.4194905
              ],
              [
                -124.0203529,
                48.4193916
              ],
              [
                -124.0215012,
                48.4193972
              ],
              [
                -124.0181739,
                48.417686
              ],
              [
                -124.0173687,
                48.417213
              ],
              [
                -124.0155785,
                48.4157168
              ],
              [
                -124.014733,
                48.4150836
              ],
              [
                -124.0143056,
                48.4146424
              ]
            ]
          ],
          [
            [
              [
                -124.0252857,
                48.4212072
              ],
              [
                -124.025218,
                48.4267525
              ],
              [
                -124.0387466,
                48.4268976
              ],
              [
                -124.0403295,
                48.4265124
              ],
              [
                -124.0398779,
                48.4263965
              ],
              [
                -124.0386737,
                48.4262449
              ],
              [
                -124.0386716,
                48.4263993
              ],
              [
                -124.0385538,
                48.426376
              ],
              [
                -124.0367627,
                48.425659
              ],
              [
                -124.030474,
                48.4231885
              ],
              [
                -124.03026,
                48.42343
              ],
              [
                -124.0294528,
                48.4230568
              ],
              [
                -124.029337,
                48.4228552
              ],
              [
                -124.0272739,
                48.4219298
              ],
              [
                -124.0268832,
                48.4217769
              ],
              [
                -124.0252857,
                48.4212072
              ]
            ]
          ],
          [
            [
              [
                -124.0406872,
                48.4266126
              ],
              [
                -124.0394789,
                48.4269109
              ],
              [
                -124.0420402,
                48.4269562
              ],
              [
                -124.0421032,
                48.4268849
              ],
              [
                -124.0406872,
                48.4266126
              ]
            ]
          ]
        ]
      }
    },
    {
      "type": "Feature",
      "properties": {
        "osm_id": "relation/8257031",
        "name": "China Creek Regional Park",
        "leisure": "nature_reserve",
        "boundary": null,
        "operator": null,
        "protection_title": null,
        "source": "OpenStreetMap",
        "source_url": "https://www.openstreetmap.org/relation/8257031"
      },
      "geometry": {
        "type": "Polygon",
        "coordinates": [
          [
            [
              -124.7946985,
              49.1514767
            ],
            [
              -124.7951165,
              49.151649
            ],
            [
              -124.7952016,
              49.1517018
            ],
            [
              -124.7953083,
              49.1517902
            ],
            [
              -124.7955613,
              49.1520471
            ],
            [
              -124.7956306,
              49.1521443
            ],
            [
              -124.7957231,
              49.1523888
            ],
            [
              -124.7958382,
              49.1525581
            ],
            [
              -124.7959632,
              49.1527257
            ],
            [
              -124.7961149,
              49.1527573
            ],
            [
              -124.7961979,
              49.152761
            ],
            [
              -124.7963445,
              49.15276
            ],
            [
              -124.7969919,
              49.1527464
            ],
            [
              -124.7970776,
              49.1527561
            ],
            [
              -124.7972252,
              49.1527836
            ],
            [
              -124.797392,
              49.1528469
            ],
            [
              -124.7974973,
              49.1529584
            ],
            [
              -124.7975173,
              49.1531198
            ],
            [
              -124.7975113,
              49.1531995
            ],
            [
              -124.7974804,
              49.1532609
            ],
            [
              -124.7974565,
              49.1533577
            ],
            [
              -124.7974597,
              49.1534154
            ],
            [
              -124.7975345,
              49.1547419
            ],
            [
              -124.7974918,
              49.1547625
            ],
            [
              -124.7974491,
              49.1547665
            ],
            [
              -124.7974107,
              49.154745
            ],
            [
              -124.7973912,
              49.1547124
            ],
            [
              -124.7973342,
              49.1542608
            ],
            [
              -124.7972879,
              49.1538055
            ],
            [
              -124.7972633,
              49.1535903
            ],
            [
              -124.7972236,
              49.1534552
            ],
            [
              -124.7972006,
              49.153094
            ],
            [
              -124.7966827,
              49.1531123
            ],
            [
              -124.7960266,
              49.1531275
            ],
            [
              -124.7960457,
              49.1535238
            ],
            [
              -124.7958668,
              49.1535402
            ],
            [
              -124.7958067,
              49.153524
            ],
            [
              -124.7957786,
              49.1534937
            ],
            [
              -124.7957744,
              49.1533959
            ],
            [
              -124.7957382,
              49.1533708
            ],
            [
              -124.795505,
              49.153375
            ],
            [
              -124.7954232,
              49.1533936
            ],
            [
              -124.7953654,
              49.1536827
            ],
            [
              -124.7953172,
              49.153845
            ],
            [
              -124.7952766,
              49.153892
            ],
            [
              -124.7947282,
              49.1535317
            ],
            [
              -124.7945917,
              49.1535061
            ],
            [
              -124.7943574,
              49.1535004
            ],
            [
              -124.7942046,
              49.1534406
            ],
            [
              -124.7937973,
              49.1531942
            ],
            [
              -124.7936596,
              49.1531343
            ],
            [
              -124.7934647,
              49.1531002
            ],
            [
              -124.7929146,
              49.153046
            ],
            [
              -124.7925009,
              49.1529449
            ],
            [
              -124.791645,
              49.1528239
            ],
            [
              -124.7906968,
              49.1527569
            ],
            [
              -124.7905037,
              49.1527598
            ],
            [
              -124.7904959,
              49.1529036
            ],
            [
              -124.7904857,
              49.1530033
            ],
            [
              -124.7905023,
              49.1530574
            ],
            [
              -124.7906675,
              49.1530902
            ],
            [
              -124.7908999,
              49.1530873
            ],
            [
              -124.7911489,
              49.1531101
            ],
            [
              -124.7914659,
              49.1531705
            ],
            [
              -124.7917005,
              49.1532098
            ],
            [
              -124.7921828,
              49.153301
            ],
            [
              -124.792834,
              49.1534705
            ],
            [
              -124.7931251,
              49.1535203
            ],
            [
              -124.7935841,
              49.1537111
            ],
            [
              -124.7938035,
              49.1537525
            ],
            [
              -124.7939566,
              49.1538037
            ],
            [
              -124.7945416,
              49.1540558
            ],
            [
              -124.7950195,
              49.1543449
            ],
            [
              -124.7952986,
              49.1544574
            ],
            [
              -124.7956767,
              49.1546853
            ],
            [
              -124.7957612,
              49.154775
            ],
            [
              -124.7957658,
              49.1548918
            ],
            [
              -124.7957267,
              49.1549645
            ],
            [
              -124.7956086,
              49.1550827
            ],
            [
              -124.7951651,
              49.1553319
            ],
            [
              -124.7949082,
              49.155453
            ],
            [
              -124.7948413,
              49.1555085
            ],
            [
              -124.7949001,
              49.1556338
            ],
            [
              -124.7948919,
              49.1557421
            ],
            [
              -124.7948516,
              49.1558047
            ],
            [
              -124.7945015,
              49.1559372
            ],
            [
              -124.7943175,
              49.1561736
            ],
            [
              -124.7942223,
              49.1562292
            ],
            [
              -124.7941439,
              49.1563018
            ],
            [
              -124.7938873,
              49.1564143
            ],
            [
              -124.7936168,
              49.1565083
            ],
            [
              -124.7928348,
              49.1568886
            ],
            [
              -124.7924947,
              49.1570025
            ],
            [
              -124.7924014,
              49.1570666
            ],
            [
              -124.7923377,
              49.1571848
            ],
            [
              -124.7921321,
              49.1572147
            ],
            [
              -124.7920512,
              49.1572517
            ],
            [
              -124.7919181,
              49.1573614
            ],
            [
              -124.7918792,
              49.1574255
            ],
            [
              -124.7918464,
              49.157589
            ],
            [
              -124.791751,
              49.1575891
            ],
            [
              -124.7818627,
              49.1576001
            ],
            [
              -124.7818541,
              49.1500832
            ],
            [
              -124.7886344,
              49.1501311
            ],
            [
              -124.7908641,
              49.1501469
            ],
            [
              -124.7909562,
              49.1501476
            ],
            [
              -124.790944,
              49.150239
            ],
            [
              -124.7909791,
              49.1503134
            ],
            [
              -124.7910501,
              49.150383
            ],
            [
              -124.7912399,
              49.1504768
            ],
            [
              -124.7914521,
              49.1505524
            ],
            [
              -124.7915754,
              49.1506067
            ],
            [
              -124.7925514,
              49.1508915
            ],
            [
              -124.7929757,
              49.1510183
            ],
            [
              -124.7932362,
              49.1510767
            ],
            [
              -124.7941935,
              49.1512988
            ],
            [
              -124.7944222,
              49.1513628
            ],
            [
              -124.7946985,
              49.1514767
            ]
          ]
        ]
      }
    },
    {
      "type": "Feature",
      "properties": {
        "osm_id": "relation/8347562",
        "name": "Brooks Point Regional Park",
        "leisure": "park",
        "boundary": null,
        "operator": null,
        "protection_title": null,
        "source": "OpenStreetMap",
        "source_url": "https://www.openstreetmap.org/relation/8347562"
      },
      "geometry": {
        "type": "Polygon",
        "coordinates": [
          [
            [
              -123.188658,
              48.7344714
            ],
            [
              -123.1885934,
              48.7373223
            ],
            [
              -123.1866461,
              48.7373107
            ],
            [
              -123.1866848,
              48.7356538
            ],
            [
              -123.1864781,
              48.7356538
            ],
            [
              -123.1864711,
              48.7359567
            ],
            [
              -123.1842847,
              48.736076
            ],
            [
              -123.1842553,
              48.7360618
            ],
            [
              -123.1841738,
              48.7359977
            ],
            [
              -123.1840779,
              48.7359621
            ],
            [
              -123.1839829,
              48.7359621
            ],
            [
              -123.1839022,
              48.735945
            ],
            [
              -123.1838754,
              48.7358908
            ],
            [
              -123.1837795,
              48.7358552
            ],
            [
              -123.1836983,
              48.7359094
            ],
            [
              -123.1835351,
              48.7359635
            ],
            [
              -123.1834666,
              48.7359364
            ],
            [
              -123.1834808,
              48.7358638
            ],
            [
              -123.1835469,
              48.7358097
            ],
            [
              -123.1837922,
              48.7357555
            ],
            [
              -123.1840767,
              48.7355932
            ],
            [
              -123.1842818,
              48.7355747
            ],
            [
              -123.1846204,
              48.7354493
            ],
            [
              -123.1847305,
              48.7354308
            ],
            [
              -123.1848795,
              48.7354308
            ],
            [
              -123.1851774,
              48.7353753
            ],
            [
              -123.1854646,
              48.7353753
            ],
            [
              -123.1857367,
              48.7353568
            ],
            [
              -123.185995,
              48.7353212
            ],
            [
              -123.1860748,
              48.7352841
            ],
            [
              -123.1861027,
              48.7352215
            ],
            [
              -123.1861028,
              48.7350691
            ],
            [
              -123.1861827,
              48.735032
            ],
            [
              -123.1864424,
              48.7349865
            ],
            [
              -123.1865057,
              48.7349654
            ],
            [
              -123.1866862,
              48.7349053
            ],
            [
              -123.1869176,
              48.7347971
            ],
            [
              -123.1870109,
              48.7347258
            ],
            [
              -123.1870594,
              48.7346683
            ],
            [
              -123.1871627,
              48.7345458
            ],
            [
              -123.1872548,
              48.7344367
            ],
            [
              -123.1872832,
              48.7343285
            ],
            [
              -123.1872828,
              48.7342846
            ],
            [
              -123.1872821,
              48.7342117
            ],
            [
              -123.1873358,
              48.734149
            ],
            [
              -123.1876888,
              48.7340137
            ],
            [
              -123.1885873,
              48.7340023
            ],
            [
              -123.188627,
              48.7340565
            ],
            [
              -123.188615,
              48.7341106
            ],
            [
              -123.1884785,
              48.7342188
            ],
            [
              -123.1884406,
              48.7342945
            ],
            [
              -123.1884242,
              48.7343271
            ],
            [
              -123.1884525,
              48.7343897
            ],
            [
              -123.188658,
              48.7344714
            ]
          ]
        ]
      }
    },
    {
      "type": "Feature",
      "properties": {
        "osm_id": "relation/9261397",
        "name": "Devonian Regional Park",
        "leisure": "park",
        "boundary": null,
        "operator": "Central Regional District",
        "protection_title": null,
        "source": "OpenStreetMap",
        "source_url": "https://www.openstreetmap.org/relation/9261397"
      },
      "geometry": {
        "type": "Polygon",
        "coordinates": [
          [
            [
              -123.5336913,
              48.3640127
            ],
            [
              -123.5337398,
              48.3640305
            ],
            [
              -123.5338461,
              48.3640697
            ],
            [
              -123.5382626,
              48.3656952
            ],
            [
              -123.5385906,
              48.3658137
            ],
            [
              -123.5391599,
              48.3653836
            ],
            [
              -123.5418752,
              48.3663855
            ],
            [
              -123.5428297,
              48.3654376
            ],
            [
              -123.5411709,
              48.3646307
            ],
            [
              -123.5401349,
              48.364265
            ],
            [
              -123.5389428,
              48.3638441
            ],
            [
              -123.537191,
              48.3630622
            ],
            [
              -123.5368111,
              48.3626671
            ],
            [
              -123.5363635,
              48.3622808
            ],
            [
              -123.5355753,
              48.3619621
            ],
            [
              -123.5348996,
              48.3617506
            ],
            [
              -123.5348813,
              48.3617448
            ],
            [
              -123.5348536,
              48.3617361
            ],
            [
              -123.5348092,
              48.3618457
            ],
            [
              -123.5347455,
              48.3619296
            ],
            [
              -123.5346704,
              48.3620809
            ],
            [
              -123.5346053,
              48.3622159
            ],
            [
              -123.5345769,
              48.3622743
            ],
            [
              -123.5345324,
              48.3623661
            ],
            [
              -123.5344466,
              48.3625834
            ],
            [
              -123.5343675,
              48.3627537
            ],
            [
              -123.5342209,
              48.3630599
            ],
            [
              -123.5340607,
              48.3632678
            ],
            [
              -123.5340345,
              48.3633675
            ],
            [
              -123.5340091,
              48.3634843
            ],
            [
              -123.5339436,
              48.3636367
            ],
            [
              -123.5338099,
              48.3638176
            ],
            [
              -123.5337041,
              48.3639984
            ],
            [
              -123.5336913,
              48.3640127
            ]
          ]
        ]
      }
    },
    {
      "type": "Feature",
      "properties": {
        "osm_id": "relation/9274909",
        "name": "Ayum Creek Regional Park Reserve",
        "leisure": "nature_reserve",
        "boundary": null,
        "operator": null,
        "protection_title": null,
        "source": "OpenStreetMap",
        "source_url": "https://www.openstreetmap.org/relation/9274909"
      },
      "geometry": {
        "type": "MultiPolygon",
        "coordinates": [
          [
            [
              [
                -123.6584668,
                48.3911576
              ],
              [
                -123.6590296,
                48.3913036
              ],
              [
                -123.6602185,
                48.3931055
              ],
              [
                -123.6602378,
                48.3931251
              ],
              [
                -123.6602631,
                48.3931415
              ],
              [
                -123.6602931,
                48.3931537
              ],
              [
                -123.6603264,
                48.3931612
              ],
              [
                -123.6603614,
                48.3931637
              ],
              [
                -123.6603963,
                48.393161
              ],
              [
                -123.6604295,
                48.3931533
              ],
              [
                -123.6604594,
                48.3931409
              ],
              [
                -123.6611238,
                48.392791
              ],
              [
                -123.6617406,
                48.3924553
              ],
              [
                -123.6618624,
                48.392411
              ],
              [
                -123.6629311,
                48.3920097
              ],
              [
                -123.6624471,
                48.3911845
              ],
              [
                -123.6629054,
                48.3910665
              ],
              [
                -123.6627254,
                48.3907602
              ],
              [
                -123.6624358,
                48.3902676
              ],
              [
                -123.6619849,
                48.3903833
              ],
              [
                -123.6619556,
                48.3906512
              ],
              [
                -123.6622906,
                48.391224
              ],
              [
                -123.6614016,
                48.3914534
              ],
              [
                -123.6609047,
                48.3906036
              ],
              [
                -123.6606204,
                48.3901174
              ],
              [
                -123.6606025,
                48.3900868
              ],
              [
                -123.6604664,
                48.3900881
              ],
              [
                -123.6602823,
                48.390097
              ],
              [
                -123.6600607,
                48.3901355
              ],
              [
                -123.6598659,
                48.3898692
              ],
              [
                -123.6597854,
                48.3898027
              ],
              [
                -123.6597304,
                48.3898036
              ],
              [
                -123.6597064,
                48.3898327
              ],
              [
                -123.6597402,
                48.3899086
              ],
              [
                -123.6598824,
                48.3900624
              ],
              [
                -123.6598856,
                48.3901233
              ],
              [
                -123.6596979,
                48.3901786
              ],
              [
                -123.6595431,
                48.39022
              ],
              [
                -123.6593944,
                48.3902376
              ],
              [
                -123.6592546,
                48.3902264
              ],
              [
                -123.6591335,
                48.3901946
              ],
              [
                -123.6591403,
                48.3901298
              ],
              [
                -123.659085,
                48.3900538
              ],
              [
                -123.659044,
                48.389968
              ],
              [
                -123.6589655,
                48.389855
              ],
              [
                -123.658893,
                48.3898341
              ],
              [
                -123.6588206,
                48.3898526
              ],
              [
                -123.6588254,
                48.3899031
              ],
              [
                -123.6588592,
                48.38996
              ],
              [
                -123.6588025,
                48.3899953
              ],
              [
                -123.6586856,
                48.3900431
              ],
              [
                -123.658671,
                48.3901185
              ],
              [
                -123.6587365,
                48.3901968
              ],
              [
                -123.6586779,
                48.3904403
              ],
              [
                -123.6587074,
                48.3908235
              ],
              [
                -123.6585463,
                48.3910065
              ],
              [
                -123.6584557,
                48.3910878
              ],
              [
                -123.6584668,
                48.3911576
              ]
            ]
          ],
          [
            [
              [
                -123.6639507,
                48.3923885
              ],
              [
                -123.6638847,
                48.3923261
              ],
              [
                -123.663859,
                48.3923469
              ],
              [
                -123.6633452,
                48.3927613
              ],
              [
                -123.6630734,
                48.3929805
              ],
              [
                -123.6627438,
                48.3929671
              ],
              [
                -123.662863,
                48.3925753
              ],
              [
                -123.6627512,
                48.3923475
              ],
              [
                -123.6622419,
                48.3925811
              ],
              [
                -123.662154,
                48.3926214
              ],
              [
                -123.6616823,
                48.3928377
              ],
              [
                -123.6619913,
                48.3932109
              ],
              [
                -123.6620271,
                48.3932541
              ],
              [
                -123.6621445,
                48.3933959
              ],
              [
                -123.662243,
                48.3933343
              ],
              [
                -123.6626963,
                48.393051
              ],
              [
                -123.6631386,
                48.3930403
              ],
              [
                -123.6639507,
                48.3923885
              ]
            ]
          ],
          [
            [
              [
                -123.6627024,
                48.3944132
              ],
              [
                -123.6646435,
                48.3945501
              ],
              [
                -123.6646937,
                48.3942343
              ],
              [
                -123.6633559,
                48.3941572
              ],
              [
                -123.6633549,
                48.3941571
              ],
              [
                -123.6632633,
                48.3941519
              ],
              [
                -123.6621773,
                48.3940893
              ],
              [
                -123.6620684,
                48.3943685
              ],
              [
                -123.6626554,
                48.3944099
              ],
              [
                -123.6627024,
                48.3944132
              ]
            ]
          ]
        ]
      }
    },
    {
      "type": "Feature",
      "properties": {
        "osm_id": "relation/9426838",
        "name": "Tsolum River Commons Regional Park",
        "leisure": "park",
        "boundary": null,
        "operator": "Comox Valley Regional District",
        "protection_title": null,
        "source": "OpenStreetMap",
        "source_url": "https://www.openstreetmap.org/relation/9426838"
      },
      "geometry": {
        "type": "Polygon",
        "coordinates": [
          [
            [
              -125.1211191,
              49.7692636
            ],
            [
              -125.1189633,
              49.7702945
            ],
            [
              -125.1188677,
              49.7702006
            ],
            [
              -125.1180856,
              49.769483
            ],
            [
              -125.1205326,
              49.768302
            ],
            [
              -125.1206217,
              49.7683301
            ],
            [
              -125.1208797,
              49.7685137
            ],
            [
              -125.1209897,
              49.7685605
            ],
            [
              -125.1210652,
              49.7686378
            ],
            [
              -125.1210318,
              49.769169
            ],
            [
              -125.1211191,
              49.7692636
            ]
          ]
        ]
      }
    },
    {
      "type": "Feature",
      "properties": {
        "osm_id": "relation/9581537",
        "name": "Brian & Sarah McLoughlin Regional Park",
        "leisure": "park",
        "boundary": null,
        "operator": null,
        "protection_title": null,
        "source": "OpenStreetMap",
        "source_url": "https://www.openstreetmap.org/relation/9581537"
      },
      "geometry": {
        "type": "Polygon",
        "coordinates": [
          [
            [
              -125.0345904,
              49.8137936
            ],
            [
              -125.0292379,
              49.8163244
            ],
            [
              -125.0283056,
              49.8155626
            ],
            [
              -125.0278248,
              49.8150228
            ],
            [
              -125.0276856,
              49.8147195
            ],
            [
              -125.0274073,
              49.8143734
            ],
            [
              -125.0270281,
              49.8139575
            ],
            [
              -125.0268394,
              49.8137956
            ],
            [
              -125.030175,
              49.8138128
            ],
            [
              -125.0304545,
              49.813841
            ],
            [
              -125.0307919,
              49.8138266
            ],
            [
              -125.0311679,
              49.8138237
            ],
            [
              -125.0318862,
              49.8138474
            ],
            [
              -125.0321812,
              49.8138437
            ],
            [
              -125.0322835,
              49.8138414
            ],
            [
              -125.0322908,
              49.8138414
            ],
            [
              -125.0325754,
              49.8138415
            ],
            [
              -125.0345904,
              49.8137936
            ]
          ]
        ]
      }
    },
    {
      "type": "Feature",
      "properties": {
        "osm_id": "relation/9882065",
        "name": "Saratoga Beach Access Regional Park",
        "leisure": "park",
        "boundary": null,
        "operator": null,
        "protection_title": null,
        "source": "OpenStreetMap",
        "source_url": "https://www.openstreetmap.org/relation/9882065"
      },
      "geometry": {
        "type": "Polygon",
        "coordinates": [
          [
            [
              -125.114791,
              49.8636302
            ],
            [
              -125.1163253,
              49.8635193
            ],
            [
              -125.1162931,
              49.8633361
            ],
            [
              -125.1147554,
              49.8634503
            ],
            [
              -125.1147661,
              49.863483
            ],
            [
              -125.1147752,
              49.8635368
            ],
            [
              -125.114791,
              49.8636302
            ]
          ]
        ]
      }
    },
    {
      "type": "Feature",
      "properties": {
        "osm_id": "relation/9892596",
        "name": "Driftwood Marine Regional Park",
        "leisure": "nature_reserve",
        "boundary": null,
        "operator": null,
        "protection_title": null,
        "source": "OpenStreetMap",
        "source_url": "https://www.openstreetmap.org/relation/9892596"
      },
      "geometry": {
        "type": "Polygon",
        "coordinates": [
          [
            [
              -125.1081939,
              49.8556892
            ],
            [
              -125.107615,
              49.8555721
            ],
            [
              -125.1073442,
              49.8555564
            ],
            [
              -125.1062815,
              49.8555736
            ],
            [
              -125.1059529,
              49.8555817
            ],
            [
              -125.1056783,
              49.8556149
            ],
            [
              -125.1054122,
              49.8556035
            ],
            [
              -125.1051461,
              49.8555817
            ],
            [
              -125.1048715,
              49.8555094
            ],
            [
              -125.1046311,
              49.8554375
            ],
            [
              -125.1043994,
              49.8553604
            ],
            [
              -125.1041161,
              49.8552936
            ],
            [
              -125.1038072,
              49.8552161
            ],
            [
              -125.1036012,
              49.8552881
            ],
            [
              -125.1033952,
              49.8553545
            ],
            [
              -125.1031911,
              49.8554355
            ],
            [
              -125.1025254,
              49.8556691
            ],
            [
              -125.1028419,
              49.8558905
            ],
            [
              -125.1031892,
              49.8558492
            ],
            [
              -125.1034499,
              49.85606
            ],
            [
              -125.1035839,
              49.8562466
            ],
            [
              -125.1036304,
              49.8563124
            ],
            [
              -125.1038392,
              49.8563776
            ],
            [
              -125.1046118,
              49.8564527
            ],
            [
              -125.1048718,
              49.8564574
            ],
            [
              -125.1053477,
              49.8564944
            ],
            [
              -125.105803,
              49.8565268
            ],
            [
              -125.1060157,
              49.8565357
            ],
            [
              -125.1066023,
              49.8566548
            ],
            [
              -125.1071707,
              49.8568291
            ],
            [
              -125.107652,
              49.8570242
            ],
            [
              -125.1077247,
              49.8568581
            ],
            [
              -125.1081849,
              49.8558075
            ],
            [
              -125.1081939,
              49.8556892
            ]
          ]
        ]
      }
    },
    {
      "type": "Feature",
      "properties": {
        "osm_id": "relation/10263488",
        "name": "Siddoo Regional Park",
        "leisure": "park",
        "boundary": null,
        "operator": null,
        "protection_title": null,
        "source": "OpenStreetMap",
        "source_url": "https://www.openstreetmap.org/relation/10263488"
      },
      "geometry": {
        "type": "MultiPolygon",
        "coordinates": [
          [
            [
              [
                -123.8003263,
                48.6283112
              ],
              [
                -123.8003264,
                48.6286402
              ],
              [
                -123.7972647,
                48.6295341
              ],
              [
                -123.7956352,
                48.6297246
              ],
              [
                -123.7952782,
                48.629496
              ],
              [
                -123.7941224,
                48.6283696
              ],
              [
                -123.8003263,
                48.6283112
              ]
            ]
          ],
          [
            [
              [
                -123.7959539,
                48.6312586
              ],
              [
                -123.7959099,
                48.6312579
              ],
              [
                -123.7958529,
                48.631263
              ],
              [
                -123.7956864,
                48.6312872
              ],
              [
                -123.795538,
                48.6312897
              ],
              [
                -123.7954862,
                48.6312938
              ],
              [
                -123.7954407,
                48.6313026
              ],
              [
                -123.7953456,
                48.6313297
              ],
              [
                -123.7952995,
                48.6313351
              ],
              [
                -123.7952783,
                48.6313321
              ],
              [
                -123.7952303,
                48.6313096
              ],
              [
                -123.7952013,
                48.6312868
              ],
              [
                -123.795129,
                48.6312228
              ],
              [
                -123.7950064,
                48.6311328
              ],
              [
                -123.7949621,
                48.6310833
              ],
              [
                -123.7948481,
                48.6308362
              ],
              [
                -123.7946547,
                48.630526
              ],
              [
                -123.7946253,
                48.6304647
              ],
              [
                -123.7945712,
                48.630323
              ],
              [
                -123.7944664,
                48.6301427
              ],
              [
                -123.7944378,
                48.6300366
              ],
              [
                -123.7949772,
                48.6295575
              ],
              [
                -123.7956292,
                48.6298951
              ],
              [
                -123.7953325,
                48.6301589
              ],
              [
                -123.7955876,
                48.6307665
              ],
              [
                -123.7964976,
                48.6307665
              ],
              [
                -123.7980187,
                48.6317746
              ],
              [
                -123.7970812,
                48.6317746
              ],
              [
                -123.7969765,
                48.6317366
              ],
              [
                -123.7969139,
                48.6317014
              ],
              [
                -123.796874,
                48.6316636
              ],
              [
                -123.796788,
                48.6315557
              ],
              [
                -123.7967524,
                48.6315244
              ],
              [
                -123.7967152,
                48.6314999
              ],
              [
                -123.7966677,
                48.6314765
              ],
              [
                -123.7966211,
                48.6314599
              ],
              [
                -123.7964681,
                48.6314283
              ],
              [
                -123.7964226,
                48.6314139
              ],
              [
                -123.7963856,
                48.6313915
              ],
              [
                -123.7963145,
                48.6313292
              ],
              [
                -123.796285,
                48.6313139
              ],
              [
                -123.7962512,
                48.6313028
              ],
              [
                -123.7961947,
                48.6312914
              ],
              [
                -123.7959539,
                48.6312586
              ]
            ]
          ],
          [
            [
              [
                -123.7942957,
                48.6317747
              ],
              [
                -123.793586,
                48.6300841
              ],
              [
                -123.7940559,
                48.6300841
              ],
              [
                -123.7940887,
                48.6301523
              ],
              [
                -123.7941287,
                48.6302187
              ],
              [
                -123.7941758,
                48.6302831
              ],
              [
                -123.7942484,
                48.6303667
              ],
              [
                -123.7943118,
                48.6305021
              ],
              [
                -123.79433,
                48.6305309
              ],
              [
                -123.7943806,
                48.6305836
              ],
              [
                -123.7944507,
                48.6306291
              ],
              [
                -123.7944828,
                48.6306554
              ],
              [
                -123.794539,
                48.6307214
              ],
              [
                -123.7945784,
                48.6307926
              ],
              [
                -123.794581,
                48.63081
              ],
              [
                -123.7945664,
                48.6308407
              ],
              [
                -123.7945748,
                48.6308824
              ],
              [
                -123.7946323,
                48.6309607
              ],
              [
                -123.7947261,
                48.6311149
              ],
              [
                -123.7947625,
                48.6311549
              ],
              [
                -123.7948054,
                48.631192
              ],
              [
                -123.7948767,
                48.6312433
              ],
              [
                -123.7949545,
                48.6313176
              ],
              [
                -123.7949961,
                48.6313488
              ],
              [
                -123.7950947,
                48.6313942
              ],
              [
                -123.795173,
                48.631422
              ],
              [
                -123.7952547,
                48.6314449
              ],
              [
                -123.7953392,
                48.6314629
              ],
              [
                -123.7954136,
                48.6314722
              ],
              [
                -123.7954515,
                48.6314732
              ],
              [
                -123.7955269,
                48.6314678
              ],
              [
                -123.7955992,
                48.6314529
              ],
              [
                -123.7957004,
                48.631422
              ],
              [
                -123.7958049,
                48.6314073
              ],
              [
                -123.7959172,
                48.6314046
              ],
              [
                -123.7959733,
                48.631408
              ],
              [
                -123.7960832,
                48.6314238
              ],
              [
                -123.7961876,
                48.6314514
              ],
              [
                -123.796258,
                48.6314737
              ],
              [
                -123.7963253,
                48.6315001
              ],
              [
                -123.7963888,
                48.6315302
              ],
              [
                -123.7965398,
                48.631614
              ],
              [
                -123.7966952,
                48.6316829
              ],
              [
                -123.7967493,
                48.6317106
              ],
              [
                -123.7968457,
                48.6317746
              ],
              [
                -123.7942957,
                48.6317747
              ]
            ]
          ]
        ]
      }
    },
    {
      "type": "Feature",
      "properties": {
        "osm_id": "relation/10301786",
        "name": "Crippen Regional Park",
        "leisure": "nature_reserve",
        "boundary": "protected_area",
        "operator": "Metro Vancouver Regional Parks",
        "protection_title": null,
        "source": "OpenStreetMap",
        "source_url": "https://www.openstreetmap.org/relation/10301786"
      },
      "geometry": {
        "type": "MultiPolygon",
        "coordinates": [
          [
            [
              [
                -123.3360073,
                49.3793012
              ],
              [
                -123.336859,
                49.3793027
              ],
              [
                -123.3366322,
                49.3787551
              ],
              [
                -123.3378638,
                49.3785618
              ],
              [
                -123.3378835,
                49.3767757
              ],
              [
                -123.337357,
                49.3765521
              ],
              [
                -123.3371225,
                49.3764979
              ],
              [
                -123.3367581,
                49.3764923
              ],
              [
                -123.3367495,
                49.37647
              ],
              [
                -123.3367453,
                49.3764592
              ],
              [
                -123.3367286,
                49.376416
              ],
              [
                -123.3366307,
                49.3761627
              ],
              [
                -123.3322397,
                49.3762805
              ],
              [
                -123.3315343,
                49.3764607
              ],
              [
                -123.3311116,
                49.376707
              ],
              [
                -123.3308447,
                49.3767718
              ],
              [
                -123.3305084,
                49.3766372
              ],
              [
                -123.3301835,
                49.3773785
              ],
              [
                -123.3291914,
                49.3773688
              ],
              [
                -123.3290727,
                49.3771583
              ],
              [
                -123.3292672,
                49.3768085
              ],
              [
                -123.3295723,
                49.3766129
              ],
              [
                -123.3295684,
                49.3764627
              ],
              [
                -123.3288955,
                49.3766825
              ],
              [
                -123.3283667,
                49.3771567
              ],
              [
                -123.3279912,
                49.3773251
              ],
              [
                -123.3277034,
                49.3774546
              ],
              [
                -123.327603,
                49.3774258
              ],
              [
                -123.3275266,
                49.3773897
              ],
              [
                -123.3272172,
                49.3772292
              ],
              [
                -123.3257334,
                49.376459
              ],
              [
                -123.3252939,
                49.3766292
              ],
              [
                -123.3246982,
                49.3765753
              ],
              [
                -123.3245319,
                49.3766312
              ],
              [
                -123.3240602,
                49.3765352
              ],
              [
                -123.3237487,
                49.3766067
              ],
              [
                -123.3235985,
                49.3765997
              ],
              [
                -123.3235717,
                49.37646
              ],
              [
                -123.3235073,
                49.3764251
              ],
              [
                -123.3234215,
                49.3764181
              ],
              [
                -123.3233357,
                49.3764984
              ],
              [
                -123.3232766,
                49.3764565
              ],
              [
                -123.3231533,
                49.3764146
              ],
              [
                -123.3225311,
                49.3763682
              ],
              [
                -123.3222251,
                49.3762192
              ],
              [
                -123.3221947,
                49.3760654
              ],
              [
                -123.3221718,
                49.3759446
              ],
              [
                -123.3220697,
                49.3758802
              ],
              [
                -123.3219087,
                49.3758593
              ],
              [
                -123.3218704,
                49.3757948
              ],
              [
                -123.3217307,
                49.3757767
              ],
              [
                -123.3214608,
                49.3758925
              ],
              [
                -123.3214056,
                49.3759162
              ],
              [
                -123.3213884,
                49.375992
              ],
              [
                -123.32128,
                49.3760416
              ],
              [
                -123.3212435,
                49.3760583
              ],
              [
                -123.3212201,
                49.3761373
              ],
              [
                -123.3211792,
                49.3762749
              ],
              [
                -123.3212274,
                49.3763902
              ],
              [
                -123.3215278,
                49.3765124
              ],
              [
                -123.3217371,
                49.3767184
              ],
              [
                -123.3219005,
                49.376888
              ],
              [
                -123.3219713,
                49.3768863
              ],
              [
                -123.3220133,
                49.3769094
              ],
              [
                -123.3220632,
                49.3769771
              ],
              [
                -123.3221194,
                49.3770596
              ],
              [
                -123.3221109,
                49.3770755
              ],
              [
                -123.3221153,
                49.3770953
              ],
              [
                -123.3221126,
                49.3771137
              ],
              [
                -123.3221261,
                49.3771321
              ],
              [
                -123.322117,
                49.3771676
              ],
              [
                -123.322125,
                49.3771959
              ],
              [
                -123.322141,
                49.3772034
              ],
              [
                -123.3221326,
                49.377214
              ],
              [
                -123.3221297,
                49.3772435
              ],
              [
                -123.3221397,
                49.3772773
              ],
              [
                -123.3221544,
                49.3772876
              ],
              [
                -123.3221604,
                49.3772951
              ],
              [
                -123.3221643,
                49.377304
              ],
              [
                -123.3221916,
                49.3773214
              ],
              [
                -123.3222074,
                49.3773322
              ],
              [
                -123.3222259,
                49.3773387
              ],
              [
                -123.3222481,
                49.3773761
              ],
              [
                -123.3222886,
                49.3774179
              ],
              [
                -123.3222405,
                49.377472
              ],
              [
                -123.3221018,
                49.3775672
              ],
              [
                -123.322128,
                49.3777246
              ],
              [
                -123.3222173,
                49.3780359
              ],
              [
                -123.3223334,
                49.3782051
              ],
              [
                -123.3222325,
                49.3787754
              ],
              [
                -123.3222933,
                49.378902
              ],
              [
                -123.3222102,
                49.3790383
              ],
              [
                -123.3219517,
                49.3799938
              ],
              [
                -123.3222731,
                49.3802128
              ],
              [
                -123.3239169,
                49.3801483
              ],
              [
                -123.3254163,
                49.3797478
              ],
              [
                -123.3272382,
                49.37906
              ],
              [
                -123.3286291,
                49.3788398
              ],
              [
                -123.32946,
                49.3783151
              ],
              [
                -123.3298387,
                49.3782776
              ],
              [
                -123.3308693,
                49.3780447
              ],
              [
                -123.33122,
                49.3784411
              ],
              [
                -123.3312452,
                49.3784693
              ],
              [
                -123.3330253,
                49.3779966
              ],
              [
                -123.3334712,
                49.3781266
              ],
              [
                -123.3340427,
                49.3784886
              ],
              [
                -123.3339238,
                49.3787865
              ],
              [
                -123.3344898,
                49.3789717
              ],
              [
                -123.3347356,
                49.378975
              ],
              [
                -123.3348586,
                49.3792996
              ],
              [
                -123.3355523,
                49.3793046
              ],
              [
                -123.3356309,
                49.3793035
              ],
              [
                -123.3356739,
                49.3793033
              ],
              [
                -123.3358758,
                49.379302
              ],
              [
                -123.3360073,
                49.3793012
              ]
            ]
          ],
          [
            [
              [
                -123.3397509,
                49.3843227
              ],
              [
                -123.340101,
                49.3844121
              ],
              [
                -123.340322,
                49.384481
              ],
              [
                -123.3403255,
                49.3843489
              ],
              [
                -123.340306,
                49.3842043
              ],
              [
                -123.3402953,
                49.3841724
              ],
              [
                -123.3389596,
                49.3816803
              ],
              [
                -123.3388871,
                49.3817081
              ],
              [
                -123.3381006,
                49.3818827
              ],
              [
                -123.3374419,
                49.3811611
              ],
              [
                -123.3367205,
                49.3803163
              ],
              [
                -123.3366875,
                49.3800701
              ],
              [
                -123.3365232,
                49.3797761
              ],
              [
                -123.3360071,
                49.379782
              ],
              [
                -123.3348651,
                49.3797839
              ],
              [
                -123.3346235,
                49.3797828
              ],
              [
                -123.3346295,
                49.3803263
              ],
              [
                -123.3337883,
                49.380334
              ],
              [
                -123.333943,
                49.3807685
              ],
              [
                -123.333965,
                49.3808212
              ],
              [
                -123.3341097,
                49.381156
              ],
              [
                -123.3341679,
                49.3812616
              ],
              [
                -123.334229,
                49.3812877
              ],
              [
                -123.334348,
                49.3813784
              ],
              [
                -123.334437,
                49.3815077
              ],
              [
                -123.334443,
                49.3816369
              ],
              [
                -123.3344144,
                49.3817703
              ],
              [
                -123.3344568,
                49.3818128
              ],
              [
                -123.334489,
                49.3818187
              ],
              [
                -123.3345451,
                49.3818095
              ],
              [
                -123.3346585,
                49.3816814
              ],
              [
                -123.3347582,
                49.3816849
              ],
              [
                -123.3348615,
                49.3816968
              ],
              [
                -123.3352172,
                49.3818181
              ],
              [
                -123.3359959,
                49.3820044
              ],
              [
                -123.3363746,
                49.3821226
              ],
              [
                -123.3366224,
                49.3822537
              ],
              [
                -123.3374485,
                49.3825308
              ],
              [
                -123.33791,
                49.3829724
              ],
              [
                -123.3383442,
                49.3832523
              ],
              [
                -123.3385106,
                49.383414
              ],
              [
                -123.3384917,
                49.383552
              ],
              [
                -123.3387566,
                49.3838586
              ],
              [
                -123.3392078,
                49.3840132
              ],
              [
                -123.3394932,
                49.3841876
              ],
              [
                -123.3397509,
                49.3843227
              ]
            ]
          ],
          [
            [
              [
                -123.3403809,
                49.384808
              ],
              [
                -123.340168,
                49.3849832
              ],
              [
                -123.3375498,
                49.3867704
              ],
              [
                -123.3435635,
                49.3867851
              ],
              [
                -123.3435727,
                49.38758
              ],
              [
                -123.343585,
                49.3885832
              ],
              [
                -123.3477987,
                49.3885645
              ],
              [
                -123.3475915,
                49.4030769
              ],
              [
                -123.3530806,
                49.4031314
              ],
              [
                -123.3530626,
                49.3997048
              ],
              [
                -123.3565765,
                49.3996816
              ],
              [
                -123.3602223,
                49.3996575
              ],
              [
                -123.3602008,
                49.3912811
              ],
              [
                -123.3601857,
                49.3850704
              ],
              [
                -123.3547025,
                49.3850834
              ],
              [
                -123.3547547,
                49.3862179
              ],
              [
                -123.3544254,
                49.3860622
              ],
              [
                -123.3540697,
                49.3857733
              ],
              [
                -123.3538145,
                49.3855285
              ],
              [
                -123.3536972,
                49.3853603
              ],
              [
                -123.3536146,
                49.3851663
              ],
              [
                -123.3530729,
                49.3837582
              ],
              [
                -123.3528081,
                49.3833838
              ],
              [
                -123.3524562,
                49.383081
              ],
              [
                -123.3517952,
                49.3827697
              ],
              [
                -123.3512579,
                49.382537
              ],
              [
                -123.350822,
                49.3824345
              ],
              [
                -123.350284,
                49.3823437
              ],
              [
                -123.349726,
                49.3822921
              ],
              [
                -123.3489507,
                49.3822821
              ],
              [
                -123.3486584,
                49.3822824
              ],
              [
                -123.3477202,
                49.3822335
              ],
              [
                -123.3471381,
                49.3821797
              ],
              [
                -123.3462976,
                49.3820768
              ],
              [
                -123.3456178,
                49.3819583
              ],
              [
                -123.3445486,
                49.3817062
              ],
              [
                -123.343526,
                49.3813835
              ],
              [
                -123.3435133,
                49.3814636
              ],
              [
                -123.343523,
                49.3820782
              ],
              [
                -123.3435184,
                49.3829566
              ],
              [
                -123.3403078,
                49.3837144
              ],
              [
                -123.3405045,
                49.3841245
              ],
              [
                -123.3405677,
                49.3843379
              ],
              [
                -123.340575,
                49.3844687
              ],
              [
                -123.3405608,
                49.3845655
              ],
              [
                -123.3404889,
                49.3846936
              ],
              [
                -123.3403809,
                49.384808
              ]
            ]
          ]
        ]
      }
    },
    {
      "type": "Feature",
      "properties": {
        "osm_id": "relation/11518026",
        "name": "Osborne Bay Regional Park",
        "leisure": "park",
        "boundary": null,
        "operator": "Municipality of North Cowichan",
        "protection_title": null,
        "source": "OpenStreetMap",
        "source_url": "https://www.openstreetmap.org/relation/11518026"
      },
      "geometry": {
        "type": "Polygon",
        "coordinates": [
          [
            [
              -123.6176474,
              48.8566402
            ],
            [
              -123.6176668,
              48.8567193
            ],
            [
              -123.6178166,
              48.8569915
            ],
            [
              -123.6178854,
              48.8572377
            ],
            [
              -123.6178401,
              48.8573805
            ],
            [
              -123.6178571,
              48.857613
            ],
            [
              -123.6178129,
              48.8578398
            ],
            [
              -123.6177404,
              48.8583287
            ],
            [
              -123.6177722,
              48.8587246
            ],
            [
              -123.6178164,
              48.8588565
            ],
            [
              -123.6179223,
              48.8588219
            ],
            [
              -123.6203138,
              48.8580433
            ],
            [
              -123.6226487,
              48.8572831
            ],
            [
              -123.6234065,
              48.8570364
            ],
            [
              -123.6241502,
              48.8567942
            ],
            [
              -123.6245623,
              48.8566642
            ],
            [
              -123.625,
              48.8566627
            ],
            [
              -123.6251523,
              48.8566621
            ],
            [
              -123.6253036,
              48.8566616
            ],
            [
              -123.6254403,
              48.8566611
            ],
            [
              -123.6253863,
              48.8566208
            ],
            [
              -123.6254172,
              48.8566208
            ],
            [
              -123.6254552,
              48.8566394
            ],
            [
              -123.6260638,
              48.8569227
            ],
            [
              -123.6263304,
              48.8569242
            ],
            [
              -123.62676,
              48.8569055
            ],
            [
              -123.6276851,
              48.8571408
            ],
            [
              -123.6288221,
              48.857362
            ],
            [
              -123.6287866,
              48.8566136
            ],
            [
              -123.6287572,
              48.8559913
            ],
            [
              -123.6287466,
              48.8557672
            ],
            [
              -123.6278862,
              48.8552984
            ],
            [
              -123.6273583,
              48.8548823
            ],
            [
              -123.6269686,
              48.8546653
            ],
            [
              -123.6263303,
              48.854441
            ],
            [
              -123.6258423,
              48.8542587
            ],
            [
              -123.6255371,
              48.8541447
            ],
            [
              -123.6250756,
              48.8539723
            ],
            [
              -123.6250692,
              48.8529877
            ],
            [
              -123.6218205,
              48.8529855
            ],
            [
              -123.6218426,
              48.8553668
            ],
            [
              -123.6179415,
              48.8567246
            ],
            [
              -123.617927,
              48.8567297
            ],
            [
              -123.6179272,
              48.856639
            ],
            [
              -123.6176474,
              48.8566402
            ]
          ]
        ]
      }
    },
    {
      "type": "Feature",
      "properties": {
        "osm_id": "relation/12712993",
        "name": "Mount Parke Regional Park",
        "leisure": "park",
        "boundary": null,
        "operator": "Capital Regional District",
        "protection_title": null,
        "source": "OpenStreetMap",
        "source_url": "https://www.openstreetmap.org/relation/12712993"
      },
      "geometry": {
        "type": "Polygon",
        "coordinates": [
          [
            [
              -123.2882201,
              48.8409841
            ],
            [
              -123.2881805,
              48.8439199
            ],
            [
              -123.288172,
              48.8446158
            ],
            [
              -123.2819434,
              48.8446113
            ],
            [
              -123.2825108,
              48.8438252
            ],
            [
              -123.2815204,
              48.8426311
            ],
            [
              -123.282089,
              48.8423485
            ],
            [
              -123.2822057,
              48.8422944
            ],
            [
              -123.2823129,
              48.8422503
            ],
            [
              -123.2824117,
              48.8422126
            ],
            [
              -123.2825046,
              48.8421806
            ],
            [
              -123.2825878,
              48.842154
            ],
            [
              -123.2826737,
              48.8421286
            ],
            [
              -123.2827764,
              48.8421027
            ],
            [
              -123.2828735,
              48.8420803
            ],
            [
              -123.2830021,
              48.842055
            ],
            [
              -123.28293,
              48.8418805
            ],
            [
              -123.2828264,
              48.8418441
            ],
            [
              -123.2827983,
              48.8417918
            ],
            [
              -123.2827716,
              48.8417453
            ],
            [
              -123.2827378,
              48.8416918
            ],
            [
              -123.2826951,
              48.8416319
            ],
            [
              -123.2826499,
              48.8415743
            ],
            [
              -123.2825979,
              48.8415138
            ],
            [
              -123.2825499,
              48.8414636
            ],
            [
              -123.2825016,
              48.8414175
            ],
            [
              -123.2824541,
              48.8413753
            ],
            [
              -123.2823883,
              48.8413227
            ],
            [
              -123.2823193,
              48.8412746
            ],
            [
              -123.2822628,
              48.8412372
            ],
            [
              -123.2821952,
              48.841199
            ],
            [
              -123.2821497,
              48.8411749
            ],
            [
              -123.2820704,
              48.8411387
            ],
            [
              -123.2819976,
              48.8411103
            ],
            [
              -123.2819308,
              48.8410876
            ],
            [
              -123.2818584,
              48.8410661
            ],
            [
              -123.2816154,
              48.8409849
            ],
            [
              -123.2771964,
              48.840982
            ],
            [
              -123.2772058,
              48.839878
            ],
            [
              -123.2772273,
              48.8373436
            ],
            [
              -123.2772371,
              48.8365362
            ],
            [
              -123.2772526,
              48.8352591
            ],
            [
              -123.2825474,
              48.8369555
            ],
            [
              -123.2843281,
              48.8369622
            ],
            [
              -123.2850565,
              48.8362343
            ],
            [
              -123.2843378,
              48.8359743
            ],
            [
              -123.2843663,
              48.8359609
            ],
            [
              -123.2843971,
              48.8359423
            ],
            [
              -123.284419,
              48.835924
            ],
            [
              -123.2844391,
              48.835902
            ],
            [
              -123.2844535,
              48.835879
            ],
            [
              -123.2844632,
              48.8358543
            ],
            [
              -123.2844677,
              48.8358254
            ],
            [
              -123.2844665,
              48.8357986
            ],
            [
              -123.284458,
              48.8357704
            ],
            [
              -123.2844435,
              48.835745
            ],
            [
              -123.2844231,
              48.8357208
            ],
            [
              -123.284399,
              48.8357003
            ],
            [
              -123.2843663,
              48.83568
            ],
            [
              -123.2843267,
              48.8356626
            ],
            [
              -123.2839479,
              48.8356282
            ],
            [
              -123.2830964,
              48.8353285
            ],
            [
              -123.2992088,
              48.837718
            ],
            [
              -123.2991821,
              48.83886
            ],
            [
              -123.2991696,
              48.8388372
            ],
            [
              -123.2991522,
              48.8388171
            ],
            [
              -123.2991325,
              48.8388007
            ],
            [
              -123.2991069,
              48.8387853
            ],
            [
              -123.2990783,
              48.8387739
            ],
            [
              -123.2990504,
              48.8387658
            ],
            [
              -123.2990181,
              48.8387604
            ],
            [
              -123.2989799,
              48.8387585
            ],
            [
              -123.298945,
              48.8387607
            ],
            [
              -123.298906,
              48.838769
            ],
            [
              -123.2988762,
              48.8387785
            ],
            [
              -123.2988525,
              48.83879
            ],
            [
              -123.2988324,
              48.8388027
            ],
            [
              -123.2988142,
              48.8388181
            ],
            [
              -123.2987997,
              48.8388359
            ],
            [
              -123.2987893,
              48.8388533
            ],
            [
              -123.2987807,
              48.8388799
            ],
            [
              -123.2987805,
              48.8389095
            ],
            [
              -123.2976559,
              48.8385691
            ],
            [
              -123.2971054,
              48.8400086
            ],
            [
              -123.2964507,
              48.8398096
            ],
            [
              -123.2964725,
              48.839777
            ],
            [
              -123.296278,
              48.8397202
            ],
            [
              -123.2963212,
              48.8396563
            ],
            [
              -123.2958701,
              48.8395242
            ],
            [
              -123.2951492,
              48.839506
            ],
            [
              -123.2945671,
              48.8396497
            ],
            [
              -123.2953343,
              48.840289
            ],
            [
              -123.2961887,
              48.8406173
            ],
            [
              -123.296655,
              48.8409378
            ],
            [
              -123.2882201,
              48.8409841
            ]
          ]
        ]
      }
    },
    {
      "type": "Feature",
      "properties": {
        "osm_id": "relation/14448296",
        "name": "Fraser Islands Regional Park Reserve",
        "leisure": null,
        "boundary": "protected_area",
        "operator": "Metro Vancouver Regional Parks",
        "protection_title": "Regional Park Reserve",
        "source": "OpenStreetMap",
        "source_url": "https://www.openstreetmap.org/relation/14448296"
      },
      "geometry": {
        "type": "MultiPolygon",
        "coordinates": [
          [
            [
              [
                -122.7917272,
                49.2189712
              ],
              [
                -122.7912122,
                49.2184666
              ],
              [
                -122.7759687,
                49.215632
              ],
              [
                -122.7741868,
                49.2155177
              ],
              [
                -122.7719552,
                49.2154056
              ],
              [
                -122.7703244,
                49.2155177
              ],
              [
                -122.7631524,
                49.2168005
              ],
              [
                -122.7604299,
                49.2175382
              ],
              [
                -122.7597295,
                49.2179306
              ],
              [
                -122.7595372,
                49.2183096
              ],
              [
                -122.7599698,
                49.2191394
              ],
              [
                -122.7614289,
                49.2209333
              ],
              [
                -122.7630597,
                49.2227272
              ],
              [
                -122.7655797,
                49.2245257
              ],
              [
                -122.7672654,
                49.22553
              ],
              [
                -122.768982,
                49.2259785
              ],
              [
                -122.7764493,
                49.2261466
              ],
              [
                -122.7779943,
                49.2256982
              ],
              [
                -122.7823716,
                49.2241847
              ],
              [
                -122.7858941,
                49.2226039
              ],
              [
                -122.7891522,
                49.220653
              ],
              [
                -122.7917272,
                49.2189712
              ]
            ]
          ],
          [
            [
              [
                -122.9976481,
                49.1586476
              ],
              [
                -122.997031,
                49.1589838
              ],
              [
                -122.996677,
                49.1594121
              ],
              [
                -122.9964377,
                49.1596523
              ],
              [
                -122.9961571,
                49.159934
              ],
              [
                -122.9958887,
                49.1602041
              ],
              [
                -122.995664,
                49.1605104
              ],
              [
                -122.995785,
                49.1605925
              ],
              [
                -122.997152,
                49.1603684
              ],
              [
                -122.997827,
                49.1600795
              ],
              [
                -122.998447,
                49.1597782
              ],
              [
                -122.9993655,
                49.1590012
              ],
              [
                -122.999852,
                49.1585032
              ],
              [
                -123.000637,
                49.1576739
              ],
              [
                -123.000565,
                49.1576564
              ],
              [
                -123.0005431,
                49.157662
              ],
              [
                -122.9983564,
                49.1582217
              ],
              [
                -122.9976481,
                49.1586476
              ]
            ]
          ],
          [
            [
              [
                -122.9928982,
                49.1607095
              ],
              [
                -122.991921,
                49.1609767
              ],
              [
                -122.991253,
                49.1611224
              ],
              [
                -122.9880214,
                49.1616959
              ],
              [
                -122.9865381,
                49.1617962
              ],
              [
                -122.9865308,
                49.1614782
              ],
              [
                -122.9872455,
                49.1607601
              ],
              [
                -122.9876217,
                49.1605677
              ],
              [
                -122.988803,
                49.1600403
              ],
              [
                -122.9904207,
                49.1595619
              ],
              [
                -122.991826,
                49.159224
              ],
              [
                -122.9928733,
                49.1590076
              ],
              [
                -122.9941264,
                49.1587488
              ],
              [
                -122.9950654,
                49.15874
              ],
              [
                -122.9949274,
                49.1592025
              ],
              [
                -122.9941851,
                49.1598693
              ],
              [
                -122.9936162,
                49.1603063
              ],
              [
                -122.9928982,
                49.1607095
              ]
            ]
          ]
        ]
      }
    },
    {
      "type": "Feature",
      "properties": {
        "osm_id": "relation/18211479",
        "name": "Cape Roger Curtis Regional Park Reserve",
        "leisure": "nature_reserve",
        "boundary": "protected_area",
        "operator": "Metro Vancouver Regional Parks",
        "protection_title": null,
        "source": "OpenStreetMap",
        "source_url": "https://www.openstreetmap.org/relation/18211479"
      },
      "geometry": {
        "type": "MultiPolygon",
        "coordinates": [
          [
            [
              [
                -123.4068246,
                49.3432754
              ],
              [
                -123.4068259,
                49.3421315
              ],
              [
                -123.4100909,
                49.3417051
              ],
              [
                -123.4101653,
                49.3416954
              ],
              [
                -123.4101871,
                49.3419664
              ],
              [
                -123.4101987,
                49.3420465
              ],
              [
                -123.4102204,
                49.3421255
              ],
              [
                -123.4102519,
                49.3422031
              ],
              [
                -123.4102931,
                49.3422786
              ],
              [
                -123.4103437,
                49.3423516
              ],
              [
                -123.4104032,
                49.3424215
              ],
              [
                -123.4104713,
                49.3424878
              ],
              [
                -123.4105474,
                49.3425501
              ],
              [
                -123.4110014,
                49.3428889
              ],
              [
                -123.4110724,
                49.3429474
              ],
              [
                -123.4111348,
                49.3430098
              ],
              [
                -123.4111882,
                49.3430754
              ],
              [
                -123.4112321,
                49.3431438
              ],
              [
                -123.4112571,
                49.3431931
              ],
              [
                -123.4112921,
                49.3432942
              ],
              [
                -123.4115287,
                49.3442448
              ],
              [
                -123.4116408,
                49.3446978
              ],
              [
                -123.4116525,
                49.3447662
              ],
              [
                -123.4116545,
                49.3448352
              ],
              [
                -123.4116465,
                49.3449041
              ],
              [
                -123.4116288,
                49.3449722
              ],
              [
                -123.4116014,
                49.3450392
              ],
              [
                -123.4115644,
                49.3451042
              ],
              [
                -123.4115183,
                49.3451669
              ],
              [
                -123.4114633,
                49.3452265
              ],
              [
                -123.4113999,
                49.3452827
              ],
              [
                -123.4113286,
                49.3453349
              ],
              [
                -123.41125,
                49.3453826
              ],
              [
                -123.4112191,
                49.3453871
              ],
              [
                -123.4111426,
                49.3454213
              ],
              [
                -123.4110618,
                49.3454511
              ],
              [
                -123.4109771,
                49.3454764
              ],
              [
                -123.4108894,
                49.3454969
              ],
              [
                -123.410799,
                49.3455125
              ],
              [
                -123.410594,
                49.3455393
              ],
              [
                -123.4103969,
                49.3455651
              ],
              [
                -123.4103101,
                49.3455825
              ],
              [
                -123.4102269,
                49.345606
              ],
              [
                -123.4101485,
                49.3456352
              ],
              [
                -123.4100756,
                49.3456698
              ],
              [
                -123.410063,
                49.3456877
              ],
              [
                -123.4100023,
                49.3457251
              ],
              [
                -123.4099481,
                49.3457664
              ],
              [
                -123.4099012,
                49.3458111
              ],
              [
                -123.409862,
                49.3458587
              ],
              [
                -123.409831,
                49.3459086
              ],
              [
                -123.4098087,
                49.345923
              ],
              [
                -123.4097802,
                49.3460133
              ],
              [
                -123.409777,
                49.3461052
              ],
              [
                -123.4097884,
                49.3461639
              ],
              [
                -123.4098101,
                49.3462214
              ],
              [
                -123.4098306,
                49.346235
              ],
              [
                -123.4098607,
                49.346283
              ],
              [
                -123.4098984,
                49.3463287
              ],
              [
                -123.4099432,
                49.3463716
              ],
              [
                -123.410388,
                49.3467522
              ],
              [
                -123.4096502,
                49.3479228
              ],
              [
                -123.4067971,
                49.3488275
              ],
              [
                -123.4068072,
                49.347593
              ],
              [
                -123.4068197,
                49.3450317
              ],
              [
                -123.4068197,
                49.3450191
              ],
              [
                -123.406822,
                49.3443199
              ],
              [
                -123.4068246,
                49.3432754
              ]
            ]
          ],
          [
            [
              [
                -123.4114819,
                49.3432798
              ],
              [
                -123.4114455,
                49.3431733
              ],
              [
                -123.4117373,
                49.3432423
              ],
              [
                -123.4125222,
                49.3432229
              ],
              [
                -123.4127274,
                49.3432178
              ],
              [
                -123.4128332,
                49.3431432
              ],
              [
                -123.4140733,
                49.3431125
              ],
              [
                -123.4142636,
                49.3431078
              ],
              [
                -123.4146739,
                49.3430976
              ],
              [
                -123.4147769,
                49.3430951
              ],
              [
                -123.4159337,
                49.343023
              ],
              [
                -123.4172674,
                49.34294
              ],
              [
                -123.4173183,
                49.343502
              ],
              [
                -123.4150875,
                49.3440915
              ],
              [
                -123.4116913,
                49.3440586
              ],
              [
                -123.4116774,
                49.3440054
              ],
              [
                -123.4116512,
                49.3439901
              ],
              [
                -123.4114819,
                49.3432798
              ]
            ]
          ],
          [
            [
              [
                -123.4192814,
                49.3392187
              ],
              [
                -123.4195324,
                49.3391762
              ],
              [
                -123.4204259,
                49.338997
              ],
              [
                -123.4205403,
                49.3389777
              ],
              [
                -123.420657,
                49.3389652
              ],
              [
                -123.4207751,
                49.3389597
              ],
              [
                -123.4208934,
                49.3389613
              ],
              [
                -123.4210112,
                49.3389699
              ],
              [
                -123.4211272,
                49.3389854
              ],
              [
                -123.4212407,
                49.3390079
              ],
              [
                -123.4213506,
                49.339037
              ],
              [
                -123.421456,
                49.3390725
              ],
              [
                -123.4216527,
                49.3391464
              ],
              [
                -123.4219515,
                49.3392552
              ],
              [
                -123.4220582,
                49.339285
              ],
              [
                -123.422168,
                49.3393091
              ],
              [
                -123.4222804,
                49.3393275
              ],
              [
                -123.4223945,
                49.33934
              ],
              [
                -123.4225098,
                49.3393465
              ],
              [
                -123.4226254,
                49.3393472
              ],
              [
                -123.4227407,
                49.3393418
              ],
              [
                -123.4228549,
                49.3393305
              ],
              [
                -123.4229914,
                49.3393091
              ],
              [
                -123.4230207,
                49.3393109
              ],
              [
                -123.4235547,
                49.3392156
              ],
              [
                -123.4235779,
                49.339204
              ],
              [
                -123.4236764,
                49.3391862
              ],
              [
                -123.4237847,
                49.33917
              ],
              [
                -123.4238948,
                49.3391599
              ],
              [
                -123.4240058,
                49.3391559
              ],
              [
                -123.424117,
                49.3391582
              ],
              [
                -123.4242274,
                49.3391667
              ],
              [
                -123.4243363,
                49.3391814
              ],
              [
                -123.4244428,
                49.3392021
              ],
              [
                -123.4215255,
                49.3414985
              ],
              [
                -123.4209153,
                49.34147
              ],
              [
                -123.420042,
                49.3419637
              ],
              [
                -123.4185198,
                49.3407483
              ],
              [
                -123.4191007,
                49.339249
              ],
              [
                -123.4191286,
                49.3392462
              ],
              [
                -123.4191539,
                49.3392344
              ],
              [
                -123.4192814,
                49.3392187
              ]
            ]
          ]
        ]
      }
    }
  ]
}
