{"type":"FeatureCollection","name":"vancouver-island-national-parks-draft","features":[{"type":"Feature","id":639,"geometry":{"type":"MultiPolygon","coordinates":[[[[-124.40228669719599,48.5683453933384],[-124.40153589724726,48.56857029343984],[-124.40170739684483,48.56882889361432],[-124.40192509677357,48.56916129290702],[-124.4027969969702,48.56887719301699],[-124.40349879762898,48.56864849307369],[-124.40307839667105,48.568108292569164],[-124.40228669719599,48.5683453933384]]],[[[-124.4017119967007,48.56651959299134],[-124.40134639601315,48.56652489351758],[-124.40063139617523,48.566535293253594],[-124.40125129659815,48.568061793111276],[-124.40209479659585,48.56780929277613],[-124.4027603972712,48.56761009321428],[-124.40259259725913,48.56729499308619],[-124.40240699630941,48.56687769310579],[-124.40221479634361,48.56651229299664],[-124.4017119967007,48.56651959299134]]],[[[-124.39638979838023,48.57951549425073],[-124.3961759988424,48.57953509389484],[-124.39596529798762,48.57956619436095],[-124.39565749869202,48.57976099426342],[-124.39648549964974,48.57995019441995],[-124.39682859860802,48.5799996947715],[-124.39712629900771,48.58007399375534],[-124.39724539885606,48.580074993820645],[-124.39739979889569,48.580105494484116],[-124.39754009826878,48.58014669409412],[-124.39765309871844,48.58018529413742],[-124.39774839951326,48.58020789381346],[-124.39779349938411,48.580238693975915],[-124.39804919922899,48.58028059380758],[-124.39804869902159,48.580218293616944],[-124.39804469904398,48.579676494191396],[-124.39724769903704,48.579553194017095],[-124.39703569893335,48.579526394083985],[-124.39682109878306,48.579511094180226],[-124.39660529877136,48.579507494406684],[-124.39638979838023,48.57951549425073]]],[[[-124.39615239816918,48.57891609454916],[-124.39659869875459,48.57922819451303],[-124.39804279854424,48.57945159431285],[-124.39955609914158,48.579685593959894],[-124.39955259946159,48.57905659360407],[-124.39954519822571,48.57767039372808],[-124.40160209951408,48.57767679331895],[-124.40156569806109,48.572199993083096],[-124.40156129711121,48.57168779298689],[-124.40140229733585,48.57189999357003],[-124.39709079839682,48.57766269362459],[-124.39615239816918,48.57891609454916]]],[[[-125.11740716452552,48.79356482105356],[-125.11829286404978,48.79402932122022],[-125.11891626487254,48.794348620941896],[-125.1195446637608,48.794663520365525],[-125.12003816458113,48.79492672008109],[-125.1202921650738,48.79505682042439],[-125.1203886640697,48.79510272064078],[-125.12060366423276,48.7951938203241],[-125.1213860653499,48.79554392040173],[-125.12159486568632,48.79563302047882],[-125.12172516483452,48.795683119962476],[-125.12182046479377,48.79574112038351],[-125.12376436559784,48.7965953198833],[-125.12421376614111,48.79680672047862],[-125.1246283658069,48.796981620268326],[-125.12516256591668,48.797221720148855],[-125.12572666537277,48.79746031976075],[-125.12575926644158,48.79746352010824],[-125.12822366616453,48.79770391986631],[-125.12822936709534,48.798307119932744],[-125.12824196776376,48.7996334198527],[-125.12831086893459,48.80689101986628],[-125.13905607084818,48.80689031862794],[-125.15000797192059,48.80691141793835],[-125.15141127277423,48.80692121773961],[-125.16095907379716,48.806913415858794],[-125.18273787726574,48.80689881381213],[-125.19833237982003,48.806872212183414],[-125.20001707968764,48.80584141123129],[-125.20952657916143,48.80000941020126],[-125.20979157997785,48.79984241048677],[-125.20984527960935,48.79982341012444],[-125.20985847899631,48.79981411093504],[-125.2099388789805,48.79978561003675],[-125.20995217931531,48.799776310885356],[-125.21003257978555,48.79974781071196],[-125.2100457795828,48.79973861035387],[-125.2100725798185,48.799729010214186],[-125.2100994797007,48.79971951059191],[-125.21012627980008,48.799710010502245],[-125.21013947956489,48.7997008101326],[-125.21016627964323,48.79969131003247],[-125.21019307970948,48.799681809925225],[-125.21021997964596,48.79967221020668],[-125.21023318000039,48.799663010624585],[-125.21031357885369,48.799634510639514],[-125.21032677866525,48.79962521018254],[-125.21040727957231,48.79959670976147],[-125.2104208786495,48.7995964104075],[-125.21047447915569,48.799577410849984],[-125.21050137943757,48.79956790991082],[-125.2105281799713,48.79955841051378],[-125.21054137971153,48.799549110030036],[-125.21056817960226,48.79953960982343],[-125.21062187973962,48.79952061064762],[-125.21063507944716,48.79951131015237],[-125.21071547956917,48.79948281023606],[-125.21072867986615,48.799473510528365],[-125.21078237922451,48.79945451046868],[-125.2108091790004,48.79944501019837],[-125.2108223791545,48.79943581054329],[-125.21084917890946,48.799426310262525],[-125.21087597938445,48.79941671070949],[-125.21090288009462,48.79940721046298],[-125.21092967981316,48.799397710160804],[-125.21094327992178,48.799397510386534],[-125.21097007973492,48.79938791000931],[-125.21099688004797,48.79937841048819],[-125.21102367972682,48.799368910160865],[-125.21103697895785,48.79935971013923],[-125.21111737924885,48.79933111063841],[-125.21113057867761,48.79932191014598],[-125.21121107908044,48.79929340988429],[-125.21122427920817,48.79928411011523],[-125.21130477947506,48.799255609779266],[-125.211331579628,48.799246110169705],[-125.21134477971427,48.799236810385736],[-125.21137157922416,48.799227309966646],[-125.21139837934399,48.799217810339464],[-125.21142517882964,48.79920830990611],[-125.21143877898346,48.79920800999791],[-125.21151927958105,48.799179510289775],[-125.21153247960484,48.799170210482444],[-125.21155927902986,48.79916071001347],[-125.21158618004368,48.799151210384196],[-125.21161297944442,48.799141709900915],[-125.21162617943561,48.79913241008206],[-125.21165297943737,48.79912291038742],[-125.21167977880494,48.799113409886566],[-125.21170657878245,48.79910391017765],[-125.21171987961166,48.79909471045898],[-125.21174667905426,48.799085109876444],[-125.21177347899854,48.79907561014993],[-125.21180027893077,48.7990661104163],[-125.2118270800604,48.79905661026463],[-125.21184027986956,48.7990474104834],[-125.21192077999486,48.799018810392695],[-125.21193397914963,48.79900960980089],[-125.2119875789527,48.79899051017784],[-125.21201487998212,48.7989900103124],[-125.21202807972931,48.79898081050774],[-125.21210847983029,48.798952209809016],[-125.21212167954504,48.798943009992804],[-125.2121753800491,48.798924010381164],[-125.21220217917177,48.798914509741984],[-125.21221537896116,48.79890520985029],[-125.21224217868479,48.79889570999969],[-125.21226897960584,48.79888620973106],[-125.21229587907395,48.79887671032421],[-125.21230908004027,48.79886741001002],[-125.2123358797186,48.7988579101347],[-125.21236267938482,48.79884841025227],[-125.21238947903886,48.798838910362704],[-125.21240267997264,48.79882961003703],[-125.21242957875229,48.79882010979578],[-125.21248317981355,48.79880111036242],[-125.21249637950515,48.79879181043612],[-125.21254997987808,48.79877281016854],[-125.21257687858805,48.79876330988818],[-125.21259007935049,48.79875410960334],[-125.21261687962105,48.79874451038899],[-125.21264367915144,48.79873501043237],[-125.21267047987918,48.79872551005768],[-125.21268367939976,48.798716310172246],[-125.21273737946572,48.79869721019939],[-125.21275057896271,48.798688010305774],[-125.21283097973772,48.79865950948707],[-125.21284427907607,48.79865020997543],[-125.21292467912767,48.79862171029249],[-125.21293787987473,48.798612409900976],[-125.21296467924823,48.798602909859724],[-125.21299157958725,48.79859340985765],[-125.21301837893652,48.79858390980213],[-125.21303158027298,48.798574610198145],[-125.21305837960124,48.79856511013212],[-125.21308517891732,48.79855561005902],[-125.21309837950325,48.798546409711655],[-125.21312527977585,48.79853690967421],[-125.2131520797856,48.79852731031869],[-125.21317887905647,48.79851781022082],[-125.21319207961,48.79850860986192],[-125.21324567992916,48.798489610026266],[-125.21325887935414,48.798480310006276],[-125.2133393797767,48.79845181004122],[-125.21335257916908,48.79844251000972],[-125.21337937955003,48.798433009448146],[-125.21340628030852,48.79842351013527],[-125.21341947967721,48.7984142100956],[-125.2134462788155,48.79840470992734],[-125.21347307977314,48.79839521014006],[-125.21349987888719,48.79838570995756],[-125.21351307932888,48.79837650955916],[-125.21356677920569,48.79835740994708],[-125.21357997962384,48.79834820954051],[-125.21363357956298,48.79832920950033],[-125.21364677947383,48.79831991023182],[-125.21367357971005,48.79831040959269],[-125.21368677960605,48.798301110319336],[-125.21370047970149,48.798300909402975],[-125.21371367958864,48.79829161012624],[-125.21374007920737,48.798273109623075],[-125.21375328018316,48.798263909994716],[-125.2137800791501,48.79825440973888],[-125.21379287961925,48.798236110196974],[-125.21384578029274,48.79819910999337],[-125.21385857999135,48.79818090971117],[-125.21387137978188,48.79816260936479],[-125.21389817927957,48.79815310987876],[-125.21391097894141,48.79813490959272],[-125.21392387956867,48.79811670935154],[-125.21393707934847,48.79810741005064],[-125.21396267932445,48.798070910209354],[-125.21397587956598,48.7980617097584],[-125.21398867989116,48.79804341020365],[-125.2140283792152,48.79801570964185],[-125.21404117950352,48.79799741008328],[-125.21406797944486,48.79798790934588],[-125.21412157932585,48.797968909858696],[-125.2141616798876,48.797950109818785],[-125.21421527905596,48.797931109483095],[-125.2142552790837,48.79791241022445],[-125.21430887947312,48.79789330936479],[-125.21434937927845,48.7978836095572],[-125.21440297900091,48.79786450985716],[-125.21444297946914,48.79784580931526],[-125.21455027955811,48.797807709896254],[-125.21459067956035,48.797797909471065],[-125.21464437993826,48.79777890975098],[-125.21468437900812,48.79776020952572],[-125.2147383792138,48.79775010947239],[-125.21479207946388,48.79773110967335],[-125.2148324799581,48.79772130994855],[-125.21493977927553,48.797683310176744],[-125.214993779321,48.79767320998308],[-125.2150337799663,48.79765451000815],[-125.21508777995219,48.797644409762846],[-125.2151414799092,48.79762540977644],[-125.21519547973192,48.797615409535375],[-125.21523547912275,48.797596609828155],[-125.21528957986126,48.79758660957932],[-125.21534317930008,48.79756761023964],[-125.21539717909995,48.79755750982414],[-125.21543727922122,48.7975388101444],[-125.21549127896142,48.79752870967717],[-125.21554487944462,48.797509709818385],[-125.21559897999764,48.797499709398956],[-125.21563938008123,48.797489909344065],[-125.21569297923855,48.79747090981656],[-125.21574697945213,48.79746081000754],[-125.21580067887642,48.797441809666545],[-125.21584107885728,48.79743200952914],[-125.21600317994222,48.797401909937584],[-125.21605717927271,48.79739190922153],[-125.21611127906242,48.79738180966521],[-125.21615167881555,48.7973721094631],[-125.21620567879195,48.79736200940054],[-125.21625968047655,48.79735200975953],[-125.21647587984613,48.79731190897799],[-125.21653028025236,48.797310809747955],[-125.21669237916664,48.79728070942062],[-125.21673277940673,48.797270909713994],[-125.21678677901728,48.79726090939268],[-125.21684048016955,48.79724190967303],[-125.21694847995695,48.79722180961758],[-125.21698888008075,48.797212009805655],[-125.21704257924763,48.79719300958869],[-125.21715067978684,48.79717290935215],[-125.21720427968802,48.79715390939389],[-125.21724467968684,48.797144109477145],[-125.21729867963468,48.797134109672484],[-125.2173523803935,48.797115109676376],[-125.217406379751,48.79710500895008],[-125.21744677965567,48.79709520895028],[-125.21750037994592,48.79707620963175],[-125.21755448009758,48.79706620892872],[-125.21760847996573,48.79705610888999],[-125.21764848010423,48.79703740946997],[-125.217756579366,48.7970173097749],[-125.21781018000414,48.79699830907938],[-125.21786427948791,48.79698820935196],[-125.21790467908014,48.7969785092276],[-125.2179582803172,48.796959409188176],[-125.21806637913708,48.79693940921434],[-125.21810638026308,48.79692060913806],[-125.21816037971871,48.79691060885848],[-125.21821407930761,48.7968915095444],[-125.21826807990968,48.796881508794534],[-125.21830848002058,48.79687170924038],[-125.21836207963614,48.79685270945802],[-125.21847017991301,48.7968326093636],[-125.21851017945522,48.79681390960126],[-125.21861827956147,48.7967938093435],[-125.21867188014701,48.79677480898319],[-125.21871228006124,48.79676500926352],[-125.21876598033124,48.79674600930417],[-125.21887397978942,48.796725909523175],[-125.21891408011452,48.79670710957749],[-125.21896807972568,48.79669710965195],[-125.21902168002973,48.79667810910377],[-125.219129780164,48.796658009080915],[-125.21916977933695,48.79663920899361],[-125.21927778015909,48.796619109155685],[-125.21933147998696,48.79660010889134],[-125.2193718795794,48.796590308901294],[-125.21942548018677,48.79657130893494],[-125.2195335804753,48.79655120926573],[-125.21957357927647,48.79653250908131],[-125.21968167939437,48.79651240924875],[-125.21973527976229,48.79649340911548],[-125.21977567915799,48.79648360895992],[-125.21982938041913,48.796464608815484],[-125.21988338021168,48.79645450912155],[-125.21993737988967,48.79644450946078],[-125.2199774794705,48.796425709092006],[-125.22003148029853,48.796415708968524],[-125.22008507917553,48.796396709058385],[-125.22013908002872,48.79638660881259],[-125.2201795801998,48.796376808530255],[-125.22023317958241,48.79635780933948],[-125.22034117979472,48.796337709128814],[-125.22038127962757,48.796319009461406],[-125.22048927966935,48.79629890908755],[-125.22054298037183,48.796279908558226],[-125.22058337999601,48.79627010887055],[-125.2206369802693,48.79625110905155],[-125.22074507977678,48.796231008845176],[-125.22079867992709,48.796212008938845],[-125.22083907942637,48.79620220914643],[-125.22089308038426,48.796192209347026],[-125.2209467796446,48.796173108948125],[-125.2210007805395,48.79616310908944],[-125.22104117994463,48.79615330921396],[-125.22109488083362,48.796134309186186],[-125.22120288068152,48.796114208824726],[-125.22124288086302,48.79609540910144],[-125.22135098021712,48.79607540908841],[-125.22140457998005,48.79605630879294],[-125.221458680378,48.796046309130304],[-125.22149907956404,48.79603650906697],[-125.22155268033477,48.796017508343695],[-125.22166078004761,48.79599740872475],[-125.2217011797617,48.795987609377434],[-125.22175478037859,48.79596860854513],[-125.22180918068993,48.795967608797746],[-125.22197127940012,48.79593740884812],[-125.22202567966589,48.7959364089785],[-125.22224187995005,48.79589620895871],[-125.22228228055765,48.795886509023035],[-125.22233627963993,48.795876408774156],[-125.22238988045001,48.7958574083952],[-125.22242997961769,48.79583860864428],[-125.22248358033723,48.79581960821581],[-125.22252358028749,48.79580080878017],[-125.22257728067798,48.795781808749595],[-125.2226312800948,48.79577180920105],[-125.22267128052071,48.795753008497364],[-125.22294137998107,48.79570280848651],[-125.22298218044284,48.79570200874454],[-125.22319838039174,48.79566190907184],[-125.22325278035233,48.79566080844708],[-125.22336078043978,48.79564070889657],[-125.22341528004955,48.79563970868935],[-125.2235772801977,48.795609608473995],[-125.223631780464,48.795608508880576],[-125.22379378033676,48.79557840830443],[-125.22383468042257,48.79557760864762],[-125.22388868110932,48.79556760878938],[-125.2239426800179,48.79555750845059],[-125.22399668065313,48.79554750853249],[-125.22405078040136,48.79553750823132],[-125.22410477985447,48.79552740860169],[-125.22421277981383,48.795507308904455],[-125.2242672810618,48.795506308603315],[-125.22437528088912,48.79548620872537],[-125.2244156801009,48.795476409056675],[-125.22446977965795,48.79546640852273],[-125.22452418057657,48.79546530877832],[-125.22468628026316,48.79543520875977],[-125.2247406804364,48.7954342081569],[-125.22490278054694,48.7954040085136],[-125.22495718008751,48.79540300899856],[-125.22511928105517,48.79537290864584],[-125.22515967998454,48.79536310866912],[-125.22521408075139,48.795362008535356],[-125.22553827997378,48.795301808325654],[-125.22557868056856,48.79529200856362],[-125.22563228041165,48.79527300801898],[-125.22568627976699,48.795262908311315],[-125.22574037999117,48.79525290866928],[-125.22579398033344,48.795233908836394],[-125.22583438018113,48.79522410817056],[-125.22588838055995,48.79521410800291],[-125.22594208062024,48.79519500847157],[-125.2259820801861,48.79517630809352],[-125.2260360811647,48.79516620858115],[-125.22608978040044,48.79514720823451],[-125.22612978055115,48.79512840853476],[-125.2261833805586,48.79510940849396],[-125.22622338063145,48.795090608757995],[-125.22627698054832,48.79507160866774],[-125.22635708077605,48.795034108403996],[-125.22641068063356,48.79501500818075],[-125.22645028020766,48.79498730871374],[-125.22649038039155,48.79496850810868],[-125.22654398065426,48.794949508677405],[-125.22658358073855,48.7949217078898],[-125.226623580381,48.79490300806328],[-125.22666328075049,48.79487520848977],[-125.22670328038572,48.79485640857093],[-125.22674288082679,48.794828708588895],[-125.22678288038213,48.79480990864027],[-125.22694138072853,48.79469890803897],[-125.22696738111733,48.79467140841348],[-125.22700708041836,48.79464360792337],[-125.2270466804586,48.79461590783845],[-125.22707268072716,48.794588408193114],[-125.22711228074373,48.794560608024554],[-125.22713828093514,48.7945331083672],[-125.22716398098436,48.794496708314135],[-125.22720358085407,48.794468908117615],[-125.227229580929,48.794441408445024],[-125.22725517994671,48.794404908286445],[-125.22728118115758,48.79437740819542],[-125.22730688105884,48.79434090806316],[-125.22731928066433,48.794313708126786],[-125.22737048010448,48.794240808245156],[-125.22738288091942,48.79421350783747],[-125.22739488000943,48.79417730822967],[-125.22742048055413,48.79414080845109],[-125.22741898030345,48.79410490864442],[-125.22744298020554,48.79403240776943],[-125.22744138080444,48.79399650833435],[-125.2274653812282,48.7939240082822],[-125.22746377998062,48.79388810847425],[-125.2274757801173,48.793851908489415],[-125.22747418014345,48.79381590821816],[-125.22748628121653,48.793779708272936],[-125.22748468002719,48.79374370842271],[-125.22749668010457,48.793707508454865],[-125.22749508011833,48.79367150820343],[-125.22750708016618,48.79363530824409],[-125.2275054801032,48.79359940806457],[-125.227517480192,48.793563108051714],[-125.22751588012288,48.79352720788208],[-125.22752788011161,48.7934910079397],[-125.22752468065661,48.793419108362016],[-125.22753677981099,48.7933828080145],[-125.22753198027569,48.793275008330795],[-125.22754398017851,48.79323880842062],[-125.22753438064727,48.7930230082911],[-125.2275196797525,48.79299630839752],[-125.22751647972693,48.79292440815388],[-125.22750127989335,48.79288870778345],[-125.22749967993435,48.792852707642545],[-125.2274844807632,48.79281700807802],[-125.2274688804938,48.792772408151684],[-125.2274536795464,48.79273670820515],[-125.22743888088026,48.792710008273474],[-125.22739327946894,48.792602908040806],[-125.22736448072133,48.79256750824818],[-125.22734927993672,48.79253180831261],[-125.2273208799112,48.792505307685076],[-125.22729208008225,48.792469908294876],[-125.22727727978128,48.7924432079772],[-125.22724847940935,48.79240780778325],[-125.22722008015346,48.792381307937234],[-125.22713598014279,48.79232900811664],[-125.22710757917962,48.79230250785738],[-125.2270659801717,48.792285308514955],[-125.2270103799623,48.79225940765125],[-125.22696838009574,48.792233207859816],[-125.22692677938196,48.792216008073865],[-125.22688477953882,48.7921899083117],[-125.22682957934096,48.79217290811025],[-125.22678757960125,48.79214680830989],[-125.22674598025618,48.79212960804024],[-125.22670387972218,48.792103408114286],[-125.22662068001134,48.79206900790249],[-125.22656507977564,48.79204310801267],[-125.22652347941505,48.79202590806465],[-125.22646828012789,48.79200900852685],[-125.22638507958759,48.791974608534666],[-125.22634297943378,48.791948408466126],[-125.22628777969885,48.79193150803076],[-125.22624577940124,48.791905308367355],[-125.22620417930774,48.791888108290244],[-125.22616257924838,48.79187090819625],[-125.22612058022474,48.79184480813447],[-125.22606537957999,48.79182780792791],[-125.22602337945065,48.79180170823899],[-125.22598177955072,48.791784508072446],[-125.22593977959079,48.79175830828998],[-125.22589807880698,48.791741108057344],[-125.2258140791306,48.791688708412174],[-125.22577207929623,48.791662608627206],[-125.2257304796369,48.79164540836106],[-125.22570207881277,48.79161890816616],[-125.22565968029454,48.79158380833374],[-125.22560287940172,48.79153090876882],[-125.22557407993136,48.79149540854484],[-125.22555887914889,48.791459808143344],[-125.22553007976443,48.79142430791567],[-125.2255148797424,48.79138860825446],[-125.22550007974212,48.79136190818285],[-125.2254544792755,48.791254808418266],[-125.2254528792252,48.79121890813703],[-125.22543767934299,48.79118320849112],[-125.22543288002457,48.791075308366715],[-125.22548097852801,48.79093040819748],[-125.22550657926878,48.790894008222935],[-125.22551897847562,48.790866708009865],[-125.22554467896968,48.79083020841713],[-125.22557067960007,48.79080280800737],[-125.22560987944753,48.790766008461894],[-125.22563587886147,48.7907385083913],[-125.22574157854308,48.79066450794671],[-125.22579517911392,48.790645508393354],[-125.22583477867862,48.79061770833892],[-125.22587477888209,48.79059890862995],[-125.22592837868685,48.79057990820818],[-125.22596847907437,48.79056120775756],[-125.22602167938498,48.790533108467024],[-125.2261016787318,48.79049560815225],[-125.22639857908463,48.790435908110375],[-125.22661587902118,48.790422707919596],[-125.22683437967459,48.7904365078984],[-125.22705367938705,48.7904682080432],[-125.2272592800055,48.79050020819796],[-125.22746537988588,48.790541208322146],[-125.22768497946166,48.79058200783375],[-125.2278910795715,48.79062300826912],[-125.22811037925814,48.79065470764997],[-125.2283155792048,48.79067770763863],[-125.22853407998113,48.790691507402784],[-125.22873617998172,48.79064260773191],[-125.22893707975611,48.790566708183334],[-125.22911027952705,48.79048240745611],[-125.22926917955367,48.79038040821638],[-125.22937288005758,48.79026140812302],[-125.22944808040799,48.79011600782889],[-125.22945537952653,48.78997190817891],[-125.22942218012611,48.78983760778275],[-125.22936137952408,48.78969480796075],[-125.22928697994517,48.78955230740138],[-125.22919977885131,48.78942810752898],[-125.22907177929888,48.789304607522276],[-125.22894407966963,48.78919010808264],[-125.22880287941118,48.78907590773142],[-125.22864847963568,48.788970907410075],[-125.22849447944915,48.78887490799438],[-125.22833997901952,48.78876990763836],[-125.22817237874213,48.78867420768987],[-125.22799157892022,48.78858770756868],[-125.22781147985204,48.788519208077275],[-125.22760507971795,48.78846920802654],[-125.22739937928439,48.78843720768248],[-125.22696087815264,48.788373707902366],[-125.22675487880696,48.788332707954964],[-125.22654837871909,48.78828270806161],[-125.22635477865215,48.78821450805499],[-125.22621437868318,48.788118307771505],[-125.22611317921049,48.78798530792782],[-125.22603877857847,48.78784270783649],[-125.22601877887337,48.78769920805586],[-125.22606687816082,48.787554308170975],[-125.22614287855887,48.78742690807684],[-125.22624617798617,48.78729890801665],[-125.2263633787916,48.78717970813568],[-125.22650827843431,48.78706890756292],[-125.22669517896412,48.7869844078399],[-125.22688277777738,48.78691780776235],[-125.22708447880986,48.78685990786446],[-125.2272865784128,48.78681100739385],[-125.22750257913971,48.78677080770905],[-125.22770427802602,48.786712907754335],[-125.22789197805275,48.7866463077943],[-125.22807887889728,48.786561707832625],[-125.22823807890401,48.78646870786261],[-125.22838297789126,48.78635790752449],[-125.22851417808467,48.7862474076938],[-125.22872067823718,48.785991507838574],[-125.2287963778055,48.785855107766295],[-125.22884437845214,48.785710207760175],[-125.22886557838706,48.78557490715437],[-125.22885887812917,48.785422107391064],[-125.22879847793898,48.78528830780528],[-125.22872447902078,48.785154707741235],[-125.22862327798045,48.785021807256115],[-125.22850887802558,48.784898007910535],[-125.22838127781728,48.78478350816431],[-125.22826687853295,48.78465980790146],[-125.22813927787597,48.784545307548896],[-125.22799807837606,48.784431107734214],[-125.2278704779366,48.78431660753458],[-125.2277160779015,48.784211607342804],[-125.2275752774167,48.78410640761732],[-125.22742087768215,48.78400140744592],[-125.22728007750244,48.783896107724225],[-125.22713887705982,48.78378190777254],[-125.22699807825015,48.78367670778325],[-125.22685687817385,48.783562407864686],[-125.22671597682397,48.78345720754084],[-125.22657487791139,48.783343007803786],[-125.22643407780762,48.783237707538774],[-125.22629287703944,48.78312350827226],[-125.22615207709468,48.78301830815052],[-125.22601087728168,48.78290400770736],[-125.225870077569,48.78279880767074],[-125.22558767680843,48.782570307689106],[-125.22533247621813,48.78234130779035],[-125.22519127720513,48.78222710772587],[-125.22507727719953,48.78211230782265],[-125.22494967721303,48.781997807670365],[-125.2244921770242,48.78150290763515],[-125.2243913767678,48.781378807840426],[-125.22427697666026,48.781255107795964],[-125.22417617634602,48.78113110835956],[-125.22407507672544,48.78099810806828],[-125.22397427579219,48.78087410815203],[-125.22387307649383,48.780741107741946],[-125.22367157616263,48.78049310853463],[-125.22355677631761,48.78036030839927],[-125.22335517629186,48.780112307661625],[-125.22289767603135,48.77961730780828],[-125.22279697552574,48.7794933077943],[-125.22270937575449,48.7793600077772],[-125.2226353761802,48.77922650829906],[-125.2225342756873,48.77909350781962],[-125.22243347536909,48.778969508043645],[-125.222319074917,48.77884570803562],[-125.22221837554876,48.778721708597146],[-125.22153217539861,48.77797920850726],[-125.22133057445421,48.77773120793708],[-125.221269874768,48.77758840866112],[-125.2212362751795,48.77744510800299],[-125.22114877513849,48.77731190816319],[-125.22106157434446,48.77718760814307],[-125.2209603749334,48.777054608656606],[-125.22078527427976,48.77678810798283],[-125.22071137540536,48.7766545079769],[-125.22065097422984,48.77652070797847],[-125.22059027485166,48.77637800820188],[-125.22054347444134,48.77624390864961],[-125.22047637439957,48.77595730844444],[-125.22043647415899,48.775670208557194],[-125.2204029749965,48.77552690831283],[-125.22038297484579,48.7753833085023],[-125.22037667470259,48.77523950846785],[-125.22029687450409,48.77466520840878],[-125.22031137470186,48.774377008359515],[-125.22029147379011,48.774233508055914],[-125.22025787351735,48.7740902081067],[-125.22018397436088,48.77395660829504],[-125.21992127314691,48.77355680794315],[-125.2198201742213,48.773423808401354],[-125.21971937360532,48.773299807782244],[-125.21959187339397,48.77318530869123],[-125.2194510743549,48.773080108284915],[-125.21928317320528,48.77297530857541],[-125.21911557400092,48.77287960839451],[-125.21893517305203,48.77280210848383],[-125.21874127361816,48.77272490806859],[-125.21854847400232,48.772674608528504],[-125.21813647325135,48.772592608466354],[-125.21791767334683,48.7725698087418],[-125.21769937336377,48.77255600834696],[-125.21746737383691,48.772542508604545],[-125.21724897264144,48.772528708357655],[-125.21704537297687,48.772541608608506],[-125.21682977308254,48.77259070819236],[-125.21662807271892,48.77264860882218],[-125.21644007337828,48.77270620843094],[-125.2162528728977,48.77278180846661],[-125.21608007359174,48.772875108734304],[-125.21592077335433,48.772968108100685],[-125.2157618732235,48.77307010823207],[-125.21561667337197,48.7731719089102],[-125.21547217284602,48.773291608511876],[-125.21534097252389,48.77340210854888],[-125.21522367343651,48.773521308529176],[-125.21509287362674,48.77364080893],[-125.21498957300649,48.77376870889997],[-125.21492747354367,48.773904908252184],[-125.21485187300449,48.77404130926595],[-125.21480377263002,48.7741862088946],[-125.2147828737379,48.77433050894746],[-125.21478927376695,48.77447430876443],[-125.21482277298772,48.77461760863853],[-125.2149102733533,48.77475090912529],[-125.21502427350332,48.77486570869906],[-125.21517897326495,48.77497970921302],[-125.21533297393061,48.77507570823734],[-125.21569447404325,48.775248708665075],[-125.21588767316322,48.77530790866826],[-125.21608047428039,48.775358208466365],[-125.21630007439457,48.77539890878457],[-125.21650567412766,48.77543100864576],[-125.21672487393174,48.77546280899549],[-125.21694367369724,48.77548550852029],[-125.21716167382205,48.775490308655385],[-125.21738007455599,48.77550410856942],[-125.21759887483078,48.77552690867216],[-125.217791273551,48.77556820846245],[-125.21799837418742,48.77563620819052],[-125.21817917348933,48.77572270824224],[-125.21834677395238,48.775818408723865],[-125.21848787495881,48.77593260848491],[-125.21856187429614,48.77606620820996],[-125.21849937435529,48.77619330834304],[-125.21835457405635,48.77630410859049],[-125.21819607393864,48.776415108244684],[-125.21803727382054,48.77651710821947],[-125.21787797499175,48.77661010839775],[-125.21769037482544,48.77667670869282],[-125.21747467469932,48.77672590832795],[-125.2172718746962,48.77675680854261],[-125.21705507504873,48.776778908684435],[-125.21640337371161,48.776818508956346],[-125.21618577452183,48.77682260889827],[-125.21596777371319,48.77681780849161],[-125.2155333741945,48.77684420909601],[-125.21531647343559,48.77686640894737],[-125.21488207376257,48.77689270936886],[-125.2146644745957,48.77689690873581],[-125.21444647364471,48.77689210889946],[-125.21422797375092,48.776878308579896],[-125.2140099741897,48.77687350935311],[-125.21357317449305,48.77684590916053],[-125.21336837385742,48.77683180912508],[-125.21293157446266,48.77680420924356],[-125.21271277390547,48.776781409240655],[-125.21249437311099,48.77676760907797],[-125.21227557349629,48.7767449089389],[-125.21206997315794,48.77671280910491],[-125.21186397425782,48.776671809354696],[-125.21165717344309,48.77661280973367],[-125.21147687322132,48.77653530925404],[-125.21129607288674,48.776448809290734],[-125.2111420734737,48.776352809361384],[-125.21098737304378,48.77623880905302],[-125.21088667279554,48.776114809723474],[-125.21079907299844,48.77598150973288],[-125.21071197319323,48.775857209291274],[-125.21063767299158,48.77571470886403],[-125.21048977328601,48.77544760894866],[-125.21042907369043,48.77530480958364],[-125.21035517264568,48.775171309135864],[-125.21029447328459,48.775028509034925],[-125.21023407243884,48.77489470920492],[-125.21013987341603,48.77460860934571],[-125.21010677337313,48.774474309438375],[-125.21007327272726,48.77433100893537],[-125.21001247340912,48.77418820946823],[-125.20992497219893,48.77405490976295],[-125.20981067250852,48.77393120930387],[-125.20970997214037,48.77380720988455],[-125.2095955729514,48.77368340918065],[-125.20946767256864,48.77355990974],[-125.2093537714654,48.7734451091723],[-125.20921257251675,48.77333090931562],[-125.20893117156874,48.773120309209006],[-125.2087767722657,48.773015309824146],[-125.2084549720148,48.772814609506995],[-125.20827417148364,48.77272810966116],[-125.2081074712388,48.772650309495305],[-125.20791387223908,48.77258200964882],[-125.20772067221375,48.77252280969663],[-125.20751397202648,48.77246370911809],[-125.20729437178016,48.77242300946916],[-125.20708807225216,48.772372909804844],[-125.20667607211566,48.77229090957431],[-125.20645687130637,48.77225910940403],[-125.2062517716784,48.77223600937643],[-125.20603337133481,48.77222220944043],[-125.20581537101714,48.77221740960747],[-125.20559777070802,48.77222150982582],[-125.20516337053414,48.77224780963288],[-125.20472977157024,48.7722921098786],[-125.2045132715823,48.77232330943959],[-125.20431087068057,48.772363109800644],[-125.20410967083252,48.772430009600484],[-125.20392197144932,48.77249650959175],[-125.20371997091584,48.772545410594155],[-125.2035039705511,48.77258551013315],[-125.20330187135593,48.77263431014134],[-125.20310027116274,48.77269220967111],[-125.20289827131411,48.772741010117706],[-125.2026957713526,48.77278091031502],[-125.20247977066539,48.77282100998767],[-125.20226337168067,48.77285211014511],[-125.20206057061569,48.772883010064966],[-125.20162767188383,48.772945310419125],[-125.20142527081502,48.77298510998629],[-125.20133047036528,48.772995910147706],[-125.2012764704404,48.77300591033796],[-125.20095007022361,48.77301221040069],[-125.20089527071683,48.7730042107077],[-125.20084087050965,48.77300531047348],[-125.20056687061242,48.77296551031019],[-125.2005256707196,48.772957310451986],[-125.2004712705634,48.77295841000863],[-125.20030687124536,48.77293451048867],[-125.20025167071071,48.77291761066243],[-125.20019697054579,48.772909610245954],[-125.20014217118043,48.77290171018142],[-125.20010097022404,48.772893510554056],[-125.20004577117088,48.77287651014734],[-125.20001817105656,48.77286801013792],[-125.19999097066817,48.77286861040843],[-125.19994937114073,48.772851410073336],[-125.19989457082512,48.77284341022603],[-125.19983937057586,48.772826510169054],[-125.19979777056459,48.77280931098089],[-125.19974257053563,48.77279231081637],[-125.19970097118532,48.77277511037879],[-125.19965947036673,48.77275791080605],[-125.19960427032429,48.77274101061962],[-125.19956267108135,48.77272381012555],[-125.19950746991363,48.77270691029648],[-125.19946547041972,48.772680710742975],[-125.1993823706982,48.77264631050776],[-125.19932716984229,48.77262931052607],[-125.19928517053839,48.772603110901514],[-125.19924357035349,48.772585910689095],[-125.19918837070396,48.77256901027503],[-125.19914647063152,48.77254281026827],[-125.19906327114998,48.772508410513566],[-125.19900767082902,48.77248251018691],[-125.19892447037148,48.772448110730664],[-125.19886926996098,48.77243111049897],[-125.19882776982226,48.77241391058973],[-125.19877217039271,48.772388010935245],[-125.19873057063053,48.77237081051499],[-125.19867537026082,48.77235391023097],[-125.19859217032968,48.77231951050402],[-125.19853706992787,48.772302510562064],[-125.19849547096788,48.77228531084476],[-125.19844027080488,48.772268410431316],[-125.19839867008791,48.77225121028597],[-125.19834347076994,48.77223421056429],[-125.1983018701264,48.77221701037929],[-125.1982466707523,48.77220011065819],[-125.1981635705601,48.77216571025397],[-125.19810837010003,48.77214881086748],[-125.19806676963717,48.7721316105864],[-125.1980115706104,48.77211461068191],[-125.19796997022101,48.77209741036121],[-125.19791487084233,48.77208051093009],[-125.19787327052626,48.77206331056978],[-125.1978180704585,48.77204631096935],[-125.19777647021586,48.7720291105694],[-125.19772127009065,48.772012210969535],[-125.19767966992141,48.771995010529906],[-125.19762446987995,48.77197811087669],[-125.19758297069764,48.77196091045985],[-125.19752777088166,48.77194391069948],[-125.1974861696502,48.77192671059131],[-125.19743096977615,48.7719098108314],[-125.19738937044833,48.771892611071976],[-125.197334170179,48.77187561040583],[-125.19729297018826,48.77186741081756],[-125.19723786955288,48.77185051062504],[-125.19719627036272,48.771833310785944],[-125.19714106966173,48.77181631122255],[-125.19709946992364,48.771799110544755],[-125.19704427037257,48.77178221057117],[-125.1970026701203,48.771765011063465],[-125.19694756973577,48.771748110711194],[-125.19690596955678,48.7717309111639],[-125.19685077031652,48.77171391102985],[-125.19680956995722,48.771705710440536],[-125.19669917031277,48.77167181049888],[-125.19665766939352,48.771654610524166],[-125.19660247020981,48.77163771030628],[-125.196561269386,48.771629510822734],[-125.19645087014186,48.77159561060594],[-125.19640927031693,48.771578410853756],[-125.19635446932884,48.77157041105988],[-125.1963128695683,48.771553211267644],[-125.19625776973866,48.771536310533826],[-125.19620297004315,48.77152831024425],[-125.19614777062044,48.77151141098332],[-125.19610656938778,48.77150321050993],[-125.19605137018215,48.77148621114158],[-125.19594176966658,48.77147031076376],[-125.19590056913573,48.77146211100249],[-125.19584536930013,48.77144521077319],[-125.19568106983745,48.77142131085372],[-125.19562666977924,48.771422411294644],[-125.19558546935674,48.77141421139993],[-125.19547586997322,48.77139821124117],[-125.19542146931823,48.77139931076689],[-125.19531186988878,48.771383410475906],[-125.19525747001728,48.771384410654285],[-125.1952026699751,48.771376511062975],[-125.1951482701099,48.77137751117962],[-125.19509346962359,48.77136951067364],[-125.1950390696171,48.77137061078216],[-125.19498426978188,48.77136261101329],[-125.19492996886339,48.77136371073684],[-125.19487516905787,48.77135571090603],[-125.19438556993572,48.771365011351456],[-125.19433077008263,48.7713571112642],[-125.19427636901287,48.77135811129852],[-125.19422156918934,48.771350211149304],[-125.19415356960651,48.77135151102324],[-125.19409876996465,48.771343510750654],[-125.19398996952664,48.77134561096816],[-125.19394956977425,48.77135531071375],[-125.19384156937755,48.77137541115717],[-125.19380116941151,48.77138521089515],[-125.19369396903514,48.771423211519625],[-125.19361386935486,48.771460710729855],[-125.19356066959519,48.77148871095447],[-125.19352066973774,48.77150751118149],[-125.19344136965388,48.771563010669816],[-125.19340136982409,48.771581710798756],[-125.19336176943563,48.77160951077384],[-125.19332206885507,48.77163721141397],[-125.1932960694068,48.77166471076234],[-125.19325646964379,48.77169241144807],[-125.19323046890955,48.77171991119505],[-125.19319116878852,48.771756711249026],[-125.19316516995423,48.77178411131967],[-125.19313956930786,48.77182061166632],[-125.1931135696268,48.77184811098426],[-125.19308786919223,48.77188461084814],[-125.1930618688501,48.77191211136848],[-125.19303626939762,48.77194851124069],[-125.19301027019117,48.771976011343035],[-125.19298456958869,48.772012511196834],[-125.1929585690999,48.77204001170246],[-125.19293296932733,48.77207651161853],[-125.19290686921303,48.77210391158496],[-125.19288126935669,48.77214041149603],[-125.19285526993015,48.77216791157631],[-125.19282956907583,48.772204411414954],[-125.19280396909113,48.77224091131927],[-125.19279156958667,48.77226811127036],[-125.19275546920163,48.77237671136999],[-125.19275706905817,48.77241271110624],[-125.19274496989276,48.77244891122841],[-125.19274926980478,48.772547811316656],[-125.1927372696786,48.77258401113528],[-125.19275136997632,48.77290761155673],[-125.19276657010292,48.77294331124889],[-125.19277157006235,48.773060211558665],[-125.19278677026128,48.77309591126808],[-125.19279146985949,48.773203811458515],[-125.19280667012723,48.773239511184],[-125.19280827021358,48.773275410981576],[-125.1928233702259,48.77331111144565],[-125.19282657028224,48.77338301111879],[-125.19284167034876,48.77341871159439],[-125.19284327031875,48.77345471146994],[-125.19285846951216,48.77349041163147],[-125.19286156993373,48.77356231087374],[-125.1928767691816,48.77359801104679],[-125.19287827010118,48.77363401126704],[-125.19289346938915,48.773669711447084],[-125.19289506956598,48.7737056113012],[-125.19290976963299,48.77373231112853],[-125.19292497019228,48.77376801090612],[-125.19292657024691,48.773804010827455],[-125.19294167054952,48.773839711343754],[-125.19295686996576,48.77387541154131],[-125.1929720706168,48.77391111133065],[-125.19297356995155,48.773947011148636],[-125.19298876943361,48.773982711355536],[-125.19300397015054,48.77401841115421],[-125.19301906997462,48.77405411088796],[-125.1930645708508,48.774161211447925],[-125.19306576961966,48.7741882111352],[-125.19317196948275,48.774438111391575],[-125.19317347021598,48.77447401086679],[-125.1932190698205,48.77458111161167],[-125.19322017081998,48.774608111250345],[-125.19326567035648,48.77471521075023],[-125.19326726952991,48.774751211204446],[-125.19329757004067,48.774822511210736],[-125.19329917045451,48.77485851126832],[-125.19331437054261,48.77489421154586],[-125.19331587005281,48.774930211545886],[-125.1933462697138,48.77500161131816],[-125.19334777061603,48.77503751086658],[-125.19336297081018,48.77507321116039],[-125.19336457008048,48.77510921166139],[-125.1933796706026,48.77514491148466],[-125.19338286991957,48.775216811245386],[-125.1933979704959,48.775252511080225],[-125.19341527065488,48.7756480113461],[-125.19340317050386,48.775684211191304],[-125.193406369902,48.77575611109675],[-125.19339437048323,48.77579241107766],[-125.19339747078203,48.7758643113342],[-125.19338547026734,48.77590051168403],[-125.19338697108341,48.77593651140816],[-125.19337497053907,48.77597271176651],[-125.19337657059343,48.77600861112363],[-125.19336447030526,48.77604481101296],[-125.1933660708229,48.77608081123444],[-125.19335407021937,48.77611701160979],[-125.19335557101628,48.77615301136366],[-125.19334317071483,48.77618021178501],[-125.19334477059806,48.776216211226064],[-125.19328457007667,48.77639721143901],[-125.19325897035192,48.776433711217166],[-125.19324647018985,48.776460911177054],[-125.19322247080524,48.77653341123883],[-125.1931967706403,48.77656991175117],[-125.19318477096044,48.77660611176115],[-125.19317237100256,48.77663331099694],[-125.19314667073313,48.77666981150957],[-125.19313467098156,48.77670601152687],[-125.1931090709387,48.77674251130746],[-125.19309657058783,48.77676971127938],[-125.19308457076467,48.776805911303974],[-125.1930589706174,48.77684241108491],[-125.1930332713307,48.77687891118521],[-125.19302087060665,48.77690611163911],[-125.19299527049573,48.77694251136105],[-125.19298317066675,48.77697881097433],[-125.192957171354,48.777006311559084],[-125.19293157112698,48.77704271127778],[-125.1929190704191,48.77707001131304],[-125.19289347074154,48.777106411829415],[-125.19286747066987,48.77713391160398],[-125.19284177103873,48.7771704116931],[-125.19281577089366,48.7771979114603],[-125.1927765706165,48.77723461168007],[-125.19275057038908,48.77726211143627],[-125.19272447103162,48.77728961150921],[-125.19268487105113,48.77731731170081],[-125.19265887071256,48.7773448114408],[-125.19257957063758,48.777400311345616],[-125.19255357080014,48.777427811864804],[-125.192514270362,48.77746451153099],[-125.19248827165124,48.77749201162854],[-125.19240907079124,48.77754751190193],[-125.1923829710333,48.77757501191171],[-125.19230377108705,48.77763051170511],[-125.19227777030548,48.7776580113744],[-125.19205317077079,48.77781521180392],[-125.19202707061378,48.777842711744775],[-125.19190817073947,48.777925911145736],[-125.19186827102494,48.777944711163926],[-125.19178897122636,48.77800021172978],[-125.19176287093721,48.778027611561974],[-125.191722870133,48.77804641145851],[-125.19168327061,48.778074111705095],[-125.19162967099403,48.77809311145646],[-125.19158967068924,48.778111912101394],[-125.19154997129749,48.77813961182054],[-125.19149637138155,48.77815871155854],[-125.19145637048975,48.77817741129739],[-125.19140277126084,48.77819641172887],[-125.1913622705642,48.7782062121787],[-125.19130907109601,48.77823421139004],[-125.19126907051356,48.77825301191167],[-125.19093257040655,48.77834031195035],[-125.19071567070357,48.77836241171832],[-125.19049807096452,48.77836661185026],[-125.19029247098608,48.7783345115687],[-125.19009927072857,48.77827521186535],[-125.18990497084164,48.778188912156025],[-125.18973786998883,48.77810211158759],[-125.18957037019939,48.77800641198335],[-125.18918787026934,48.77766271161891],[-125.18907357055794,48.77753901135222],[-125.18894566952875,48.777415411688],[-125.18860277084846,48.77704411207563],[-125.1885020701954,48.776920011871795],[-125.18842826968324,48.77678651162241],[-125.18834076984527,48.776653211939745],[-125.18825367035323,48.77652891182863],[-125.18813936997081,48.77640511217677],[-125.18801156981846,48.776281611968685],[-125.18789726899104,48.7761578117556],[-125.18776976968236,48.776043311637025],[-125.18760226940803,48.775947511798705],[-125.18742226980045,48.775878911624346],[-125.18722876989501,48.77581061175235],[-125.18702196925821,48.77575161190592],[-125.1868284693799,48.775683311672225],[-125.18664857008247,48.77561471222331],[-125.18648106923435,48.77551891222988],[-125.1863399693693,48.775404612518635],[-125.18617246989261,48.775308912118625],[-125.18597926958692,48.775249512541336],[-125.18577336928581,48.775208512549455],[-125.18556696943234,48.775158412443716],[-125.18537386900596,48.775099112635694],[-125.18517986934437,48.775021812485235],[-125.1849863691844,48.774953511997126],[-125.18479326872097,48.77489421268999],[-125.18458646896127,48.774835112230036],[-125.18439406903312,48.77479381234179],[-125.18417416870065,48.77474401278785],[-125.18355626905866,48.7746207127778],[-125.18314356903045,48.77452061230881],[-125.18295046835136,48.774461313051276],[-125.18258976929963,48.77430621271454],[-125.18239626883168,48.77423791288358],[-125.18217636793926,48.7741880128752],[-125.18199636888794,48.774119512414366],[-125.18184246897239,48.77402341283433],[-125.18137966814426,48.77370831212664],[-125.18122576854476,48.77361231258403],[-125.18105826750997,48.773516512859366],[-125.18089116846328,48.77342971236611],[-125.18055616771888,48.77323811244702],[-125.18041556764126,48.77313281240928],[-125.18027446809299,48.77301851303824],[-125.17999306727262,48.77280791280841],[-125.17982566833058,48.77271211295022],[-125.17964496712379,48.77262551246003],[-125.17947786790278,48.7725387130649],[-125.17932356755084,48.772433712304824],[-125.17916966782475,48.77233761316291],[-125.17901536777146,48.77223261239832],[-125.1788614676559,48.77213651244729],[-125.17839866700137,48.771821413201366],[-125.17824486646546,48.771725312927224],[-125.17778206708299,48.77141021286554],[-125.1776281665622,48.77131421334441],[-125.1774738670497,48.771209112920445],[-125.1773199667597,48.77111311338934],[-125.17716576662788,48.77100801265602],[-125.17699826708355,48.77091221295741],[-125.17684436611832,48.77081611274086],[-125.17667686686177,48.77072031296226],[-125.17650986712104,48.77063351324429],[-125.17614926636693,48.7704784132005],[-125.1759553660634,48.770401113442254],[-125.17577506717595,48.77032351318484],[-125.17558116706563,48.77024621312788],[-125.17541446636683,48.77016841341921],[-125.17524696690339,48.77007261343648],[-125.17509276609711,48.769967513074995],[-125.1749388661161,48.76987151346631],[-125.17475816604122,48.76978491290963],[-125.17456506636044,48.76972561297921],[-125.17435876612329,48.769675513151824],[-125.1741652665504,48.76960721346686],[-125.17399816583573,48.76952041294867],[-125.17383076583398,48.76942461328334],[-125.17365006574677,48.769338013231796],[-125.17348296536835,48.76925121352667],[-125.17309596533849,48.769114513300245],[-125.17291566557554,48.76903701301572],[-125.17272176580634,48.76895971327244],[-125.17254156608627,48.768882113188596],[-125.17236086556142,48.76879551374351],[-125.17219376516425,48.76870871361777],[-125.17203996542742,48.768612613966496],[-125.1719253654625,48.768479913279506],[-125.17186476489229,48.768337013687336],[-125.17184486514455,48.7681935138684],[-125.17185226518625,48.76804941346797],[-125.17192806556369,48.767913013066895],[-125.17205936526487,48.767802613074956],[-125.17223236527458,48.767709313214795],[-125.1724195653526,48.76763381353017],[-125.17262166493056,48.76758501348392],[-125.1728376658627,48.767545013374345],[-125.17305446559857,48.767522913385754],[-125.17325766591938,48.76750111348346],[-125.17348886541636,48.76749671298397],[-125.17392486591652,48.767506513097565],[-125.17414236532194,48.76750241361463],[-125.1743448651396,48.76746261328426],[-125.17453216573823,48.76738701317985],[-125.17469106523431,48.76728511321797],[-125.17476676510184,48.76714871321838],[-125.17478776533275,48.76700441354688],[-125.17479516540494,48.76686031308815],[-125.17478896487022,48.766716413054645],[-125.17471476587885,48.766573913369456],[-125.17461406518943,48.76644981282192],[-125.17448626473843,48.76632631302825],[-125.17435926599249,48.76622071321317],[-125.17421816545468,48.766106412636006],[-125.17390976463362,48.76589631303734],[-125.17374266520892,48.765809512981775],[-125.1735487647853,48.76573221352994],[-125.17335566477112,48.765672913024595],[-125.17314976473449,48.765631813582665],[-125.17293066434561,48.76559991304806],[-125.17271196493002,48.765577012874104],[-125.1725067644575,48.76555391330343],[-125.172287664793,48.76552211337411],[-125.1718509647169,48.76549431327527],[-125.17141506473378,48.765484513323564],[-125.1711966647804,48.76547071295359],[-125.17097876513311,48.76546581339721],[-125.17076116424016,48.76546991331796],[-125.17054316437059,48.76546501348374],[-125.16858496399813,48.765501914046],[-125.16836786356947,48.76551491348467],[-125.16793266457773,48.76552311385684],[-125.16771546396839,48.76553621338081],[-125.16749786373161,48.76554031354742],[-125.1670635641009,48.765566513846096],[-125.16684596305534,48.765570613748366],[-125.16662876434476,48.765583714018575],[-125.16642516411895,48.7655965141959],[-125.16599076324317,48.76562261432811],[-125.16577396377458,48.76564471435653],[-125.1651224632944,48.76568391455094],[-125.16490566429462,48.765706014226524],[-125.16468846313566,48.76571911455125],[-125.1644716631378,48.7657412144614],[-125.16425446371242,48.76575421414567],[-125.16382086332362,48.765798414337404],[-125.16360366343373,48.76581141456418],[-125.16317006363273,48.76585561423036],[-125.16296646358437,48.765868414316635],[-125.16253286402417,48.76591251467662],[-125.1623164634183,48.76594361465351],[-125.162099663757,48.76596561439197],[-125.16188316289937,48.76599671489942],[-125.16166636313098,48.76601881451681],[-125.16146356379834,48.76604961443285],[-125.16102996271927,48.766093714465576],[-125.15994396323298,48.766159015092505],[-125.15972646262237,48.76616311505387],[-125.15950926313793,48.76617621492079],[-125.1584213624979,48.766196615235266],[-125.15798536232596,48.76618671530332],[-125.1577678632746,48.766190815244435],[-125.15624206307702,48.76615641531763],[-125.15602376205246,48.76614251510777],[-125.15580576216817,48.7661376156101],[-125.1553690617089,48.76610981500923],[-125.15516466214405,48.76610461560634],[-125.15472796189442,48.766076815317476],[-125.1545092626798,48.766053915566815],[-125.15429096282367,48.76604001544849],[-125.15408536228624,48.76600781581295],[-125.15386626233318,48.76597591530048],[-125.15366076187816,48.76594381533536],[-125.15344166199192,48.765911915073126],[-125.15302986162406,48.76582961584513],[-125.15281036221248,48.76578871565408],[-125.15260446171455,48.76574761536112],[-125.15239816231835,48.765697515719275],[-125.15220506161982,48.76563811553001],[-125.15201166131857,48.765569715775555],[-125.15183136177946,48.7654921155118],[-125.15166396204401,48.7653963153557],[-125.15149696220706,48.76530951585655],[-125.15131596201287,48.76521391584151],[-125.15114896083219,48.76512701576744],[-125.1509947617965,48.765021915837885],[-125.15085416113756,48.76491661554382],[-125.15072676128281,48.7648020155927],[-125.15059896113344,48.76467851629626],[-125.15048486121752,48.764554615581446],[-125.15038426072533,48.7644306158245],[-125.15027016090556,48.76430671538046],[-125.15016956068493,48.76418261587366],[-125.15006856077605,48.76404961590293],[-125.14996806083025,48.76392551602822],[-125.14986706060202,48.763792415534375],[-125.14978016090237,48.763668115952186],[-125.14969276088117,48.76353481578534],[-125.14954526110243,48.76326761546137],[-125.14948476043497,48.7631248161681],[-125.14942466064652,48.762991016137796],[-125.1493035606713,48.762705315562485],[-125.14925695985251,48.76257131597451],[-125.14922366075419,48.7624279160808],[-125.14916315993729,48.762285115846815],[-125.14906255991357,48.76216101577664],[-125.14896166013571,48.76202801582898],[-125.14884136069685,48.76176031612449],[-125.14878086030936,48.761617515618674],[-125.14872066003686,48.761483616173166],[-125.14867375995564,48.761340615871056],[-125.14864046016196,48.76119721565948],[-125.14862066068504,48.76105371597767],[-125.14858735947024,48.7609103155129],[-125.14836615979567,48.760509615523375],[-125.14829196033213,48.76036701591122],[-125.14824545951635,48.760233016366065],[-125.1481849599503,48.76009011547646],[-125.14813795932189,48.759947115567776],[-125.14809145972059,48.75981301611024],[-125.14805815920413,48.7596697157901],[-125.14796425964254,48.759383515981305],[-125.14793095989958,48.75924021584823],[-125.14788435902808,48.75910611614268],[-125.14775105910624,48.7585328155483],[-125.14774495958969,48.75838891582323],[-125.14778705845745,48.7581003158979],[-125.147835659518,48.75796441582769],[-125.14788395834532,48.757819615720145],[-125.14794615829648,48.75768351557099],[-125.14799445850961,48.75753861590169],[-125.14807025921289,48.75740221597517],[-125.14814645809635,48.75727491555382],[-125.1482358592701,48.75713821576998],[-125.14832565857081,48.757010615458434],[-125.14853245878312,48.75675481574029],[-125.14864985830103,48.7566357157468],[-125.14876685956402,48.75650751578677],[-125.14888425893673,48.756388415207795],[-125.14901525820791,48.75626901576635],[-125.14927795866284,48.75604821595443],[-125.14958185896364,48.75583561566893],[-125.14974075838764,48.75573361560093],[-125.14988645879217,48.75564101562615],[-125.15004535857115,48.755539015518806],[-125.1502179590733,48.75543681519679],[-125.15053655856782,48.75525101582797],[-125.15070945955908,48.75515781556591],[-125.15088275869111,48.75507361559613],[-125.15107005800816,48.75499811522689],[-125.15125805799903,48.754940615100764],[-125.15166135842435,48.75482511524344],[-125.15187695823262,48.75477611543374],[-125.15207935873467,48.75473631525161],[-125.15228135881263,48.75468761535439],[-125.15293045822125,48.75459451505898],[-125.1531476592396,48.75458141453397],[-125.15335115929999,48.75456861480453],[-125.15356905875636,48.75457351510595],[-125.15378775972954,48.754596415177765],[-125.15400685868319,48.75462831490753],[-125.15421265940134,48.75466941522557],[-125.15459955918746,48.75480621466619],[-125.1551401588341,48.755039014953056],[-125.15532075889095,48.75512561497956],[-125.15548805877873,48.755221414785595],[-125.15564185888506,48.755317514561895],[-125.15578285961521,48.75543181493354],[-125.15592345991242,48.755537114992315],[-125.15605075974734,48.755651715118006],[-125.15630626031499,48.75589881503279],[-125.1564200596972,48.756013714755206],[-125.15656105942068,48.7561280151264],[-125.15672765940589,48.756205814532535],[-125.15716655989905,48.7562876149439],[-125.1573856606188,48.75631951447929],[-125.15758995975798,48.75632461492046],[-125.1577923604306,48.75628491419773],[-125.15797965965618,48.75620941485037],[-125.15816656077122,48.756124914562704],[-125.15833976045728,48.75604071472685],[-125.15851265977658,48.755947514140644],[-125.15867156069177,48.755845514790984],[-125.15883085997616,48.755752614227376],[-125.15914875986947,48.75554871414296],[-125.15929406054899,48.755447014100916],[-125.15961185929197,48.75524311419497],[-125.15990245987578,48.75503971434214],[-125.16033725975925,48.75470771416516],[-125.16046855986914,48.754597314492706],[-125.1606134604028,48.75448661386644],[-125.16075875997903,48.7543849139842],[-125.16088975963383,48.75426551385848],[-125.16103466036525,48.75415481392399],[-125.1611659605767,48.754044414306975],[-125.16131096068966,48.75393371414885],[-125.16144225948553,48.75382331424644],[-125.1615731600684,48.75370391450868],[-125.16183586012247,48.753483014466106],[-125.16196675973745,48.75336361393514],[-125.16209805989914,48.753253213741814],[-125.16235995963025,48.75301431408808],[-125.16249125949845,48.75290391389189],[-125.16272595984688,48.75266561366972],[-125.16284285939906,48.752537413704616],[-125.1630775593684,48.75229911373067],[-125.16319445986801,48.75217091349356],[-125.16329825930305,48.75205201370196],[-125.16341516004927,48.751923913750865],[-125.16351895945952,48.75180501342118],[-125.16362226009528,48.7516771141089],[-125.16371165917522,48.7515405136956],[-125.16380145953343,48.75141281361611],[-125.16389076026377,48.7512762138521],[-125.16398055951383,48.75114851373223],[-125.16405635996779,48.751012213331634],[-125.16415966005991,48.75088431380188],[-125.16424945948592,48.75075661400792],[-125.16435275957181,48.75062871398333],[-125.16447005916822,48.7505096133637],[-125.16457345945882,48.75038171411717],[-125.16469035980319,48.750253513720935],[-125.16479415939062,48.75013461310772],[-125.1648593595,48.750070413709736],[-125.16501475893851,48.749887513712046],[-125.165221460152,48.74963171363659],[-125.16531125953681,48.749504113455096],[-125.16540055921568,48.74936751361528],[-125.1654763599807,48.74923111330878],[-125.16552495994208,48.74909521359284],[-125.16558675911563,48.74895011333522],[-125.16568345851897,48.74866941334857],[-125.165690859055,48.74852531366088],[-125.1656711593077,48.74838171316854],[-125.16566495953829,48.74823791356864],[-125.16564515915768,48.74809431313006],[-125.16563895951946,48.747950513683755],[-125.16561915936296,48.747806913394925],[-125.16561295923563,48.74766311330305],[-125.16557345915191,48.74737591360448],[-125.16556725862404,48.74723211294331],[-125.16554745905044,48.747088513027336],[-125.1655413582988,48.746944713026075],[-125.16542305885797,48.746092213521315],[-125.16532295836285,48.74566221309234],[-125.16527595848355,48.745519213742384],[-125.16524255789696,48.74537581373716],[-125.16520305858153,48.745088713612105],[-125.16516965774616,48.744945413057955],[-125.1651103584034,48.74451461312965],[-125.16501065754079,48.74409361312004],[-125.16496365802662,48.74395061327235],[-125.16491715804294,48.74381651288539],[-125.16467525815864,48.74325421348557],[-125.16445405722146,48.742853513578375],[-125.16435305687192,48.74272051318988],[-125.16425255745736,48.74259641372974],[-125.16413835752033,48.74247261344471],[-125.1639978572033,48.74236731355073],[-125.16383045752318,48.74227151319948],[-125.16346935776001,48.74209831360926],[-125.1632892575048,48.74202071309627],[-125.16309585718274,48.74195241383637],[-125.16290285723791,48.741893013848305],[-125.16268535651623,48.7418971133697],[-125.16246905711868,48.741928213451786],[-125.16225315763401,48.74196821349866],[-125.16209425707878,48.74207021387003],[-125.16196295663835,48.74218061328084],[-125.16171435666315,48.74241021325593],[-125.16147975658484,48.74264851354057],[-125.16134885741364,48.742767913241124],[-125.16123185724058,48.74289611316852],[-125.16099725720524,48.74313441387843],[-125.16088025699896,48.743262513900746],[-125.16064565694457,48.74350091369285],[-125.16051475703112,48.74362031421792],[-125.1602634565388,48.743786913806744],[-125.16009055641038,48.74388011366209],[-125.15991735745605,48.74396431357276],[-125.15973015633114,48.74403981374419],[-125.15952855728928,48.74409761429148],[-125.15931145733565,48.74411061348769],[-125.15909315696206,48.74409681418168],[-125.15888665726689,48.74403771397597],[-125.15870645647583,48.74396011425542],[-125.15839815710808,48.74374991427878],[-125.15814345650436,48.74352081425073],[-125.1580429565784,48.74339671367113],[-125.15795525696795,48.743254414359335],[-125.15786175692834,48.74297721366205],[-125.157802456618,48.742546513807035],[-125.15779635563409,48.74240271395107],[-125.1577765562858,48.742259113633786],[-125.15777035665505,48.742115214173765],[-125.15773085610955,48.74182811408001],[-125.15769755623573,48.74168481419117],[-125.15765065621919,48.74154171393627],[-125.1575904559539,48.74140791411263],[-125.15732845567405,48.74100791389506],[-125.1571002555337,48.74076031412015],[-125.15697325631898,48.74065471439666],[-125.15667825548067,48.7404353139522],[-125.15652415531325,48.740330213996224],[-125.15637035563881,48.7402341145742],[-125.15620305551309,48.74013831406193],[-125.15604895520394,48.7400332142821],[-125.15588195501714,48.73994641442436],[-125.15571465497209,48.739850513944575],[-125.15553455519223,48.7397729145932],[-125.1553415546454,48.73971361416687],[-125.15513455523245,48.739645514554844],[-125.15494165449604,48.73958611423995],[-125.15452925524956,48.739485914661564],[-125.15370605457734,48.739321314390644],[-125.15348665506181,48.739280414449894],[-125.15328055535542,48.739230314763034],[-125.15307475453059,48.73918921455884],[-125.15268805466492,48.73905251469103],[-125.15248265404628,48.73902031443518],[-125.15164585460336,48.73885601428363],[-125.15144045456492,48.73882381424419],[-125.15101525426954,48.738741814774265],[-125.15080985443001,48.73870971465233],[-125.15059045373228,48.73866881467569],[-125.15017965480514,48.73860451457744],[-125.14996035430524,48.73856361491092],[-125.14911155428574,48.738435515307174],[-125.14889325390607,48.73842161542647],[-125.14867545424697,48.738416614729736],[-125.14825185360986,48.73837051525488],[-125.14804565360089,48.73832041492152],[-125.14762045370294,48.73823841553911],[-125.14678525325046,48.738110015141736],[-125.14634735391681,48.738046214796555],[-125.14614225410989,48.73802301511825],[-125.14592335292227,48.7379911152224],[-125.14549965407596,48.73794501526444],[-125.14484505315964,48.737903214935244],[-125.14440935398258,48.73789331558024],[-125.14419185275213,48.73789741513073],[-125.14397475329132,48.73791041574494],[-125.14375845359106,48.73794141506974],[-125.14335605360002,48.738074915330095],[-125.14318285345927,48.73815911575038],[-125.14311985354777,48.73827721535111],[-125.14319395292559,48.73841981585021],[-125.14330845330613,48.738552616016484],[-125.14342245338321,48.738676415967106],[-125.14356295293508,48.7387818159412],[-125.14371705421529,48.73888691569806],[-125.14387075293705,48.73898301523518],[-125.14402485330616,48.7390881153982],[-125.144152553181,48.739211715633495],[-125.1444071534201,48.73944081603939],[-125.14463535419375,48.739688515654244],[-125.14474905311204,48.73980331548049],[-125.14486315410494,48.73992721491605],[-125.14496405423873,48.740060214900296],[-125.1450377539647,48.74019381572435],[-125.1450710535513,48.74033721531545],[-125.14505605377175,48.74062531513495],[-125.14503505409547,48.740769715133645],[-125.14498675366535,48.740914515460815],[-125.14491095401792,48.74105091588503],[-125.1447936537869,48.741170015140305],[-125.14453095384725,48.741390815742044],[-125.14438605412603,48.74150151563458],[-125.14408225402028,48.74171411562346],[-125.14392335362861,48.741816015668455],[-125.14376405399909,48.741908915744936],[-125.1435907544107,48.74199311547287],[-125.14338955407557,48.74205991555888],[-125.14299995482656,48.74217511582496],[-125.14258245447562,48.74227281571504],[-125.14238005425665,48.7423126152876],[-125.1421629539804,48.7423256154905],[-125.14194625410134,48.742347616159755],[-125.14129725434366,48.74244071563541],[-125.14067665394212,48.74256021644359],[-125.14047465351314,48.74260891617375],[-125.1400714545568,48.74272431631986],[-125.13988385423711,48.74279081649484],[-125.13969695376842,48.74287531574455],[-125.13953805305789,48.74297721612109],[-125.13939315394909,48.74308781581008],[-125.13927575388429,48.743207016647126],[-125.13917235401442,48.743334816537974],[-125.13912365456781,48.743470716198075],[-125.13910265464789,48.743615016258644],[-125.13910875416454,48.74375891596403],[-125.13920245391598,48.74404501591342],[-125.13926255465037,48.74417891645681],[-125.13937665454488,48.74430271634095],[-125.1395043540195,48.7444263159476],[-125.13963165421833,48.744540916410834],[-125.13977215490274,48.744646216230116],[-125.13991305430248,48.744760616585786],[-125.14005355459656,48.74486591569146],[-125.1403882545241,48.74505761611848],[-125.14052915456003,48.74517201656828],[-125.14062965413147,48.74529611626787],[-125.14070335490291,48.745429616132434],[-125.14076375453773,48.7455725158247],[-125.14081065518253,48.745715516431126],[-125.14085015522046,48.7460027161008],[-125.14088345445593,48.74614601614943],[-125.14089565454533,48.74643371617833],[-125.14087415530503,48.746569115862684],[-125.14083955502825,48.74671371604445],[-125.14071545551599,48.74699491614574],[-125.14063955478304,48.74713121598923],[-125.14057735485422,48.74726731641068],[-125.14050155496818,48.74740371604156],[-125.14041165481211,48.74753131635345],[-125.14020485583306,48.74778711623224],[-125.14005995523587,48.747897716424326],[-125.13992855491387,48.74800811644822],[-125.13981155543982,48.74813631599467],[-125.1396319550531,48.7483915162136],[-125.13955615494164,48.74852791604454],[-125.13927345572863,48.74892001660902],[-125.13917045544515,48.74905691677061],[-125.13906705541139,48.74918471644719],[-125.13896325574855,48.74930361651413],[-125.13884545537519,48.749413816271066],[-125.13865825504288,48.749489216277375],[-125.13821185560313,48.74955151667761],[-125.13799515604187,48.74957351681019],[-125.13778935560212,48.74953231656389],[-125.13759635501637,48.74947291714697],[-125.13741615444991,48.74939531663997],[-125.13722245552671,48.74931791662578],[-125.13705545485323,48.749231117225555],[-125.13687495494769,48.749144416678675],[-125.13670755561688,48.74904861673645],[-125.13655345551268,48.748943516860884],[-125.13641255498858,48.74882911659044],[-125.13628525433224,48.74871451682489],[-125.13604385480208,48.7484761164448],[-125.13594335518032,48.74835201653757],[-125.13584255410021,48.748218916759924],[-125.13576885451798,48.74808531701467],[-125.13570875485038,48.747951516814965],[-125.13564825453142,48.74780871709709],[-125.13558165384686,48.74752201666731],[-125.13554235426449,48.74723481650272],[-125.13551185380025,48.74651571684052],[-125.13551935421539,48.74637161665957],[-125.1355071532585,48.746083916671026],[-125.13551465361282,48.7459398167243],[-125.13550855425633,48.7457960165365],[-125.13548885440896,48.7456524164707],[-125.13544195343374,48.745509316599865],[-125.13534245349067,48.74508831707606],[-125.13510845398626,48.74438191664988],[-125.13498795364016,48.74410521633264],[-125.13484015297057,48.74382911722451],[-125.13475295302544,48.74369571705516],[-125.13465245403566,48.74357161692079],[-125.13453875386021,48.743456816915604],[-125.13439785351486,48.743342417014546],[-125.13393565260716,48.74302711673714],[-125.13379515322097,48.742921816389824],[-125.13369425288329,48.74278871706932],[-125.13363415307833,48.74265481708609],[-125.1335469530236,48.742521516495316],[-125.13340645296718,48.74241611696715],[-125.13321265302973,48.7423388171108],[-125.13303215181593,48.74225211667876],[-125.13289165244487,48.742146816957614],[-125.13277765320697,48.742022917069576],[-125.13266395263335,48.74190811678627],[-125.13243585208096,48.741660416956975],[-125.13233495299536,48.741527316881935],[-125.1322208516929,48.741403516963835],[-125.13212045254276,48.741279417084],[-125.13201955233194,48.74114631688893],[-125.13191905234156,48.74102221719744],[-125.13184545192208,48.74088861716376],[-125.13175815216441,48.740755216522835],[-125.13168455242466,48.740621716542044],[-125.1316104525125,48.74047911708168],[-125.13155035170034,48.74034521662988],[-125.13151715203287,48.74020191726],[-125.13147775208158,48.73991471660184],[-125.1314656519208,48.739627117022934],[-125.1314867516142,48.73948271743859],[-125.13154895106713,48.73934661695735],[-125.13162485245785,48.739210317125426],[-125.13171425183333,48.73907371641734],[-125.13181765188308,48.73894581658918],[-125.13196255126941,48.7388351167747],[-125.1321358513743,48.738751017008546],[-125.13232345175416,48.7386845168479],[-125.1325107511835,48.738609116460616],[-125.13271195224188,48.73854241673849],[-125.13289955202016,48.738475917104935],[-125.13310115163529,48.738418217052555],[-125.1332883519285,48.73834281667465],[-125.13347595173381,48.73827631635609],[-125.13366325096744,48.738200916627505],[-125.13385005147069,48.73811641713738],[-125.13400935227989,48.73802351677106],[-125.1341542521909,48.73791291682606],[-125.13427165186994,48.73779371657883],[-125.13437505167623,48.737665916994516],[-125.13443735148849,48.737529816831476],[-125.13451315126291,48.73739341660959],[-125.13456145078996,48.73724861644987],[-125.13459605138124,48.73710401612826],[-125.13461755192166,48.73696861633081],[-125.13459745117036,48.73681601609148],[-125.13453745204497,48.73668221667086],[-125.13443655149524,48.73654911651579],[-125.13432285201665,48.7364343165998],[-125.13420885121485,48.73631041633371],[-125.13394035090452,48.73607251663847],[-125.13367255108528,48.73585251656804],[-125.1335053513176,48.73575661607428],[-125.13333845043735,48.7356698167996],[-125.13297745044167,48.73549651683245],[-125.13279735112796,48.73541891675252],[-125.13261765062425,48.7353502162764],[-125.13241115052345,48.73529111675323],[-125.13219295060374,48.7352771171332],[-125.13197585042018,48.73529011631339],[-125.13175915083512,48.73531211695308],[-125.13154284985156,48.735343116659045],[-125.13112305034728,48.73538691687057],[-125.13068895079722,48.73541291646902],[-125.13047145060834,48.735417016757296],[-125.13025434985164,48.73543001687421],[-125.12981875088097,48.73542001728381],[-125.12959935080947,48.73537911677407],[-125.1294192501341,48.7353014172473],[-125.12927885046963,48.7351961173642],[-125.12915115026851,48.73507251729821],[-125.12884945026805,48.734691217203164],[-125.12867494978389,48.73442451757264],[-125.12861494984985,48.734290717420414],[-125.128608849857,48.73414681679911],[-125.1285484493177,48.73400401724531],[-125.12832704935218,48.733594217482185],[-125.12824025021135,48.733469917144625],[-125.12813944963122,48.73333681673372],[-125.1280253488947,48.73321301708105],[-125.12792495009009,48.73308891725404],[-125.12746884973117,48.73259351721133],[-125.12734154884176,48.732478817474735],[-125.12720114985255,48.73237351737512],[-125.12703384945786,48.73227761738129],[-125.12687984903202,48.73217251697856],[-125.12662534844961,48.73194331724377],[-125.12651134858497,48.73181941740119],[-125.12638404930051,48.73170481678953],[-125.12592794815949,48.731209417463546],[-125.12581434869091,48.73109451697862],[-125.12571354936034,48.73096141730254],[-125.12562624864658,48.73082811678396],[-125.1255122489792,48.73070431715424],[-125.12538504904697,48.73058961745945],[-125.12527104890765,48.7304658172651],[-125.12488934749804,48.730122017191015],[-125.12474854793194,48.7300076179338],[-125.1246208482806,48.72988401686205],[-125.12407164743213,48.72943531756457],[-125.12379074789527,48.72922451693392],[-125.12363674737892,48.729119417090736],[-125.12300814750373,48.728726117732364],[-125.12284094683956,48.728630317322974],[-125.12253284793057,48.72842001713841],[-125.12225204703957,48.72820931752233],[-125.1220980471524,48.72810411803692],[-125.12194434664767,48.7280080175661],[-125.12177714736625,48.72791211796654],[-125.1216235478949,48.72781601760395],[-125.1212890468222,48.72762421786827],[-125.12081414752637,48.72732711754412],[-125.12064694686501,48.72723121747361],[-125.1204929463757,48.72712611749967],[-125.12035254639716,48.72702071775676],[-125.12009814671924,48.72679151782025],[-125.11995734588629,48.726677117566105],[-125.11980334673045,48.72657201752593],[-125.11964964651374,48.72647581759101],[-125.11948244584678,48.72637991785078],[-125.11932884633325,48.726283818063],[-125.1189811464067,48.72610131826509],[-125.11880114657896,48.72602361776427],[-125.11863434565082,48.72593671800783],[-125.11845384618117,48.72585001790398],[-125.11827384627428,48.725772418144366],[-125.11810694541992,48.725685517819066],[-125.1179265464999,48.72559881777222],[-125.11756644614012,48.72544351756684],[-125.11738604541377,48.725356917849744],[-125.11720604508429,48.7252792178373],[-125.11702564492867,48.72519251787092],[-125.1168455454524,48.72511491792015],[-125.11666514553544,48.72502821774059],[-125.11630504628482,48.72487291801973],[-125.11612464576696,48.72478631776001],[-125.11555434505871,48.72448181807693],[-125.11522034528954,48.72429901862886],[-125.1145258448511,48.7239519180319],[-125.11415254547984,48.723805818542054],[-125.11376644534272,48.723678017953695],[-125.1134060450247,48.723513618082464],[-125.1130588452002,48.72334011811168],[-125.11269834432109,48.72317571849264],[-125.11232514388627,48.72302961860882],[-125.11117924443396,48.72261881884738],[-125.11081924460684,48.72246351849115],[-125.11047204394701,48.72228991879928],[-125.11012444413016,48.72210731842265],[-125.1097644435233,48.721952018491045],[-125.10936514321494,48.72183331855507],[-125.10904434382743,48.72164131872172],[-125.1087499441564,48.72143071862518],[-125.10841564295718,48.72123891870745],[-125.10806874379163,48.72107431905644],[-125.10734794362928,48.72074561855719],[-125.10698794381449,48.72059031920276],[-125.10662754272133,48.72042591907426],[-125.10628044278918,48.72025241924116],[-125.1059464429601,48.720069518646554],[-125.10557284244028,48.71991441879397],[-125.10518714332567,48.71979551921568],[-125.10481354261354,48.719640419418894],[-125.10445354204487,48.719485018945754],[-125.10409314247642,48.71932071898305],[-125.10342524192325,48.718955018947554],[-125.10302604232642,48.71883631898332],[-125.10263994242176,48.71870841915814],[-125.10226674116046,48.718562319321244],[-125.10187994158197,48.71841641947107],[-125.10113354104091,48.71812411971735],[-125.10074754094254,48.71799621930955],[-125.10034834137988,48.71787761923505],[-125.0999494410738,48.717767919624244],[-125.09953704174748,48.71765842000122],[-125.09915134122011,48.71753951955868],[-125.09875214063645,48.71742081951849],[-125.09836604144671,48.717292919839274],[-125.09796644061932,48.71716522006682],[-125.0975801405661,48.71702831992149],[-125.09720724072169,48.71689121968555],[-125.09686054053122,48.716726519666395],[-125.09652624037277,48.71653472053746],[-125.09611423996299,48.71643422033973],[-125.09576744001944,48.71626961978068],[-125.09543314001299,48.71607782004532],[-125.0950864395839,48.71591311984313],[-125.09436583940304,48.71558431989565],[-125.09400584000984,48.715429020112325],[-125.0932463391434,48.71514592070985],[-125.09285993946202,48.71500892071741],[-125.09249963962075,48.71484452010212],[-125.09215253940039,48.71467092053375],[-125.09180583948542,48.714506320396985],[-125.09141943951829,48.714369320635605],[-125.09103353851289,48.71424142057258],[-125.09063393953525,48.714113720616574],[-125.09024833880703,48.71399472029461],[-125.08905083841637,48.71363862057998],[-125.08866483831899,48.713510620469265],[-125.08826523843325,48.71338292115369],[-125.08787963807859,48.71326402100604],[-125.08746803816736,48.713172521184056],[-125.08663193824087,48.713007720853],[-125.08537203853408,48.71278762122157],[-125.08452383767614,48.71265902104109],[-125.08408653711747,48.712603921147135],[-125.08366313778434,48.71255762082337],[-125.08280363713291,48.712483221734274],[-125.08236743711142,48.71245512184876],[-125.0819319372474,48.71244502163107],[-125.08149573643358,48.712416921419866],[-125.08106063701693,48.712415721356834],[-125.08064253655921,48.712495322047744],[-125.08023903718468,48.71260152135745],[-125.07986453705203,48.71275222195631],[-125.07957463621281,48.71297342178211],[-125.0794087371866,48.71323732154324],[-125.07931153705928,48.71351792168933],[-125.07929623716271,48.71380612217836],[-125.07944323663483,48.71407342178832],[-125.07964453716751,48.71433962233005],[-125.07981833727726,48.71459742167027],[-125.07991133734414,48.714874622165716],[-125.07986883709194,48.71516332196073],[-125.07970333763598,48.71543622217591],[-125.07945443792819,48.7156656216541],[-125.07913693756747,48.71587832220949],[-125.07874293746762,48.715885422253],[-125.07830483739035,48.71581232206976],[-125.07791893747122,48.71568432181519],[-125.07682523648556,48.71520922216258],[-125.07645183697996,48.71505402212507],[-125.07607873718769,48.714907821968914],[-125.07569353663035,48.71479782237035],[-125.07525653731253,48.714751722372625],[-125.07482073599695,48.71473252221839],[-125.07437273607788,48.71474962244527],[-125.07395383705081,48.714811122578546],[-125.0735352368685,48.71488162293],[-125.07228173662149,48.715147122324055],[-125.07186313586011,48.71521762267998],[-125.07144203665145,48.71522522299162],[-125.07100843617646,48.7152600233841],[-125.0705721363011,48.71523182274683],[-125.07014883612094,48.71518552282736],[-125.06971143617417,48.715130423443824],[-125.06928773672449,48.71507502310764],[-125.06801543555719,48.71488192279714],[-125.06592023480641,48.71451472373033],[-125.06508413480421,48.71434972342722],[-125.06467213545736,48.71424912361684],[-125.06427303480375,48.71413032382505],[-125.06387433455586,48.71402052386256],[-125.06303823517364,48.71385562387716],[-125.06266513487287,48.71370932324925],[-125.06230533479102,48.713553823910544],[-125.06110793416373,48.713197424174055],[-125.06069603351776,48.71309682376549],[-125.06028473411834,48.71301422400879],[-125.05986073481094,48.712949824156425],[-125.05857593349137,48.71278382415128],[-125.0581526340629,48.71273742384247],[-125.05772893393429,48.712682023907725],[-125.05730483337874,48.71261762434741],[-125.0568800337627,48.71253522397839],[-125.05603333311953,48.712442424181496],[-125.05430073283897,48.71229342515114],[-125.05387743346733,48.71224692460699],[-125.05214483237478,48.71209792468127],[-125.0512860321186,48.71204122472591],[-125.05085023243726,48.71202202557378],[-125.05041403234613,48.71199372503953],[-125.04997853221738,48.7119835247234],[-125.04910693205075,48.71194502504209],[-125.04868503230179,48.71193452495247],[-125.04781343216892,48.7118961252385],[-125.04737803207256,48.71188582539997],[-125.04607053152536,48.711828125357584],[-125.04563543158005,48.71182682603743],[-125.0452125313987,48.711789326259904],[-125.044775631841,48.7117431257705],[-125.04435113217154,48.71166972589526],[-125.04394003197744,48.71158702603375],[-125.0435280312709,48.71148642587827],[-125.04315543135964,48.711349026043685],[-125.0427821311677,48.71119372554552],[-125.04242233039751,48.71103812608939],[-125.0420622312144,48.71087362586861],[-125.041368430441,48.71052602573567],[-125.04106123113185,48.71032452597917],[-125.04075363079063,48.71011412649649],[-125.04034203007971,48.7100224259423],[-125.03999513061302,48.70984862628373],[-125.03960933036001,48.70972052655334],[-125.03919713009256,48.7096108262749],[-125.03837403054077,48.709427526473135],[-125.03796323000265,48.70935382674476],[-125.03753922947035,48.70928932651492],[-125.03710272970362,48.70925202643138],[-125.03666652954165,48.7092237270874],[-125.03623072891564,48.70920452673708],[-125.03579463002934,48.709176226889454],[-125.03493662905036,48.709137426796644],[-125.03450122922641,48.7091271267577],[-125.03406542883067,48.709107827425434],[-125.03319452918437,48.7090872264915],[-125.03101922889962,48.70908062699841],[-125.03058382835798,48.70907022727786],[-125.03014802813654,48.70905092707076],[-125.02929072833435,48.70903012729374],[-125.02798232782216,48.708945127303004],[-125.02755902836768,48.70889862748537],[-125.02669962792116,48.708823827385515],[-125.02583942760549,48.70873092774891],[-125.0249786277202,48.708620127518756],[-125.02414272726413,48.70845492827056],[-125.02331972711235,48.708271427973074],[-125.02252252768703,48.708051528035384],[-125.02132552638189,48.70769462862807],[-125.02093972653347,48.707566528129746],[-125.0205669268373,48.707420128105156],[-125.01908782674619,48.70680722817731],[-125.01872822618796,48.70665162815618],[-125.01835492599469,48.706496228634414],[-125.01760922617726,48.706203428396535],[-125.01723672545118,48.70606592859593],[-125.01646452573767,48.70579162884394],[-125.01452232485443,48.70515082874352],[-125.01372442450658,48.70491282901579],[-125.01333902505809,48.70479362896215],[-125.01174332497379,48.70431772946995],[-125.01135792392763,48.704198529037875],[-125.01094582370227,48.70408872931949],[-125.01012292408488,48.70390512930735],[-125.00971112424357,48.703804429458124],[-125.00724252287056,48.70325362952505],[-125.00599572279509,48.703005429856375],[-125.0051472239197,48.70285833013575],[-125.00473612316722,48.70277552969939],[-125.00392612324045,48.70257362980383],[-125.00350192300647,48.702500030454196],[-125.00307832257951,48.70244443033458],[-125.00266622209037,48.70233463019011],[-125.00226802207169,48.70223362994652],[-125.00184332211239,48.702151030766785],[-125.00143302188,48.70208623013622],[-125.00140552179975,48.70207773044274],[-125.00137832203474,48.70207813044086],[-125.00132332312677,48.70206113060742],[-125.00129612276386,48.702061630609016],[-125.00124112269329,48.7020445303108],[-125.00121392234009,48.7020450302891],[-125.00115892233298,48.70202803077186],[-125.00114532215714,48.70202823033684],[-125.00111782217283,48.70201973056291],[-125.00109062183427,48.70202023050626],[-125.00103552177262,48.702003130624725],[-125.00100842218892,48.7020036308133],[-125.0009809216318,48.70199513020085],[-125.00095372191608,48.701995530078605],[-125.00089862315895,48.70197853053897],[-125.00088512253423,48.70197873074388],[-125.00083002200132,48.70196173077393],[-125.0008029218253,48.70196223010433],[-125.0007753218248,48.70195373076586],[-125.00074822226239,48.701954130054084],[-125.00069312243359,48.70193713080734],[-125.00066602227177,48.70193763009907],[-125.0006384229244,48.70192903069535],[-125.00061132155831,48.701929530379765],[-125.000597322354,48.70192083029365],[-125.00056982195127,48.701912230747716],[-125.00054262167558,48.70191273053575],[-125.00048762211237,48.70189573064274],[-125.00046042245626,48.70189613038075],[-125.0004329226965,48.701887630415044],[-125.00040572243512,48.70188813016427],[-125.00035072175046,48.70187113060258],[-125.00032352210893,48.70187153030181],[-125.0003096225194,48.70186283085304],[-125.00028242227255,48.70186333056731],[-125.0002274222805,48.701846230909965],[-125.00020022204342,48.70184673060092],[-125.00017272236848,48.70183823056234],[-125.00014552153769,48.70183863061923],[-125.00009052223156,48.70182163050367],[-125.00006332200877,48.70182213015588],[-125.00003582237754,48.701813630078895],[-125.00002192165209,48.70180483017168],[-124.99999472205585,48.70180533060458],[-124.99996722244947,48.70179683050853],[-124.99994002164347,48.70179723050717],[-124.99988502247437,48.70178023027664],[-124.99985782289242,48.70178073067072],[-124.99983032211571,48.70177213011754],[-124.99980312253837,48.70177263049614],[-124.99974812224794,48.70175563059695],[-124.99973452276996,48.70175583076224],[-124.99970702203956,48.701747331001386],[-124.9996798218602,48.701747830544875],[-124.99962482226375,48.701730730550025],[-124.99959762209414,48.70173123007023],[-124.99954262255733,48.70171423085619],[-124.99951542180064,48.70171463073454],[-124.99948792235021,48.701706130504256],[-124.99946072281145,48.70170663078577],[-124.99944682224154,48.70169783079892],[-124.99941922207152,48.701689330279315],[-124.99939212146182,48.70168983041956],[-124.99936462205251,48.701681330154734],[-124.99933742193195,48.701681730782774],[-124.99928232120395,48.70166473035253],[-124.99925522243383,48.70166523084618],[-124.9992001223734,48.701648130343195],[-124.99918662123365,48.70164843033586],[-124.99915902237802,48.701639830516626],[-124.99913192179714,48.70164033058338],[-124.99907682182281,48.701623330838075],[-124.99904972246028,48.70162383047356],[-124.99899462194529,48.70160673106367],[-124.99896752259251,48.7016072306759],[-124.99893992136985,48.701598730429644],[-124.99892632193874,48.70159893048039],[-124.99887132222922,48.701581930090505],[-124.99884412216821,48.701582330578766],[-124.99878912130475,48.701565330550956],[-124.99876192184865,48.70156583063443],[-124.99870692165392,48.70154873053405],[-124.99867972220754,48.701549230594225],[-124.99866582185284,48.70154043049962],[-124.9986386224113,48.70154093054815],[-124.99858362168492,48.70152393040537],[-124.99855642225309,48.70152443043061],[-124.99850142219593,48.70150733021526],[-124.99847422156503,48.70150783062529],[-124.99844672125107,48.701499330511716],[-124.99843272204298,48.70149053050589],[-124.99840562154951,48.701491030367535],[-124.99835052146985,48.701473930596876],[-124.99832342160265,48.70147443123545],[-124.99826832217192,48.701457431037205],[-124.99824122231291,48.70145783082588],[-124.99821362133486,48.70144933037576],[-124.99819972232065,48.701440630635645],[-124.998172621263,48.70144103081303],[-124.99811752193685,48.70142403053043],[-124.99809032135519,48.70142453083163],[-124.99803532161789,48.701407430355964],[-124.99800812104597,48.70140793063385],[-124.9979942220879,48.70139923086539],[-124.99796672134875,48.701390630999455],[-124.99793952199572,48.701391130849835],[-124.99788452174734,48.701374130316516],[-124.99785732181115,48.70137453052516],[-124.99780222149052,48.70135753047412],[-124.99778872166668,48.70135773104363],[-124.99773362139571,48.701340730954364],[-124.99770652099038,48.701341230618596],[-124.99762392197943,48.70131563091366],[-124.99761032142465,48.70131583118606],[-124.99750022192443,48.70128183104997],[-124.99748632190455,48.70127303079356],[-124.99743122186656,48.70125603053631],[-124.99741732186963,48.70124723027081],[-124.99738982134694,48.701238731071335],[-124.99734802188141,48.70121243039963],[-124.99732052139548,48.701203931181425],[-124.99726472132457,48.70116893075222],[-124.9972372214762,48.70116043030335],[-124.99722292141416,48.701142631241204],[-124.99719542159136,48.70113413078126],[-124.99713962171698,48.7010991302886],[-124.99708462098967,48.70108203090604],[-124.9970703209933,48.701064330644655],[-124.99704282186899,48.70105583094363],[-124.9970288218929,48.701047031156065],[-124.99697382125291,48.70103003053162],[-124.99695952073004,48.701012230638895],[-124.9969319209194,48.70100373063507],[-124.99691802110833,48.70099503113222],[-124.99686302119936,48.7009779304213],[-124.99680722121597,48.700942930964445],[-124.99675222141795,48.70092593101999],[-124.99669642097905,48.700890930705484],[-124.99664142191263,48.70087383067461],[-124.99659962085923,48.70084753052966],[-124.99657212197154,48.7008390307009],[-124.9965581215469,48.70083033087825],[-124.99648912100506,48.70080453134829],[-124.9964473213245,48.700778230735885],[-124.99637832093595,48.70075243113142],[-124.99633652137314,48.70072623130239],[-124.99626752052129,48.700700430823275],[-124.99622572169895,48.700674130924945],[-124.99615682174223,48.70064833064497],[-124.99611492109007,48.70062203083804],[-124.99604602128659,48.70059623048367],[-124.99600412196037,48.70057003105191],[-124.99593522110104,48.700544231031216],[-124.99589342081606,48.700517930611696],[-124.99582442119353,48.70049213063481],[-124.99578262164594,48.70046583097245],[-124.99571362155565,48.700440130947214],[-124.99567182030358,48.70041383084969],[-124.99564422114517,48.70040533049517],[-124.99560242058752,48.70037903117105],[-124.99553352028687,48.70035323088086],[-124.99547772102774,48.70031823114243],[-124.99542272078673,48.70030113126698],[-124.9954084205454,48.70028343121844],[-124.99533942160436,48.70025763091609],[-124.99532512082607,48.70023983123999],[-124.99525612138537,48.700214130908144],[-124.99521432064348,48.70018783063398],[-124.99518682125749,48.700179330837955],[-124.99517252057029,48.70016153114439],[-124.99510352076477,48.700135731092566],[-124.99508922071384,48.7001180310075],[-124.99506172139873,48.70010953117795],[-124.99500602056753,48.700074430662234],[-124.9949784211736,48.700065931335565],[-124.99496412119895,48.70004823123653],[-124.994895220622,48.70002243092886],[-124.99488092132015,48.700004630794396],[-124.99252802079397,48.69858793129101],[-124.99122001975603,48.697818831416335],[-124.9899386191068,48.69703123192464],[-124.98928511967357,48.696655731374854],[-124.9885918192999,48.69630783135695],[-124.98785961880385,48.69600553204803],[-124.98708841830641,48.69574893212832],[-124.98629081806234,48.695510832157034],[-124.98546711801104,48.69530013173273],[-124.98464451843779,48.695116332011494],[-124.98380901823306,48.69495083151787],[-124.98297381742613,48.6947942326312],[-124.9821261179099,48.69466493185687],[-124.9812788180055,48.694544532313564],[-124.97955851778421,48.69434013271241],[-124.97869861753739,48.694247032478316],[-124.97783921670253,48.69416283311432],[-124.97697941694707,48.69406963272968],[-124.97440201676075,48.693843933106464],[-124.97181221630528,48.69364533338473],[-124.9709402157148,48.693588333114285],[-124.97005611471656,48.693567433473724],[-124.96917231533205,48.69355553363128],[-124.96830171531663,48.693534433748525],[-124.96744331488064,48.693477133769264],[-124.9666096143698,48.69335643423243],[-124.96582611532378,48.69312693419284],[-124.96509411497469,48.69282453382532],[-124.96437391491467,48.69247693400079],[-124.96364121433565,48.69215653381858],[-124.96285661351209,48.691900034306215],[-124.96204701322031,48.69169793439705],[-124.96121091403835,48.691514234584886],[-124.96037521320186,48.69133953465545],[-124.95956551336404,48.691137334523305],[-124.95878141347204,48.69088983471851],[-124.95804981244677,48.69059633480585],[-124.95734321226779,48.69024853517535],[-124.95666351278948,48.68989113482659],[-124.95596961279458,48.689516135087736],[-124.95528991202369,48.68915873536637],[-124.95458371166643,48.68881993571761],[-124.95385181209957,48.68851743479289],[-124.95308131108563,48.68826953535295],[-124.95228531086578,48.688067135625325],[-124.95146331095827,48.68789213567647],[-124.9506283112848,48.68773533521169],[-124.94976691048055,48.68759703567049],[-124.94891951118097,48.68746743555883],[-124.94805881040598,48.68734703633268],[-124.94636320995443,48.687069836579866],[-124.94552790999383,48.68690393648125],[-124.94470550959923,48.686719936308535],[-124.94388280974808,48.686526936366775],[-124.94307270958566,48.686306636712416],[-124.94228900878052,48.686067936644996],[-124.94150430958973,48.685802336246844],[-124.94075990863163,48.685526937010046],[-124.94001460875488,48.68522463652007],[-124.93928210784581,48.68490403658367],[-124.93856330796841,48.68458333671439],[-124.93784410766965,48.6842535367216],[-124.93640640703264,48.68361193683823],[-124.93570050730494,48.683272937343695],[-124.93499490800738,48.68294293717719],[-124.93358310723076,48.682264837145325],[-124.93286390702609,48.6819350372548],[-124.93214510601979,48.68161423718299],[-124.9314135068731,48.68131163735585],[-124.93066860609798,48.68101823718341],[-124.92989690581763,48.680734237804536],[-124.92913950564765,48.68046803780062],[-124.92836850538146,48.680202037883134],[-124.92758400517506,48.679936338087316],[-124.92523240521378,48.67919293762145],[-124.9244353046988,48.678954337912465],[-124.92363860539034,48.6787247385136],[-124.92285550461159,48.678494938228454],[-124.9220326038677,48.678292738730725],[-124.92113240407066,48.67819983811897],[-124.92028550425407,48.678078938856785],[-124.91959540339447,48.67779353878242],[-124.91907560359527,48.677343438637294],[-124.91862100356963,48.67682013857161],[-124.91814030366857,48.676324339018734],[-124.91767320282099,48.67582833862825],[-124.91717960218725,48.675350738798684],[-124.91654110287118,48.67499243855346],[-124.91574480215414,48.67477183882978],[-124.91489590290745,48.67459703921838],[-124.91321110212968,48.67422913888739],[-124.91237580223837,48.674054039143975],[-124.91157920105324,48.67382443982586],[-124.91087490198227,48.67352123953862],[-124.91027520160029,48.67310833931166],[-124.90975450113507,48.67263113917907],[-124.90931430042794,48.67212563947845],[-124.90902169986461,48.67157263959206],[-124.90888969990102,48.670954040038076],[-124.90855910020066,48.670473740032],[-124.90786950022424,48.6701972398598],[-124.90703390047868,48.67001313970584],[-124.90614509908994,48.669856939691485],[-124.90528280004793,48.6696822402127],[-124.90448629912498,48.66945254055834],[-124.90370239933002,48.66919554026876],[-124.90291879889428,48.66894764072162],[-124.90210979883868,48.668745040261],[-124.90127559814516,48.66859694019119],[-124.90042889873807,48.66847594033652],[-124.89958259780929,48.668363940302264],[-124.89528629717331,48.667894941299764],[-124.89270759659097,48.667586441193244],[-124.89184839631568,48.667492641660566],[-124.89100239723558,48.66738954167611],[-124.88929559638306,48.66714764193242],[-124.88846179633111,48.6670084421665],[-124.88762709599193,48.66684214175562],[-124.88680459593368,48.66663974173891],[-124.88518539504982,48.666198442124234],[-124.88437609536167,48.6659867423906],[-124.88355459470948,48.665811242049955],[-124.8827208953874,48.66567194230625],[-124.8818633947979,48.66562294280164],[-124.88100859429909,48.6656459428392],[-124.88012829438767,48.665714242890274],[-124.87924769499693,48.66577364255945],[-124.87837929468729,48.66579684288456],[-124.87745719427198,48.66583884272424],[-124.87654709453842,48.665835642699165],[-124.87578089393206,48.66568624292986],[-124.87519679344959,48.66531784320354],[-124.87471659393596,48.66482184331465],[-124.87427579258929,48.66428924323845],[-124.87330229229791,48.66330644314401],[-124.87283499287561,48.66279224371106],[-124.8723279930294,48.66230564371508],[-124.87176909260963,48.66188284350216],[-124.87109109205892,48.66154304344392],[-124.87036099238306,48.661267043278364],[-124.86960459180355,48.66100934325225],[-124.86882159211797,48.660770143473805],[-124.86801219100668,48.66054944406973],[-124.86638039093992,48.660126044477934],[-124.8655583912406,48.659932444247694],[-124.86390019068783,48.65952744436306],[-124.86226859006534,48.65910394473693],[-124.85669578937238,48.657493544739104],[-124.85589928904254,48.65725454535211],[-124.85430718814709,48.65679434505131],[-124.85352438776148,48.65655504509729],[-124.85193228864496,48.656094845778476],[-124.8511358879111,48.65585574531032],[-124.84874778649902,48.65516534577417],[-124.84712928727171,48.65472344588126],[-124.8463335865305,48.65450234609376],[-124.84390588613998,48.65383944653857],[-124.84231398602931,48.6533791466951],[-124.84074788583953,48.65288234662564],[-124.83997838533575,48.65263374696356],[-124.8392079852054,48.652358147041596],[-124.83845108462818,48.65208234739491],[-124.83773398395178,48.651778946902525],[-124.83702918401181,48.65143934709599],[-124.83636438408159,48.651081046739165],[-124.835712283487,48.6506955474251],[-124.83505978393988,48.650301147521596],[-124.8344208839631,48.64990644694166],[-124.83376868364245,48.64952094746537],[-124.83311688314924,48.649144547721804],[-124.83242508335289,48.64878664742657],[-124.83172028236459,48.648446947355815],[-124.83100288274831,48.64813454746018],[-124.83025848227551,48.64782244813132],[-124.82951458195645,48.647528447909885],[-124.82878408155025,48.64722514802446],[-124.82805288161057,48.646903848064376],[-124.82733518177933,48.646582348247456],[-124.82664378090419,48.64623344809423],[-124.82596558137854,48.64587534792434],[-124.82463568049904,48.645140748215226],[-124.82397048042097,48.64476434815434],[-124.82331878006731,48.64438784870457],[-124.8226667799357,48.644002348870686],[-124.82201508046002,48.643625748559536],[-124.82134987951292,48.64324944832166],[-124.82069827986885,48.64287284871389],[-124.82003307959069,48.64249654813062],[-124.81938147917299,48.642119948770386],[-124.81871627896702,48.64174364904807],[-124.81806467837221,48.64136704872814],[-124.81739957943255,48.640990749120434],[-124.81544487820892,48.63986094865696],[-124.81477967731257,48.639484549206095],[-124.81412817728932,48.63910794937197],[-124.81279797735668,48.638355249484995],[-124.81213327673704,48.63798784935385],[-124.81145487682521,48.63762064956587],[-124.81012547619049,48.63688574932373],[-124.80947367683203,48.63650014965237],[-124.80883547624566,48.63611434929406],[-124.80822377630709,48.635710149851576],[-124.8076252760859,48.63529664971292],[-124.80704007585824,48.63487405003547],[-124.8064545750798,48.63444235005629],[-124.80588267489395,48.634010449995884],[-124.80532427492267,48.63357835042587],[-124.80476557476024,48.63313735013069],[-124.80420657450105,48.63268724996286],[-124.80197207342573,48.63092285012837],[-124.80152287332666,48.63050705058729],[-124.80120937295555,48.63008915025055],[-124.80112327280206,48.62995554994285],[-124.80092437318889,48.62970675019028],[-124.80079777323994,48.629582749985865],[-124.80067157337648,48.62946774986188],[-124.80053207252101,48.62936195024479],[-124.80039227378117,48.629247250354794],[-124.80025277253561,48.62914145002422],[-124.80009967287833,48.62903584998139],[-124.79996017246954,48.62893005051674],[-124.79980717318486,48.628824549767],[-124.79966767300049,48.628718750367184],[-124.7995146726739,48.62861315045457],[-124.7993748730036,48.62849834983502],[-124.79923537268851,48.62839265033998],[-124.79909557209251,48.62827785022021],[-124.79871687242967,48.62793285011866],[-124.79859027293067,48.62780895027366],[-124.79847727273888,48.62768475051291],[-124.79836467204336,48.62756955081173],[-124.79802567253437,48.62719695045996],[-124.79789947285424,48.627081950586025],[-124.79766017232389,48.62684275060807],[-124.79753397167188,48.62672775041728],[-124.79740747256396,48.62660385048327],[-124.79715497238855,48.6263738506589],[-124.79701517204936,48.62625905043172],[-124.7968889712777,48.62614405086294],[-124.79676237210883,48.62602005028858],[-124.7961312720296,48.6254451504858],[-124.79600477109291,48.62532115094893],[-124.79587847108672,48.62520615039102],[-124.79553957086188,48.6248336508209],[-124.79534077068605,48.62458475061672],[-124.79524107074448,48.62445145088917],[-124.79514167129157,48.62432705027724],[-124.79502867122216,48.62420285056295],[-124.79492927166083,48.62407835066335],[-124.79470327064644,48.623830050898604],[-124.79460357075268,48.62369665050787],[-124.79447737030665,48.62358165053287],[-124.79435077140535,48.62345765083622],[-124.79422497027112,48.623351650640515],[-124.79407186983337,48.62324605063962],[-124.79391917103092,48.62314945042917],[-124.79357347091761,48.622965950866856],[-124.79338067044475,48.62288795038176],[-124.79299647020184,48.622767951302464],[-124.79258577022219,48.62266645140111],[-124.79238067032668,48.622624650864765],[-124.79155926956471,48.62242155144472],[-124.79135426941673,48.62237975125821],[-124.79094356984503,48.62227815133463],[-124.79073847046605,48.622236351374234],[-124.79032776955191,48.622134751292386],[-124.7899306693387,48.622032950887615],[-124.78972496981041,48.62197325064488],[-124.78934077023331,48.62185325145343],[-124.789148369249,48.621784251231546],[-124.78858396862812,48.62155905123058],[-124.78840476910251,48.621480851221584],[-124.78801996890385,48.621342951275125],[-124.78784106853976,48.6212737513507],[-124.78764866904187,48.621204751496435],[-124.78745596943381,48.62112675141974],[-124.78726356881965,48.62105775164219],[-124.78672606850147,48.62082325189616],[-124.78654656957347,48.620736051618415],[-124.78586896890084,48.6203776510446],[-124.78524436824507,48.61998255133325],[-124.78493836859057,48.619771351667794],[-124.78479896848556,48.61966555144721],[-124.78465916780472,48.619550751968156],[-124.78451976792086,48.61944495183551],[-124.7843800686658,48.6193301517397],[-124.78412766814864,48.619100152126514],[-124.78400116832402,48.61897615155259],[-124.7837488676884,48.61874615136018],[-124.78352296780086,48.618497751548986],[-124.78339646793569,48.618373751676316],[-124.78328356754213,48.618249551623165],[-124.78318416777844,48.61812515133707],[-124.78307126746716,48.61800095155622],[-124.78298506774662,48.61786725209689],[-124.78288576727832,48.61774285218788],[-124.78281316728064,48.61760905227552],[-124.78275416743256,48.61747505197445],[-124.78272196753511,48.61733155188957],[-124.7827033674534,48.61718785147776],[-124.78268786689098,48.61674725200357],[-124.78269636676609,48.61660325181226],[-124.78271836714181,48.61645895161455],[-124.78278996683571,48.61617895163012],[-124.78285266676184,48.616033952319796],[-124.78300626656906,48.615770751663135],[-124.78306926732603,48.61563475130594],[-124.78311846644581,48.615490051847836],[-124.78314056774974,48.61534575184794],[-124.78314906700516,48.61520175197555],[-124.78314396598797,48.61505785144854],[-124.78309856682678,48.61492355180914],[-124.78302566639641,48.614780751439525],[-124.78293956674241,48.6146471520691],[-124.78284016617735,48.614522751548726],[-124.7825414668343,48.614131551765716],[-124.78239606697971,48.613854851610256],[-124.7823909656667,48.61371095178646],[-124.78245436616184,48.61358405138433],[-124.78257226684886,48.613465251736386],[-124.78271736661512,48.61334605120338],[-124.7828626665668,48.613235852011144],[-124.78302226646538,48.61314345108702],[-124.78316756604616,48.61303315152633],[-124.78327166639257,48.61290565101162],[-124.7833485666535,48.61277845183911],[-124.7834387660523,48.61264215177382],[-124.78351536608854,48.61250595181466],[-124.78357806600752,48.612361052002726],[-124.78362756667246,48.61222535120923],[-124.78366316617694,48.61208085143925],[-124.7836801656873,48.61179275162143],[-124.78367516560338,48.611648851865105],[-124.7836161663933,48.611514751131295],[-124.78354326585227,48.61137195140543],[-124.78344356534265,48.611238551534434],[-124.78330446608219,48.61114175137876],[-124.78311246603317,48.61108175128623],[-124.78288066604452,48.61104935157311],[-124.7824602651712,48.61105585123445],[-124.78223006535127,48.611068451692525],[-124.78158106586503,48.611132451579635],[-124.78137866601698,48.61116255180255],[-124.78116296511885,48.61120185212101],[-124.78096116571626,48.61125005132782],[-124.78075966502813,48.61130715208194],[-124.780571966175,48.6113729517779],[-124.78037116503698,48.61144805172962],[-124.78019736497131,48.61152275179962],[-124.78002426593999,48.6116153515878],[-124.77953236591706,48.611901851635515],[-124.77938666605883,48.61200305197207],[-124.77925516496515,48.61212205216271],[-124.77915076469291,48.612240651936006],[-124.77906056625395,48.61237695213677],[-124.7789975653399,48.61251295257642],[-124.77894836587456,48.61265765187223],[-124.77892626558115,48.61280195180433],[-124.77893636619173,48.613089652359065],[-124.77896856572126,48.613233152164895],[-124.77904106544533,48.613366952609674],[-124.77915406561416,48.61349115257278],[-124.77928046566475,48.61361515194945],[-124.77941986580552,48.6137209524419],[-124.77957286577058,48.61382655161997],[-124.77971226613515,48.613932352177414],[-124.77985196626581,48.614047152211484],[-124.78000496607922,48.61415275164117],[-124.78014436557797,48.61425855171053],[-124.7802708665402,48.61438255226327],[-124.78035656655842,48.61450715170893],[-124.78044306654607,48.614649751446734],[-124.78058026584725,48.61507955208446],[-124.78058536651399,48.615223352344],[-124.78056296638796,48.61535865198114],[-124.78047246608851,48.61548605221304],[-124.78034096686612,48.61560505222036],[-124.78019556679372,48.615715252051544],[-124.78005046690278,48.6158344518015],[-124.77986156689192,48.61586435157626],[-124.77964396706848,48.61584975201372],[-124.7794121666095,48.615817351696826],[-124.77920656625841,48.615757551841895],[-124.77902776592886,48.61568835242246],[-124.7788750661107,48.61559175210598],[-124.77872206694775,48.6154861522973],[-124.77859596651324,48.615371051792195],[-124.77817676563413,48.61502665234553],[-124.77803736612934,48.61492085192729],[-124.77788446658768,48.61481525237252],[-124.77771856562558,48.61472785284323],[-124.77753906594047,48.61464065191658],[-124.77737316517243,48.61455325225287],[-124.77719406538375,48.614475052106734],[-124.77700136511866,48.6143970520453],[-124.77664306597394,48.61424065246051],[-124.77645036538198,48.61416265217177],[-124.77573386505863,48.613849852879255],[-124.77554116491935,48.613771852896285],[-124.77536176528038,48.61368465275846],[-124.77464526484377,48.613371852374485],[-124.77445256467882,48.613293852767725],[-124.77427346532464,48.613215552403226],[-124.77409396471086,48.613128352399016],[-124.77355656456972,48.61289375240655],[-124.77337716492079,48.6128065524843],[-124.77319806426216,48.612728352669215],[-124.77249416438879,48.61238835235404],[-124.77216246398095,48.6122134527043],[-124.77199626356467,48.612117052647015],[-124.77090016456293,48.611423153195325],[-124.77040156425598,48.61113395305088],[-124.7702356636803,48.611046552727906],[-124.76990336401018,48.61085375312264],[-124.76973746315213,48.610766352840905],[-124.76957126305206,48.610669853170954],[-124.76923956356502,48.61049505344523],[-124.76906016370897,48.610407852722716],[-124.76889426333754,48.61032045314675],[-124.76853546366831,48.610146053441596],[-124.76836966345748,48.61005855277455],[-124.76801136312706,48.609902153037076],[-124.76783196290074,48.609814953039844],[-124.76728106334855,48.60958045279977],[-124.76710236219138,48.60951125309871],[-124.7669096628186,48.60943325282048],[-124.7667305625135,48.609355053649296],[-124.76616646259278,48.60912975362941],[-124.76598766284664,48.609060553066584],[-124.7656029625238,48.60892245390841],[-124.76523156278134,48.60877525345117],[-124.76503956247181,48.608715153580484],[-124.76446246216148,48.608508153828],[-124.7642704617468,48.60844805328858],[-124.76406456277344,48.60837925344838],[-124.7636805618357,48.608259154072805],[-124.76347526187695,48.60820835398275],[-124.763269662079,48.608148553587846],[-124.76288566128176,48.60802845355608],[-124.7625009618302,48.607890353793],[-124.76230826207737,48.60781235322838],[-124.76177106157967,48.60757765360374],[-124.76139966171276,48.607430453586424],[-124.76120726172957,48.607361353637025],[-124.76100206119003,48.60731055378818],[-124.76080996164148,48.60725055371468],[-124.76060506063796,48.607208653709534],[-124.760399761063,48.60715785408886],[-124.76018126084935,48.60711615364034],[-124.75936146044891,48.606948753917244],[-124.75914296057938,48.60690715433903],[-124.7587201614046,48.60684165440668],[-124.75831026081195,48.60675785389748],[-124.75810496077588,48.606707054285316],[-124.75791296016573,48.60664705391188],[-124.75772066093865,48.60657795374523],[-124.7575415608295,48.60649975400378],[-124.75734896022261,48.60642175409444],[-124.75718316043434,48.60633425390227],[-124.75682436101144,48.606159854614255],[-124.75665856092398,48.60607235441185],[-124.75650566058619,48.60596675428172],[-124.75635306046611,48.60587015457033],[-124.75618686075937,48.60577365411768],[-124.75600756079373,48.60568645408963],[-124.75584165954567,48.60559905411096],[-124.75566266031841,48.60552075452255],[-124.75548326019273,48.60543355468356],[-124.75512515981077,48.60527705463283],[-124.75475375932444,48.6051297543946],[-124.75436905924055,48.604991654600376],[-124.75417705908278,48.604931654401035],[-124.75335615913637,48.60472825490119],[-124.75315115921543,48.6046863549562],[-124.75253545919507,48.60453375504646],[-124.752343759912,48.60448275468326],[-124.75213785871317,48.604413854495725],[-124.7519458589397,48.60435385479439],[-124.75157455949358,48.604206554584025],[-124.75138215955185,48.60413745512853],[-124.75120315911666,48.60405925450412],[-124.75101085914517,48.60399015447594],[-124.7508317595271,48.603911954679276],[-124.75006255830031,48.60363575515439],[-124.74988385868325,48.60356645480628],[-124.749691559512,48.60349745506629],[-124.74949895875653,48.60341935523117],[-124.74930665846858,48.603350355567486],[-124.74912785898877,48.60328105496448],[-124.74893555872984,48.603212054997705],[-124.74872975834523,48.60314315521493],[-124.74834515859672,48.60300505461686],[-124.74816635854907,48.60293585511618],[-124.74798735830895,48.602857554914664],[-124.74780795760665,48.602770354925],[-124.74764215814984,48.60268285480052],[-124.74747605883132,48.60258645548012],[-124.74732355828675,48.60248975492648],[-124.74717065806303,48.60238415550035],[-124.74703135837227,48.60227825533032],[-124.74687845782789,48.6021726551263],[-124.74673915836061,48.60206675502148],[-124.74658635860969,48.60196115537605],[-124.74644675781798,48.60184635481714],[-124.74629385788796,48.601740655081734],[-124.74614135767638,48.60164405536521],[-124.74598845803642,48.6015383556287],[-124.74582235732373,48.601441955092696],[-124.74565655753909,48.60135445521413],[-124.74549045771083,48.60125805537671],[-124.74532465812898,48.6011705553901],[-124.74515855736637,48.60107415585453],[-124.74500605793375,48.60097745540805],[-124.74483995745113,48.60088105579595],[-124.74452095701866,48.60067895582649],[-124.74438165691585,48.60057305573819],[-124.74424205705002,48.60045825581191],[-124.74412965687522,48.60034295585951],[-124.74401685640186,48.60021875561733],[-124.74386025680879,48.600005155940906],[-124.74361895627563,48.5996939556767],[-124.74356255636701,48.59963185582202],[-124.74351975674304,48.5995695550836],[-124.74346335715579,48.59950735561894],[-124.74342045670855,48.59944505553345],[-124.74330765648862,48.599320855292426],[-124.74323775680391,48.5992588555242],[-124.7431813568297,48.59919675595246],[-124.74305525639049,48.59908175516695],[-124.74299895681847,48.599019555686205],[-124.74287285680798,48.598904555944344],[-124.742816456026,48.5988424558446],[-124.74274685677166,48.598789455442294],[-124.74269045632904,48.59872735529554],[-124.74211635684584,48.59820525572139],[-124.7420464565126,48.59814335533998],[-124.74197675585684,48.598090455575296],[-124.74185075586331,48.597975355869906],[-124.74178105573046,48.59792245599668],[-124.7417111563577,48.59786055543723],[-124.74164155648674,48.59780755564411],[-124.74151545532862,48.5976925554709],[-124.74144585598061,48.597639555569486],[-124.74137585647685,48.597577655497744],[-124.74116695590533,48.597418855272664],[-124.74109705646144,48.597356955994634],[-124.74088815561545,48.59719815610445],[-124.74081815584387,48.59713625533242],[-124.74060925593213,48.59697745537221],[-124.74053935501107,48.59691555579912],[-124.74033035615183,48.59675675602895],[-124.7402472550472,48.59670405599353],[-124.74017725582739,48.59664215527424],[-124.73989875507068,48.59643045544966],[-124.73982875500954,48.59636855615101],[-124.73918815463604,48.595883356138735],[-124.73910505547012,48.59583065569259],[-124.73896575473789,48.595724755785504],[-124.73888285496308,48.5956810557557],[-124.73881325497061,48.59562815635511],[-124.73873005507872,48.5955754554965],[-124.73866045486234,48.59552245562535],[-124.73857755459296,48.59547875576977],[-124.73834185528638,48.595329355895814],[-124.73825895451807,48.595285656201455],[-124.73817575539572,48.59523295613642],[-124.73809285440063,48.5951891559337],[-124.73800965446773,48.595136456148495],[-124.73784395444875,48.59504895634835],[-124.73776075449324,48.59499625557375],[-124.73759495445579,48.59490875605167],[-124.73752535432548,48.59485585587905],[-124.73744245412497,48.59481215596186],[-124.73735925456312,48.594759356513215],[-124.73719355493348,48.59467195610261],[-124.73711035472724,48.59461925644977],[-124.73702745483568,48.594575455832484],[-124.73694425502715,48.59452275605476],[-124.73687465393292,48.594469856296506],[-124.73679175518959,48.59442605630177],[-124.73670865463752,48.594373356497925],[-124.73663895359951,48.59432045605313],[-124.73655605418617,48.5942766562841],[-124.73648645398457,48.59422375629339],[-124.73640325433705,48.59417105652118],[-124.736264054256,48.59406515594016],[-124.73618085399075,48.59401245641125],[-124.73611125469537,48.593959556201256],[-124.73602805424585,48.59390675618066],[-124.73595835423369,48.59385385654083],[-124.7358058536031,48.59375725586083],[-124.73566665458017,48.593651356189405],[-124.73558345405877,48.593598655828],[-124.73544415321714,48.59349275615993],[-124.73536105376995,48.59344005618395],[-124.73522175401011,48.59333415625647],[-124.73515185372625,48.593272256054576],[-124.73508225331723,48.593219356459976],[-124.73499905440671,48.59316655609931],[-124.73485975401258,48.593060756143444],[-124.73470725396047,48.59296405604671],[-124.734637653409,48.59291115659582],[-124.73431875381314,48.592708956145025],[-124.73423595377406,48.59266525598547],[-124.73413945369491,48.59262175635584],[-124.73380805328996,48.59244675612796],[-124.73372485324228,48.59239405681444],[-124.73362835370033,48.59235055591365],[-124.7334759534766,48.5922538566906],[-124.73339305412468,48.5922101565359],[-124.73330985266686,48.59215735613306],[-124.73324025278148,48.59210445663882],[-124.73315705350807,48.59205175609951],[-124.73287855360338,48.59184005619834],[-124.7328086526154,48.59177805628245],[-124.73273905277587,48.59172515690509],[-124.73251355245206,48.59147665659691],[-124.73247075265166,48.59141425655158],[-124.73242755277565,48.591342956147656],[-124.73239835252066,48.591280456788596],[-124.73235515290402,48.59120915638826],[-124.73229635276755,48.59107505618667],[-124.73225325280293,48.59100375675052],[-124.73210565271951,48.590655056942424],[-124.73206285250171,48.59059275609],[-124.73203325262102,48.590521256090554],[-124.73199015309295,48.590449856306954],[-124.73196095228577,48.59038735662942],[-124.73191775311437,48.59031605667805],[-124.73183215227768,48.59019135699458],[-124.7316602531784,48.589924056723184],[-124.73160395234574,48.589861956381995],[-124.73156075253462,48.58979055643772],[-124.73147515257335,48.58966595666573],[-124.7314184524597,48.58959475682295],[-124.73124695225529,48.58933645629807],[-124.73119055174305,48.58927435650747],[-124.73101865197509,48.589007056839755],[-124.73093305160664,48.58888235658329],[-124.73087635221366,48.58881125661292],[-124.73070475263692,48.58855285657424],[-124.73064845201378,48.588490756002514],[-124.73056255206124,48.5883571567594],[-124.73050615208679,48.58829495682329],[-124.7303638510526,48.588099156379805],[-124.73030745228556,48.58803705676571],[-124.73016515183494,48.58784125662334],[-124.73010885174725,48.58777915630695],[-124.73006605195205,48.5877168560594],[-124.72978415114103,48.58740615640355],[-124.7295322513839,48.58717605710996],[-124.72946235154397,48.58711405668308],[-124.72939265162935,48.58706115609118],[-124.72926675103862,48.58694605703508],[-124.72905785133926,48.586787256351926],[-124.72898795099057,48.5867253568572],[-124.72891835157179,48.586672456956464],[-124.72883515091432,48.58661965703113],[-124.72862635068756,48.586460856570056],[-124.72854315137806,48.586408156811174],[-124.72840395189517,48.58630225688291],[-124.7283208512148,48.586249556318336],[-124.72818155174859,48.58614365678272],[-124.72809845045013,48.5860909564616],[-124.72802885077651,48.58603805685145],[-124.72794595057917,48.58599425670056],[-124.72771035168762,48.585844856925654],[-124.72762755080132,48.58580115626502],[-124.72754435106047,48.58574835620305],[-124.72746145008173,48.585704656867534],[-124.72737835115682,48.58565195681153],[-124.72712975096631,48.585520656419654],[-124.72704655054704,48.58546795716795],[-124.72688085018694,48.58538045704166],[-124.726784450029,48.585336957048575],[-124.72670165049959,48.58529325687849],[-124.72660525077443,48.58524965714418],[-124.72652265074323,48.58521495707192],[-124.72642655035655,48.58518035716227],[-124.72633014991587,48.58513685714991],[-124.7262343500062,48.58511125664307],[-124.72604214968685,48.58504215696264],[-124.72564545054885,48.58494015652621],[-124.72509844977814,48.58480445712343],[-124.72467575094309,48.584738757241865],[-124.72425285049218,48.58466415728328],[-124.72340765020836,48.584532857436635],[-124.72298564945909,48.5844851571192],[-124.72211585025958,48.58442625723683],[-124.7212589496858,48.58434905771264],[-124.72040134913968,48.58425395805498],[-124.71997884963346,48.584188257632356],[-124.71956914889253,48.58410445801216],[-124.71915924865532,48.58401155809341],[-124.71874864899728,48.58390075754268],[-124.71835164906385,48.58378975718717],[-124.71794164808443,48.58369685764563],[-124.71751844826304,48.583613257679495],[-124.71710824888514,48.58351135806208],[-124.71672444858156,48.583391157526414],[-124.7163530485202,48.58323475789893],[-124.71567644873866,48.5828759578184],[-124.71534484887125,48.58269195826432],[-124.71499994762952,48.5825171584669],[-124.71429684759873,48.58217675777326],[-124.71392574721389,48.58202935785437],[-124.71355434838244,48.58187295827959],[-124.71317004749251,48.58173475833052],[-124.71278594721332,48.58160545787973],[-124.71237604752307,48.58151265841188],[-124.7119670469988,48.581446758157135],[-124.71153124673634,48.58139025814244],[-124.71109604687639,48.581351758366445],[-124.71067374632605,48.58129505844123],[-124.71025184658443,48.58124725836923],[-124.709816646372,48.58120875883541],[-124.70939464673322,48.58116105842619],[-124.70769214637545,48.580934459149546],[-124.70725664663419,48.58088695859844],[-124.70682204618878,48.58086635859571],[-124.70595344655426,48.58084325847138],[-124.70551944588262,48.580840659184034],[-124.70509784548868,48.58080195889015],[-124.70468764621079,48.58070005954048],[-124.70429034571929,48.5805799596076],[-124.7039063461658,48.58045075891233],[-124.70352174583734,48.58030345941666],[-124.70316394595716,48.58014685886702],[-124.70280584586986,48.579981159641555],[-124.70211614524476,48.57963155913556],[-124.70178454560885,48.57944745972496],[-124.70109484476069,48.57909775986994],[-124.70072354432352,48.578941359250585],[-124.6999814440279,48.578646459528535],[-124.69959724456818,48.57850815942714],[-124.69882924447097,48.578249559341955],[-124.69843174473002,48.57812045957956],[-124.69804804409935,48.57800015944282],[-124.69685644430317,48.57763985957656],[-124.69645954325617,48.57752876000522],[-124.6960622435508,48.5774086600519],[-124.6956783436979,48.577279360403764],[-124.69493634314763,48.576984459946836],[-124.69455234291964,48.57685515984011],[-124.69415514275374,48.5767350601329],[-124.6937453428551,48.576642060241696],[-124.6933225433152,48.576567359948356],[-124.69288734316874,48.57652876028971],[-124.69245344301693,48.57652616079558],[-124.69200714367807,48.576559660494055],[-124.69172854302657,48.57674376025543],[-124.6916571430321,48.577041660699315],[-124.69172064398353,48.577319660683436],[-124.6918522439556,48.577605560607914],[-124.6919428429566,48.57788316012835],[-124.69204704263221,48.57816056027087],[-124.69217824326448,48.57843746022585],[-124.69233634407239,48.57870506075773],[-124.6924676437718,48.57898206066242],[-124.69249074332542,48.579269560827555],[-124.69240554404792,48.57955876059796],[-124.69225164401607,48.579821960609834],[-124.69198804354154,48.580050760285616],[-124.69166944453161,48.58025336082054],[-124.69133654434945,48.58043816030388],[-124.69094774348268,48.58056986070227],[-124.69053004328724,48.58064796054793],[-124.69008254378724,48.58064546082963],[-124.68967294301937,48.58056156066872],[-124.68928894402897,48.58043226097204],[-124.68891764329105,48.58027576130374],[-124.6885861441901,48.580091661061694],[-124.68826784395316,48.57989846103085],[-124.68794924272927,48.579696161017175],[-124.68764414283491,48.57949366094597],[-124.68731234233042,48.57930066097055],[-124.68699404315753,48.579107361352825],[-124.68668874259961,48.57889596141376],[-124.68642374208146,48.578674861266684],[-124.68617174314441,48.57843566126186],[-124.68548314277052,48.57770806131236],[-124.68500564133338,48.57721116112837],[-124.68474074176424,48.57699016116436],[-124.68440954221323,48.576815061125586],[-124.68402584179397,48.576694661398804],[-124.68360254188364,48.57660196099194],[-124.68316644147072,48.576536361149486],[-124.68274424188708,48.576479561284025],[-124.68230944188431,48.57644996141999],[-124.68100674133078,48.57641496117697],[-124.68057274123035,48.57641226153228],[-124.68013854154265,48.57640066189267],[-124.67970334092468,48.57636206144946],[-124.67885904071471,48.57624836182089],[-124.67801344112095,48.57609876176952],[-124.67761684054896,48.575996561876345],[-124.67720644120199,48.57588556228427],[-124.67680933977803,48.57576546213362],[-124.67642574029503,48.57564506244174],[-124.67602824041457,48.57551586200801],[-124.67564464043458,48.57539556249879],[-124.67524754039388,48.575275362165726],[-124.67483774042587,48.57518236196557],[-124.67441493990813,48.57510756192259],[-124.67399283933965,48.57505066225069],[-124.67357034018063,48.57498486271916],[-124.67314814017334,48.57492806273271],[-124.67271213902903,48.57486236262263],[-124.67057573869282,48.5746234627498],[-124.66886233918929,48.5744684628974],[-124.66842783847815,48.57444776278753],[-124.66799363855839,48.57443606289604],[-124.66756003880819,48.574442362604515],[-124.66624643772708,48.57448836311986],[-124.6658260389211,48.574485463067575],[-124.66539123815699,48.574455663087114],[-124.66496873855664,48.5743898635669],[-124.66413623811421,48.57422196368969],[-124.6633167384414,48.574035863642564],[-124.66290723755756,48.573951864110974],[-124.66167703761148,48.57364566327825],[-124.66088343728872,48.57342326426248],[-124.66008923673337,48.573182763808525],[-124.65970563729968,48.573062364359075],[-124.65930833723041,48.57293316389457],[-124.65892443663044,48.57280376370377],[-124.65852733647979,48.572683464098915],[-124.65814323730075,48.57254506420484],[-124.65775943638393,48.57241566379333],[-124.65737533672569,48.5722772637826],[-124.6562627364176,48.57183436423887],[-124.65589153588033,48.57167776443551],[-124.65552103569769,48.57153916455388],[-124.65511063653574,48.57142816435958],[-124.65471453624892,48.57133486423576],[-124.65431713651597,48.57120566463036],[-124.65394653638641,48.571066964746905],[-124.65356243614917,48.570928564661905],[-124.65280753491116,48.57064256479287],[-124.65206583605674,48.57034726470048],[-124.6517080352329,48.57018146510387],[-124.65134983518278,48.57000666517541],[-124.65099223513069,48.56984986497126],[-124.65059523449428,48.56972956468624],[-124.65019873518843,48.56962736468426],[-124.6493657349406,48.56944136442419],[-124.64894313513761,48.56936646514496],[-124.64852073523545,48.5693004650811],[-124.64809953465664,48.569270565383086],[-124.64766653460583,48.56929476513924],[-124.64722023398102,48.569328065493174],[-124.64679993417509,48.56932516508353],[-124.64593153341718,48.56930156522867],[-124.64549703365634,48.56928076569777],[-124.6446275334487,48.56922126563108],[-124.6442057341252,48.56917326519476],[-124.64336103349011,48.56904136597028],[-124.6429389331293,48.5689844655279],[-124.64250303330998,48.56891866604428],[-124.6420938335566,48.56884356537807],[-124.64169713294616,48.568732265743535],[-124.6412998324793,48.56860296561244],[-124.64091603302562,48.56847346610699],[-124.64051903245796,48.568353165730784],[-124.64013563247333,48.568232665928754],[-124.63973833279262,48.56810346597714],[-124.638970832378,48.5678444658043],[-124.63820273292373,48.56756746652252],[-124.63783223302258,48.56742876645037],[-124.63743493191312,48.567299466232136],[-124.6370512324384,48.5671699666292],[-124.63665423221047,48.56704966653217],[-124.63624423248368,48.56694756617421],[-124.635835232101,48.56687236682508],[-124.635399831601,48.56682456669585],[-124.63496543165152,48.5668037668863],[-124.63454393175108,48.56676476618618],[-124.63367443166788,48.56670516661664],[-124.6332400320084,48.56668436662661],[-124.63237173135941,48.56666066657237],[-124.63151643118914,48.5666187664266],[-124.63064633081605,48.56654116710778],[-124.6302246312425,48.56649316697365],[-124.62938053108334,48.566379166911986],[-124.62895813085935,48.56631316698603],[-124.62769033040158,48.56608816734168],[-124.62642333010017,48.565890167346105],[-124.62600153059066,48.56584216777515],[-124.62557952971255,48.56578516782276],[-124.62473483036848,48.56565306736972],[-124.62431222997516,48.565578067909215],[-124.62390292922757,48.5654938678657],[-124.62349323013997,48.56540076781918],[-124.62308332954304,48.56529856756506],[-124.62185442879104,48.56501896787238],[-124.62143152957431,48.5649349675629],[-124.62058692929476,48.56480286821974],[-124.62016492925345,48.56474586835979],[-124.6197426294673,48.56467986828009],[-124.61932052867196,48.56462276851196],[-124.61847592889744,48.5644907683707],[-124.61805302873572,48.56440666822434],[-124.61764342788065,48.56431346837811],[-124.6172471292329,48.564211068638734],[-124.61683752843496,48.56411786863378],[-124.61642732788512,48.56400666858391],[-124.61603062792392,48.563895268124845],[-124.61564672832806,48.56375676845252],[-124.61528932726557,48.563599868476814],[-124.61494482803751,48.56342476880951],[-124.61462692693438,48.56323126845971],[-124.61433522840329,48.5630104686874],[-124.61408342695343,48.56276206874624],[-124.613792527185,48.56256816846143],[-124.6134089271922,48.562438669301514],[-124.61299932701823,48.56234536843801],[-124.61257682670389,48.56227036910033],[-124.61174402687483,48.5620840689098],[-124.61134742634452,48.561972669061916],[-124.61093752688839,48.561870468853925],[-124.61054092687264,48.56175906897485],[-124.61013132696613,48.561665769357994],[-124.60970852593991,48.56158176892239],[-124.6092862268232,48.56151566901738],[-124.60844232714469,48.56140156934873],[-124.60801972559807,48.561326469235865],[-124.6076104265107,48.56124216974435],[-124.60718792570212,48.5611671690686],[-124.60677832568146,48.561073869798776],[-124.6063684255,48.56097166928976],[-124.60597192526828,48.56086026965519],[-124.60558822548155,48.56073066993962],[-124.60523092595135,48.560573669171745],[-124.60487292571312,48.5603987699095],[-124.60415772550722,48.56006686967169],[-124.60345562504065,48.559725770266795],[-124.60309832503025,48.55956876979449],[-124.60271442481285,48.5594301697044],[-124.6023181249121,48.55932777004774],[-124.60189532517448,48.55924367008838],[-124.6013759246476,48.55867507025636],[-124.60068102456381,48.558558769973516],[-124.60025852403115,48.558483670100955],[-124.6000135243016,48.55845106992584],[-124.59983622423503,48.55841756993104],[-124.59941402434889,48.55835147021364],[-124.59857012444824,48.5582372698243],[-124.59685642387682,48.55804507089015],[-124.59642122290639,48.557997170294925],[-124.5951435232063,48.55787997070356],[-124.59427422305185,48.55781997037308],[-124.59340552334224,48.557778070610475],[-124.59253622356212,48.55771807100023],[-124.59211482300539,48.557678970597],[-124.59169292217891,48.55762177104431],[-124.59127072312907,48.55755567139815],[-124.59086152263839,48.55747137140413],[-124.590451722501,48.55736907126454],[-124.59004162259106,48.557257771608626],[-124.58964512283046,48.55714627154791],[-124.58885152198097,48.55690537102564],[-124.5884679221098,48.55677567177801],[-124.58808412145694,48.556637071128605],[-124.58770062193938,48.55650737125315],[-124.58730382155517,48.55638687128016],[-124.58690732150436,48.55627537151623],[-124.58649802122179,48.556191071485074],[-124.5860756209356,48.55611587156307],[-124.58565342160199,48.556049771656284],[-124.58523142128969,48.55599257143025],[-124.58438712077572,48.555860271574154],[-124.58396462114139,48.55578507177809],[-124.58146872101011,48.555279572237595],[-124.58064982012587,48.55509297222803],[-124.58024002013232,48.5549906723421],[-124.57984412000019,48.55489707243232],[-124.57944762044166,48.55478557257189],[-124.5786541196926,48.55454457249414],[-124.57749001987096,48.55415567226407],[-124.57669651958635,48.55391457266548],[-124.57550711919686,48.553580072595594],[-124.5750971195995,48.55346867242346],[-124.57429121966736,48.55326377275074],[-124.57347231876801,48.55307707314438],[-124.57304961859565,48.55299287282453],[-124.57264071868228,48.55291747298068],[-124.57220501854385,48.55285147352838],[-124.57178311872404,48.552794273339664],[-124.57134801832147,48.552746173496594],[-124.57092671785013,48.55270697340042],[-124.57049211770334,48.552676873208746],[-124.57005811814889,48.55266487325052],[-124.56963811835358,48.55267057309399],[-124.56920551769514,48.552703473592146],[-124.5666113181099,48.55295467336228],[-124.56617931759618,48.55300557374957],[-124.56574691789598,48.55304747414148],[-124.56531431745618,48.553080274410235],[-124.56489491716457,48.553103974229195],[-124.56446141774687,48.55310987379051],[-124.56402741775014,48.553097773426536],[-124.56360611699876,48.55305857441142],[-124.56317091742709,48.55301047359736],[-124.56274911782786,48.55295327407298],[-124.56232691694824,48.55288697387487],[-124.56190451677188,48.552811773987216],[-124.56107271725884,48.55264307420574],[-124.56026681712693,48.55243807413881],[-124.55987011638861,48.552317474086394],[-124.55946011616157,48.55220617418259],[-124.55866731661193,48.551982974309645],[-124.55825731599931,48.5518715742589],[-124.55743851593641,48.55168467436782],[-124.55578851614547,48.55134717520697],[-124.55536611569548,48.55127187468956],[-124.5549567149697,48.55117847469125],[-124.55454751512505,48.55109397479397],[-124.55412461550318,48.55100077498845],[-124.55330581499268,48.5508138753474],[-124.55290971466813,48.55071127513967],[-124.55209091488368,48.550524375765725],[-124.55166801477013,48.550431075800674],[-124.55084971408644,48.55026217509592],[-124.5504271139699,48.55017797542021],[-124.55001831498214,48.5501024758046],[-124.5495956145868,48.5500181754235],[-124.54875091413531,48.54986757527734],[-124.54749811488735,48.549668575923995],[-124.54664151346103,48.54957207554252],[-124.54620661446184,48.54953297590173],[-124.54577211423029,48.549502775557535],[-124.54533781381501,48.54948167615644],[-124.54490381305128,48.549469475709884],[-124.54446931320369,48.54943927588831],[-124.54403501349447,48.549418175805634],[-124.54361371298941,48.54937887661379],[-124.543191913144,48.5493214761979],[-124.54276931283891,48.54923717601525],[-124.54238541320227,48.54908937619024],[-124.5420548125351,48.54891387651134],[-124.54177711240845,48.54869267614581],[-124.54153921255575,48.54844397693473],[-124.54131481286893,48.54819507595346],[-124.54105041324696,48.547964676593836],[-124.54074641256429,48.547770776644064],[-124.54038901211987,48.54760467606069],[-124.54001871261156,48.54745667597738],[-124.53963481219536,48.54730887698367],[-124.53884161157833,48.54706757660761],[-124.53844521219648,48.546955876332234],[-124.5376395124335,48.546750776704044],[-124.5368073118309,48.54656397654287],[-124.53515761110539,48.5462260773109],[-124.53473521049986,48.54615077686991],[-124.53431271073806,48.546066376948076],[-124.53305921037962,48.545840177234915],[-124.5326507110869,48.54577367744536],[-124.53222841078356,48.545698376879926],[-124.53180641023232,48.54563197771487],[-124.53138411034114,48.54555657792391],[-124.52927391047903,48.54522477738683],[-124.52885211009864,48.5451674777578],[-124.52758600948239,48.54496827834282],[-124.52548800907476,48.54459127847902],[-124.52465640952799,48.544422377881006],[-124.52383790879846,48.544235278449065],[-124.523441609596,48.54412357830594],[-124.52307160878284,48.54398447813837],[-124.52272760815916,48.543809178260226],[-124.5220390083363,48.543440378151246],[-124.52169510825557,48.54326497814943],[-124.52136440841456,48.54308047805417],[-124.521020108013,48.54289607878526],[-124.52067640795482,48.54272967865788],[-124.52031910793438,48.542563478298355],[-124.51994920786038,48.542424378514234],[-124.5195524080131,48.542294678059136],[-124.51916910795836,48.542164778135316],[-124.51877260727647,48.54204407849914],[-124.51836280781755,48.54193247904237],[-124.51755730746221,48.54172717831343],[-124.5171483080276,48.541642679092604],[-124.51630380744143,48.54149177924081],[-124.51546030666184,48.54137697884126],[-124.51461630642092,48.541244178883474],[-124.51377180653891,48.541093279422306],[-124.5133498061088,48.54102687922101],[-124.51209660637095,48.540800479001994],[-124.51168770599293,48.54071587926738],[-124.51127840692361,48.5406222795607],[-124.5108689059029,48.5405196798453],[-124.51047240566469,48.54039887917409],[-124.51008890605179,48.54025997929857],[-124.50971870581505,48.540111879911336],[-124.50933500543272,48.53996397969586],[-124.50895150625648,48.539825079913534],[-124.50856860536443,48.53970417958912],[-124.50817260553676,48.53960137993911],[-124.50775010535374,48.53951697981173],[-124.50734140490395,48.5394412799151],[-124.50690590556363,48.539375079681236],[-124.5064842054161,48.5393175796706],[-124.50561480512614,48.53923897996221],[-124.50518040425767,48.53920867981905],[-124.5047462052595,48.53918738038545],[-124.50431260547636,48.539184080296806],[-124.50389330488765,48.539207480122805],[-124.5034748044701,48.53925798006915],[-124.50304360502442,48.539335580678575],[-124.50292250425441,48.5393641802224],[-124.50220840491801,48.53949938061538],[-124.50177690457811,48.53956808089777],[-124.50135790388518,48.539600480773785],[-124.50092480376777,48.53961518076398],[-124.50001690486198,48.5396089806763],[-124.49962360415206,48.53959608071219],[-124.49918950433171,48.539574780938054],[-124.49875500427545,48.539544480929436],[-124.49832090419743,48.53952308127866],[-124.49788640348321,48.539492780948954],[-124.49659590286076,48.539374581039276],[-124.4961745032367,48.53932608168789],[-124.4957398037398,48.53928678098895],[-124.49531830260186,48.53923828110377],[-124.49460460278631,48.539147081248686],[-124.49446150455985,48.544647381323436],[-124.49424980429495,48.54482108162532],[-124.49400950411786,48.54494118180984],[-124.49374280497577,48.545088581620526],[-124.49362200486576,48.545126181761404],[-124.4934741048854,48.545164081986115],[-124.49339250428544,48.54515608210036],[-124.49328280500245,48.54511258187496],[-124.49305020423147,48.54503458146983],[-124.49298250487738,48.54503548185411],[-124.49285070411472,48.54516318180222],[-124.49266510491917,48.545300481337826],[-124.49235910439309,48.545493381405656],[-124.49229510401415,48.545620181667196],[-124.49217850469775,48.54580158158268],[-124.49187200511635,48.54597658178031],[-124.49176500504123,48.54602288180896],[-124.49151100477255,48.54614318235052],[-124.49145710480634,48.54615288217499],[-124.49135040443552,48.54620818190502],[-124.49129780477509,48.54626288231855],[-124.4912752049733,48.546416081516035],[-124.49115930488419,48.54662458235064],[-124.49091900439994,48.54674458206768],[-124.48990610487508,48.547783382602844],[-124.48977170425147,48.54782108251823],[-124.4894501043326,48.54794218215485],[-124.48914200436401,48.548063182651454],[-124.48872230534539,48.54807758248581],[-124.48861370487445,48.54806998250619],[-124.48845430494968,48.54817998193268],[-124.4883236044033,48.54834358289388],[-124.4881241038891,48.54847218222732],[-124.48793870514405,48.54861848258622],[-124.48778070396084,48.54877348227662],[-124.487355604435,48.54906688267555],[-124.4871288043805,48.54918678255666],[-124.48707490436037,48.549196482436585],[-124.48676570472699,48.549281382524924],[-124.48672560513828,48.549299882712255],[-124.48641560447,48.549357882506655],[-124.48613120396988,48.549361582823785],[-124.48583190490709,48.549320482638834],[-124.48556040501485,48.54930598272983],[-124.48543880415058,48.54931658282146],[-124.4851689049879,48.549355982582185],[-124.4849415046917,48.549457882909415],[-124.48483530427494,48.54953128299304],[-124.48466340452023,48.54967738253751],[-124.484546704364,48.54985888314606],[-124.48455100454127,48.55000278325725],[-124.48449970522049,48.550102382993586],[-124.48423240433415,48.55023178312332],[-124.48395060377202,48.55032538275583],[-124.48380210484926,48.55034528265256],[-124.48349480457432,48.55049318269262],[-124.48331070501608,48.55068448318378],[-124.4832323052405,48.55078448302917],[-124.48315550436256,48.5509383835885],[-124.48291790447598,48.55115738321121],[-124.4827713045616,48.55124028347605],[-124.48275880468576,48.55127638361965],[-124.48259810423205,48.551341383011334],[-124.48242330409273,48.55138868298592],[-124.48212870472902,48.551509383481985],[-124.4819258039326,48.55152098345592],[-124.48161550416849,48.55156998351942],[-124.48138840487405,48.551680883047425],[-124.48110760440393,48.55181048306493],[-124.4808815044759,48.551957282958085],[-124.48059970492451,48.552050883788006],[-124.48030510477325,48.55217168336103],[-124.48007840423168,48.55230048361626],[-124.47976920466051,48.55238548336992],[-124.47944520416374,48.55242558383104],[-124.47913440460279,48.55245658329847],[-124.47898770446106,48.552539483391165],[-124.47881690367781,48.55272158371627],[-124.47857780416527,48.55288658372823],[-124.47832400419748,48.55301578379359],[-124.4781894039043,48.55304448347341],[-124.47810970405683,48.55309948401461],[-124.47783280407243,48.55336398377223],[-124.47779290435591,48.55339148372731],[-124.47761710382098,48.55340278407488],[-124.47733390486,48.55345138373725],[-124.47700070447634,48.55364458416171],[-124.47679810468406,48.55366518384263],[-124.47645990461925,48.55368748351138],[-124.47618980410756,48.55371798386982],[-124.47610930369737,48.5537459839922],[-124.47606940431157,48.55377348367123],[-124.47590790442756,48.553811483995],[-124.47568360478463,48.55402128426755],[-124.47549170411891,48.55441068373646],[-124.4753487041604,48.55461938463601],[-124.47516370401252,48.55478368389147],[-124.47493680415553,48.55490358400331],[-124.4747769039473,48.55499558425928],[-124.4745906049349,48.55511488423388],[-124.47452360428957,48.55514278429242],[-124.47424020434605,48.55518238389065],[-124.47415940465889,48.55520138444449],[-124.47389270384888,48.555348784134495],[-124.47377620421389,48.55553918409898],[-124.47370150449645,48.555765084335526],[-124.47365250422347,48.55594568466796],[-124.47364420436128,48.55612568419034],[-124.47359180404811,48.55618928472227],[-124.47339200456821,48.55630888438825],[-124.47319480503386,48.55651828469534],[-124.47295720372306,48.55673728434528],[-124.47290900476662,48.55694478424917],[-124.47280330427473,48.55703608466788],[-124.47259040453903,48.55717378437903],[-124.47256930488047,48.557380984096454],[-124.47258370523637,48.5574077848525],[-124.47265710503432,48.55760478414885],[-124.47271710515392,48.55780198414634],[-124.472731404143,48.557828784502384],[-124.47271110492922,48.5580628849693],[-124.47266210561628,48.55824348476782],[-124.4725861046174,48.558424384642684],[-124.47242740435068,48.55856138482799],[-124.47213270458255,48.558682085170894],[-124.47182610464817,48.55885698443707],[-124.47155800512142,48.558959384569135],[-124.47127640438224,48.559061884815264],[-124.47099500484244,48.55917348526281],[-124.47072770436328,48.55930278514541],[-124.47063360496091,48.55933098436381],[-124.4703637053191,48.559370484844514],[-124.47005600462232,48.55950928517089],[-124.46977490404812,48.559629884893674],[-124.46956200554617,48.559767585260246],[-124.46928110474877,48.55989708473695],[-124.46905420424773,48.56001698489948],[-124.46873030507642,48.56006608465927],[-124.46858210471456,48.5600949848719],[-124.46832720487863,48.560188185390246],[-124.46804590500317,48.56029968534285],[-124.4676691042979,48.5603944854919],[-124.46742890406755,48.560523485030544],[-124.4669961045094,48.5605559851656],[-124.46675480471957,48.5606489851152],[-124.46664690432593,48.56066838522955],[-124.46660730520775,48.56070488561395],[-124.46659460450722,48.56073208583887],[-124.46656980518416,48.56081328560655],[-124.46653020404914,48.56084978557723],[-124.46635640473322,48.560932985292915],[-124.46629100382238,48.56101478531038],[-124.46621150466561,48.561078785549164],[-124.46594260401532,48.56115418555286],[-124.46565990407038,48.56122078530078],[-124.46535010451781,48.5612876857611],[-124.46506590425626,48.56130028549291],[-124.46479200376629,48.56120478542374],[-124.46447910399746,48.56116378603405],[-124.46421050491911,48.561248185549445],[-124.46394230398401,48.561350585759115],[-124.46363310367212,48.56143548579783],[-124.46337800437342,48.56151968616217],[-124.46327270461879,48.561628985929445],[-124.46303140500514,48.561721986119956],[-124.46276220418453,48.56178838626464],[-124.46245240487555,48.5618553859019],[-124.46212880386943,48.56191338576915],[-124.461522204665,48.562029085960205],[-124.46121260404624,48.56210498643999],[-124.4611725046656,48.56212348607253],[-124.46098360329549,48.562152886079474],[-124.46069910473669,48.5621564861802],[-124.46059090414612,48.56216688563649],[-124.46030640364374,48.56217048617687],[-124.46003620397359,48.56220088576027],[-124.45969770344149,48.56221418604514],[-124.45911460319383,48.56220358612052],[-124.45884390378265,48.56221598643226],[-124.45855930360136,48.56221958657093],[-124.45796270374082,48.56220918666619],[-124.45769170375534,48.562212586147794],[-124.45740820364162,48.56225218638977],[-124.45727450364814,48.56231688686577],[-124.45700640376783,48.56241918662199],[-124.45668400348427,48.56252228654595],[-124.45663060385839,48.56254988665352],[-124.4563083038789,48.56265298660559],[-124.45602680339056,48.56276448678869],[-124.45600070402718,48.56280078684748],[-124.45568020331888,48.56296678642195],[-124.4554118035052,48.56306018713875],[-124.45515620385596,48.56312638660853],[-124.45498240367152,48.563209486932024],[-124.45466050321374,48.56333058681125],[-124.45459410274754,48.56337638676055],[-124.45450020316203,48.56341358663546],[-124.45423130368461,48.56348888700829],[-124.45359500375912,48.56351498679193],[-124.45326980354304,48.56351908660982],[-124.45298660309888,48.56356758689679],[-124.45274580270883,48.56367858683582],[-124.45266700301879,48.563769587415266],[-124.45238350284626,48.56380918708371],[-124.45210030306463,48.563857687616675],[-124.45178970309232,48.56389758773654],[-124.45161430275623,48.5639267874877],[-124.45133130267712,48.56398438696701],[-124.4510069025234,48.56401538733482],[-124.45071210279241,48.56413608772391],[-124.45068610325906,48.564172387772736],[-124.4506326025612,48.56420008744955],[-124.45037700302169,48.5642662877133],[-124.45006560245315,48.56427918733105],[-124.44997130236554,48.56429838763847],[-124.44967730257615,48.56444598763135],[-124.44947760346143,48.56457448782673],[-124.44884130245124,48.564600487910056],[-124.44880090360854,48.564609987667815],[-124.44850310217535,48.56462278741955],[-124.4483223030853,48.56446308803486],[-124.44814440303502,48.56440238719754],[-124.44796970266574,48.56445848778139],[-124.44766200300747,48.56459738754108],[-124.44754230249349,48.56467978737991],[-124.44727230234265,48.56471918826772],[-124.44667610300077,48.56472668801738],[-124.44655290283177,48.56468328742908],[-124.44634970318401,48.564685788073],[-124.44630950289063,48.5647042880478],[-124.44615210215454,48.56488618786661],[-124.44601730298811,48.56491488773541],[-124.44574840227857,48.56499028840052],[-124.44562180291277,48.564829888122794],[-124.44558040191461,48.564803388179996],[-124.44551270249252,48.56480428841974],[-124.44537920249506,48.56487788789175],[-124.4452764024573,48.56507718753649],[-124.44523680260374,48.56511358817161],[-124.4451964024568,48.565123088435755],[-124.44488430221752,48.5651090882159],[-124.44477740216628,48.56516438817148],[-124.4446419018235,48.565166088257044],[-124.4443034029715,48.56517928815611],[-124.44408990215362,48.56529898840265],[-124.44409400188569,48.565442887872635],[-124.44406950282745,48.56553308784623],[-124.44396650296515,48.565723388091286],[-124.44400920237189,48.56579478830625],[-124.44405550191432,48.565992088436644],[-124.4440698023124,48.56601898865906],[-124.44405780274047,48.56607308807184],[-124.44392480245732,48.566164688563134],[-124.44369780297147,48.56628448817089],[-124.44364380277233,48.56629418789592],[-124.44361750283737,48.56632148816424],[-124.4436226030574,48.56650138801825],[-124.44357100301083,48.56659198799734],[-124.4432373029239,48.566776088488005],[-124.44298220321556,48.56686028848789],[-124.44269940227514,48.56692678860004],[-124.44261840256178,48.56693678856669],[-124.44241490320448,48.566930388698275],[-124.44231900192474,48.566895588230416],[-124.44219760206282,48.566915088144626],[-124.44209020172998,48.566952388353876],[-124.44206430242217,48.56699768815921],[-124.44197490334527,48.56718778869006],[-124.44168240227361,48.56738938899701],[-124.44156190296324,48.567444888448016],[-124.4415080019269,48.567454488299305],[-124.44123550218757,48.56740398873706],[-124.44115440260718,48.56741398903941],[-124.44085960247978,48.56753458843552],[-124.44073790227137,48.567545089137774],[-124.44061470178745,48.56750168888299],[-124.44028920266939,48.567496788270326],[-124.44003460169583,48.56759888871523],[-124.43992740208898,48.56764528915284],[-124.43971110290201,48.5676659889479],[-124.43939890290747,48.567651888781384],[-124.4392652018635,48.56771648879433],[-124.43899750217167,48.567836788844886],[-124.43870220204491,48.56793948897226],[-124.43873110166723,48.56800208890961],[-124.43888450308572,48.56815308910399],[-124.43883210260816,48.56821668841333],[-124.438710602232,48.56823628874419],[-124.4386730027018,48.56834468892819],[-124.4386194020826,48.56836328905132],[-124.43852400284597,48.56834648906996],[-124.43844170189772,48.56831158917782],[-124.43835860177704,48.56824958894371],[-124.43806220190348,48.56831628950241],[-124.43787460199125,48.56839058924318],[-124.43762020213568,48.56850178942654],[-124.43733840201554,48.56860428955779],[-124.43712410188083,48.568696889583556],[-124.43706200171825,48.568895589452275],[-124.43689040214214,48.56905968959756],[-124.43667790230205,48.5692152890465],[-124.43654320142545,48.5692439889748],[-124.43625880232858,48.56925648871459],[-124.43623250181915,48.56928378927407],[-124.4364117030197,48.569389489432126],[-124.43648150237682,48.56946058899937],[-124.43664770225013,48.56958448884895],[-124.43659550163315,48.56965708914062],[-124.43636850186925,48.56977688905742],[-124.4361964020712,48.569922989539954],[-124.43615600193814,48.56993248898052],[-124.43599260211795,48.5699075893019],[-124.43593710312476,48.569863289512234],[-124.43566250179275,48.5697406894036],[-124.43546000200931,48.569770289496844],[-124.43536490178278,48.56976248940684],[-124.43523090208974,48.569818089219474],[-124.43517930235706,48.56990868944696],[-124.43511200209139,48.56992758971242],[-124.43504380271614,48.56991038965195],[-124.43501590259868,48.56988378930953],[-124.43492000251338,48.569848989479745],[-124.43460940217989,48.56988878988937],[-124.43461160221499,48.56996978929453],[-124.43458610148396,48.570024089192195],[-124.434505502424,48.57005208938551],[-124.4341943012452,48.57007388942914],[-124.43404430163989,48.57003978942385],[-124.43376200235456,48.570124289482905],[-124.43373640243249,48.57017858952948],[-124.43357430213267,48.57019858929522],[-124.43350780142245,48.57024438983783],[-124.43351140179983,48.57037028985057],[-124.43344560270832,48.57044308968764],[-124.43329890165171,48.57052588941812],[-124.43308790201003,48.57073548975379],[-124.43286060180083,48.57084628953167],[-124.43275090198945,48.57080259009056],[-124.43246550215838,48.57077918935466],[-124.43218040230018,48.57076479013793],[-124.4321257018105,48.57074738984184],[-124.43199000136525,48.570740089854304],[-124.43167950236109,48.57078898995184],[-124.4314103015309,48.57085528990899],[-124.43115480146541,48.57093048984134],[-124.43088480117666,48.57096979012014],[-124.43061400147525,48.570982190165964],[-124.43031720104732,48.57103078977349],[-124.43006220140741,48.571123989947054],[-124.42977940171356,48.57119048957589],[-124.42961650174462,48.57118349047747],[-124.42948180201793,48.571212090368064],[-124.42925550201142,48.57135889005508],[-124.42918820176142,48.571377690311905],[-124.42887700180789,48.571399590042105],[-124.4287814022703,48.57137379028275],[-124.42848400088468,48.57140449029818],[-124.42843060181652,48.57143208969106],[-124.42841880208421,48.57149519020781],[-124.4283791022645,48.57153169030287],[-124.42810890185676,48.57156209012033],[-124.42775700141588,48.57158439038263],[-124.4274313012465,48.57157049067292],[-124.42714670130293,48.57157399086071],[-124.42690610163753,48.571693890305426],[-124.4268800013455,48.57173019090659],[-124.42688500124704,48.571910090101],[-124.42671370157075,48.57208319081887],[-124.42660680116722,48.572138490463296],[-124.42656640158913,48.57214799036097],[-124.42625490056456,48.572160790482386],[-124.42597010149368,48.57215539001122],[-124.42589750140742,48.57198529017624],[-124.42582800190496,48.571923190660634],[-124.4257183009659,48.57187959018595],[-124.42566380119958,48.57187129046471],[-124.42552980137398,48.571926890822134],[-124.42549040173077,48.57197239060679],[-124.42547890113775,48.572044490515765],[-124.42549420156836,48.572107290916335],[-124.42545430083669,48.57213479032877],[-124.42536020198078,48.57216289068582],[-124.42530600133304,48.57216359078008],[-124.42508720142217,48.57209429012717],[-124.42499260036044,48.57210449050366],[-124.42491280121872,48.57215949090605],[-124.42477750141771,48.57217009065835],[-124.42446660041206,48.57220099062416],[-124.42415760076308,48.57230369038643],[-124.42391650135761,48.57240569025465],[-124.42359450172975,48.5725265908648],[-124.42334030092299,48.572646691072364],[-124.4230743006993,48.57282999081752],[-124.42304950128798,48.57291119112759],[-124.42295790065401,48.57302929070152],[-124.42273080104738,48.57314909113427],[-124.42238970061106,48.573072290750275],[-124.42226870128134,48.57310979118677],[-124.42224240081282,48.57313709152594],[-124.42221910042626,48.573272390722664],[-124.4223295005079,48.57334299070605],[-124.4224931009664,48.57337689112278],[-124.42252230149631,48.57344849091116],[-124.4226631012574,48.57363569059617],[-124.42273640083634,48.57383279088038],[-124.42268370095204,48.57388739148931],[-124.42268400102996,48.573896391184114],[-124.42253670062526,48.57396119101013],[-124.42240210149862,48.57399879125748],[-124.42209300074256,48.574092591109725],[-124.42183850084783,48.57420369156317],[-124.4218121008014,48.57423099142519],[-124.4218317012188,48.574446691539],[-124.42179180133282,48.57447419087928],[-124.42149650133022,48.57457679125479],[-124.42115760114302,48.57458099163414],[-124.4208173008902,48.57453119115966],[-124.42038290112313,48.574509591206905],[-124.4201103007221,48.5744589916238],[-124.42000160126342,48.57445129138654],[-124.41994770071238,48.57446099099242],[-124.41972010107158,48.574562691223306],[-124.41963920036774,48.574581691323864],[-124.41958480055226,48.574573391348736],[-124.41953080052357,48.57458309145392],[-124.41946280073431,48.574574891300365],[-124.4191651008902,48.57459659117013],[-124.41911650167665,48.574795091664406],[-124.41907660089973,48.57482259151767],[-124.41875280093824,48.57488049107364],[-124.41843980093898,48.574839391787535],[-124.41839870089629,48.57482189167996],[-124.4180862006578,48.57479879145412],[-124.41781740088862,48.57488309135151],[-124.41742459996786,48.574896891414966],[-124.41712870127354,48.57498149185841],[-124.416846100895,48.575056991749356],[-124.41667270107536,48.57515809204193],[-124.4165008009814,48.575313091635714],[-124.41624780022195,48.5754781918116],[-124.4162077004715,48.57549669205602],[-124.4160644001607,48.575705291832804],[-124.41608390049785,48.5759209918636],[-124.41625240053064,48.576125891817235],[-124.41636430033908,48.57625039158077],[-124.41646090057048,48.57631219159127],[-124.41654480031653,48.57640119156643],[-124.41657540097358,48.576526691331274],[-124.41653980136932,48.57670709128073],[-124.41646020140327,48.57677109178034],[-124.4162062015631,48.576900091667795],[-124.41597980124014,48.57704689206488],[-124.41592790047373,48.57712849184756],[-124.41593560069266,48.57740729187583],[-124.41589530152989,48.57749439212292],[-124.41589870121402,48.57755789189422],[-124.41589810103264,48.57757899222377],[-124.41588440115034,48.57759799170527],[-124.41586030119132,48.57761159171752],[-124.41582980113768,48.57761749197974],[-124.41577680156604,48.577609391595644],[-124.41570450139366,48.57761899141522],[-124.4156738014397,48.5776137916178],[-124.41561070128412,48.577610192059616],[-124.41557900114026,48.577611792445786],[-124.41555980105645,48.57762499232176],[-124.4155350004362,48.57763309196379],[-124.41550740152167,48.57763499185482],[-124.41548060183503,48.57763049206334],[-124.41546780149518,48.57763119225192],[-124.41545740087903,48.57763629194961],[-124.41545260064831,48.57764419169169],[-124.41545490047244,48.57765269203992],[-124.41550200022708,48.57768709180639],[-124.41546300096839,48.57770939215163],[-124.41542980063018,48.57771039227208],[-124.41539730104674,48.57770559206662],[-124.41536790080738,48.577695292542046],[-124.41534350144694,48.57768029217606],[-124.41531750169578,48.5776936918177],[-124.41527240145335,48.577765291834694],[-124.41520920063631,48.577830591690294],[-124.41517140158116,48.57783229232393],[-124.41513640069256,48.57782269172981],[-124.41513040139178,48.57785169213838],[-124.41514460166147,48.57787949195809],[-124.41519150178142,48.577905092076136],[-124.41523800148154,48.57789889226348],[-124.4152856015262,48.57789859213165],[-124.41533230119556,48.57790439205752],[-124.41537650122372,48.57791599246932],[-124.41533310176222,48.57801699214754],[-124.41535120136301,48.5780545920292],[-124.41537560090975,48.57809059247796],[-124.41540620104698,48.578124392364366],[-124.41544250209759,48.57815559219729],[-124.41548740140402,48.57815289208096],[-124.41553010084635,48.578143291638185],[-124.41556820176072,48.57812719209538],[-124.41559940063455,48.57810559218974],[-124.41565260070593,48.57812239214878],[-124.41570620166031,48.57815229214186],[-124.41570950107433,48.57827029166264],[-124.41573770147015,48.57833559211775],[-124.41595790161108,48.57842469194757],[-124.41602500132632,48.578467591691236],[-124.41605540157863,48.57849649214966],[-124.41607760171874,48.57852849141388],[-124.4160908015851,48.57856269151229],[-124.4160946009023,48.57859789164965],[-124.41604520147578,48.57871649225223],[-124.41600040096091,48.578765191896565],[-124.41605770200458,48.578810392252535],[-124.41612800172926,48.578846692195135],[-124.41615850190503,48.578888392201854],[-124.41620270118841,48.57892439191631],[-124.41619220196972,48.57902069190485],[-124.41628600166001,48.57907199209052],[-124.41638920176565,48.57907489164165],[-124.41649080154451,48.57908699185709],[-124.41659580129728,48.57906819222022],[-124.41687500189443,48.57914349168212],[-124.41691500209434,48.57916049200948],[-124.41698020240949,48.579133391916095],[-124.41699940226384,48.579138791648774],[-124.41701560096115,48.57914759179388],[-124.41702750137225,48.57915899156296],[-124.41703410121738,48.57917209162531],[-124.41708070144735,48.57918899217463],[-124.41708270252299,48.57919209210388],[-124.41709440108335,48.57921029194804],[-124.41719810183878,48.57928229230352],[-124.41735920145932,48.57947649160693],[-124.41777980206133,48.5799076920065],[-124.4179168026874,48.58007049177459],[-124.41803340201713,48.580219191616784],[-124.41808610196819,48.58033059182571],[-124.41812000189451,48.580445191830364],[-124.4181262018641,48.58065909170749],[-124.41810410188383,48.580714891639516],[-124.41808790182705,48.58077169218804],[-124.41807780209724,48.580829092004315],[-124.41807370217909,48.580886792295225],[-124.41802190290196,48.58101159195211],[-124.41797680286908,48.58105949211659],[-124.41787550221937,48.581215091721695],[-124.41775460306606,48.58136449198917],[-124.41772460240784,48.58143909166205],[-124.41773330299456,48.58149459194897],[-124.41782400212541,48.58161409167011],[-124.41784830275698,48.58171669164099],[-124.41781480192829,48.581730092076086],[-124.4177010027872,48.581679492298676],[-124.41765620236103,48.58167299145925],[-124.41762930243898,48.58167129222516],[-124.41760280222215,48.58167429210895],[-124.41757840211514,48.58168199241054],[-124.41748200257842,48.5817351916674],[-124.41739580210395,48.58176659247299],[-124.41728160282501,48.581829491538066],[-124.41725590238734,48.58186759198639],[-124.41726220209601,48.58196809175988],[-124.4172716027089,48.5819844920655],[-124.41726500276809,48.582002392164554],[-124.41722250225594,48.58201909230453],[-124.41719900262252,48.58202419225454],[-124.41697710238628,48.58204369213163],[-124.41693830231281,48.5820595923885],[-124.41691240310111,48.58209069196218],[-124.41694760278186,48.582207091694706],[-124.41690890279712,48.582375791772144],[-124.41690620230966,48.582387392028224],[-124.41681090281274,48.58248789231729],[-124.41678340329356,48.58258759214819],[-124.41669890269836,48.58269829179902],[-124.41669090215427,48.582732691967415],[-124.41676470264183,48.58281819217966],[-124.41678080230061,48.58288179254959],[-124.41675770224178,48.582905792476865],[-124.416742402967,48.58293229219361],[-124.41673560259457,48.582960391662525],[-124.41673730221036,48.58298879241111],[-124.41676570252838,48.58302219209067],[-124.41678680316863,48.583057891986456],[-124.4168001024639,48.58309519229029],[-124.41680560283498,48.5831333919753],[-124.41677510269025,48.58320059207846],[-124.41675570341413,48.58326949232151],[-124.41674760218346,48.58333949180719],[-124.41675100292832,48.58340959214578],[-124.41682290332496,48.58355409192368],[-124.41683910227147,48.58368759197676],[-124.4168487032422,48.58371099168513],[-124.41689720299902,48.583746292412414],[-124.41693830311739,48.583785291736426],[-124.41697140275288,48.58382759251464],[-124.4169960028256,48.583872391756046],[-124.41700560283084,48.58389849241528],[-124.41701510322322,48.583951792427335],[-124.41701500248239,48.58397859187743],[-124.41703390230172,48.584001791975936],[-124.41706210325239,48.58402029233877],[-124.41709720321361,48.584032491897965],[-124.41713620273771,48.584037491769166],[-124.41714900315871,48.584047892266085],[-124.41715740371842,48.58409279227571],[-124.41709570313185,48.58409649212116],[-124.4170359033789,48.58408599200664],[-124.41701490300726,48.584100492406016],[-124.41700750316181,48.584120491909246],[-124.41700630338832,48.58414109202841],[-124.41701140373831,48.58416149223129],[-124.41702250260771,48.584180792100355],[-124.416978302907,48.584259391682764],[-124.41698560269249,48.58427169193057],[-124.41697270346738,48.584312191901724],[-124.41692580299097,48.584360891799875],[-124.41686260342428,48.58440059211544],[-124.41682640328041,48.5844444925589],[-124.41681780354895,48.58447259241191],[-124.41683670321316,48.58448559223356],[-124.41684930307514,48.58450169206647],[-124.41685470284513,48.584519391980784],[-124.41685240371163,48.58453739230684],[-124.4167349024959,48.58469419202349],[-124.41674980268382,48.58472509252484],[-124.41678550342225,48.584722492223385],[-124.41685680339369,48.58472789177449],[-124.41693190368878,48.584745492084636],[-124.41697000315877,48.58475959197504],[-124.41700410331904,48.58477769223057],[-124.41703320348535,48.584799292205545],[-124.41713230385582,48.58482599219897],[-124.41720580313941,48.584876892347445],[-124.41729290270612,48.584917392116395],[-124.42277950420032,48.584990990957145],[-124.43459270611103,48.585148790341115],[-124.43459480574634,48.58514859001449],[-124.43459680619334,48.58514788974871],[-124.43459830595097,48.58514688966214],[-124.43459930609654,48.58514568973164],[-124.43459960571003,48.58514429024081],[-124.43452880354916,48.577581989576615],[-124.44660870580663,48.57756578850361],[-124.45638370780168,48.57755048717425],[-124.45638420802254,48.57756848736284],[-124.46296010798463,48.5775750869033],[-124.47827920920585,48.57054148434716],[-124.4784344066831,48.562266684510504],[-124.54385661713334,48.56278857653243],[-124.60051922908448,48.57670637083048],[-124.636912737096,48.585632266794654],[-124.647719239272,48.58559506587385],[-124.65642423950766,48.58556906452479],[-124.6585121405191,48.585556964529815],[-124.65855434123867,48.59016276482546],[-124.66945664321231,48.590122063309686],[-124.67973504508882,48.59008056269148],[-124.68004714529205,48.59008496228802],[-124.68005404450709,48.59029186281171],[-124.68011894729253,48.597974062682745],[-124.6814882465318,48.5979540621873],[-124.7019360495863,48.59776156055117],[-124.70330555051795,48.59775035962447],[-124.70332635062691,48.59998126038144],[-124.70333395097839,48.60020606052628],[-124.70334615099655,48.60137546050513],[-124.7143591521438,48.60132895868736],[-124.71436945299715,48.60163465886736],[-124.71440725433224,48.60635735927976],[-124.72191985559759,48.61025775839869],[-124.72184245563528,48.61037595843757],[-124.72152955609843,48.610749458520495],[-124.721373256588,48.61094075800286],[-124.72133325606025,48.610959358476464],[-124.72114945629073,48.61114195832423],[-124.72086335633462,48.61150615841525],[-124.72078815615535,48.611687258253724],[-124.72071445659712,48.61191325833085],[-124.72061235664255,48.61210365891857],[-124.72045545702585,48.612276958414796],[-124.72028465693032,48.61244145841667],[-124.72009995630013,48.61259715883358],[-124.71980625665147,48.612736459099885],[-124.7195546566386,48.6129201585405],[-124.71941465653165,48.6131921591355],[-124.7193948573037,48.61340835872492],[-124.71942805718864,48.61358785843494],[-124.71946375760918,48.61383925907916],[-124.71949275710351,48.61389275925929],[-124.71956665686145,48.61407155868867],[-124.71972195677,48.614249259285096],[-124.71989195673912,48.6144625584926],[-124.72004725643009,48.61464025883271],[-124.72018865693401,48.614809059208504],[-124.72020375743713,48.61485375912083],[-124.7203337579438,48.61508575869863],[-124.72038425711254,48.6153728589888],[-124.7203903579948,48.61555275865343],[-124.72041155756513,48.6157773592851],[-124.72041855724325,48.61598415919394],[-124.72039755805422,48.61616445862736],[-124.72034945772768,48.616345059139405],[-124.72019315815929,48.61653635908447],[-124.71998255832901,48.61672845883503],[-124.7197849578224,48.61690225899496],[-124.7195875576706,48.617085159377766],[-124.71933475752114,48.617232959596286],[-124.71905305732001,48.617327058800164],[-124.71875655777166,48.617385459348476],[-124.7185009578613,48.61745225859648],[-124.71838015779898,48.61749005875528],[-124.71809805756546,48.61757525956796],[-124.71791065835653,48.61765005946616],[-124.71768405779794,48.61777035923878],[-124.71745835810708,48.617917659505544],[-124.71731465714467,48.618081759531535],[-124.71725325785518,48.61827155965994],[-124.7172427578724,48.61836175877057],[-124.71723565787609,48.61855075910932],[-124.71725645827405,48.618766359616416],[-124.71737105717443,48.61894455918905],[-124.71752635725827,48.61912225941107],[-124.71770755833326,48.619263459032744],[-124.71794215796065,48.619376958918345],[-124.71825865819972,48.619507158830885],[-124.7185739586825,48.61960145944137],[-124.71883375844016,48.619660559606],[-124.71905535798504,48.6197921591161],[-124.71919345855932,48.61986205957185],[-124.71924895823162,48.61989725884106],[-124.71937495824642,48.62001225926703],[-124.71941805807626,48.620083659487975],[-124.71943715792025,48.62024525895486],[-124.71934925913266,48.62045355946501],[-124.71931495781594,48.62064295916094],[-124.71924055874193,48.62085095908271],[-124.71923345811801,48.621040058953184],[-124.71922205899868,48.621103159152185],[-124.7191587584539,48.62123905949042],[-124.71902955841693,48.62142995961637],[-124.71890125861152,48.6216477590544],[-124.71881215959945,48.621820059542976],[-124.718655159478,48.62199335939338],[-124.71845475893161,48.622086259039875],[-124.71810765897105,48.622253359787116],[-124.71797535921013,48.6223543590716],[-124.71774935859426,48.62249265963488],[-124.71752425878942,48.62265795918894],[-124.71732685884086,48.622840859621185],[-124.71723835882206,48.62303106001757],[-124.7172490586425,48.62334585964946],[-124.71726905863774,48.62353445946881],[-124.7172699595784,48.62356145941871],[-124.74338206304756,48.62361885666524],[-124.76532256885187,48.634413554655936],[-124.77517247304799,48.64511215391333],[-124.77371897481967,48.6505055540417],[-124.77364777815114,48.66515705512036],[-124.76369147734316,48.66856065626729],[-124.76330437811069,48.66877745599295],[-124.75756327742839,48.6719913566913],[-124.7558609772958,48.67294415714253],[-124.75625487965766,48.67972985729022],[-124.74518437910473,48.68603465868701],[-124.74437328020004,48.68950105970206],[-124.74245108026244,48.69213265968631],[-124.73936678070072,48.694224359780996],[-124.73664958014992,48.694230260195894],[-124.73659648246242,48.70147056107535],[-124.75828868546247,48.701465358302784],[-124.75869588602134,48.70290445783168],[-124.7693079880107,48.70290965673012],[-124.76929888986365,48.711957757751215],[-124.78023259098835,48.711949456109494],[-124.7803452920946,48.71172115636531],[-124.78044359160631,48.71161595568454],[-124.78056449144894,48.71145135636616],[-124.78074829219283,48.711268555978734],[-124.78083709211785,48.71108725601112],[-124.78098459191654,48.71064415613294],[-124.78115799129128,48.71055145641637],[-124.7814132905749,48.71046655579505],[-124.78165439166665,48.71036385616034],[-124.78185379199289,48.71023485608798],[-124.7819194919312,48.710170855582426],[-124.78206289173849,48.70999765529884],[-124.78224709096516,48.70982385599682],[-124.78233799108553,48.70970555608361],[-124.78238439182687,48.709479855465304],[-124.78239069159058,48.70927285544912],[-124.78238369201141,48.709075055971425],[-124.78241309122873,48.70875075612641],[-124.78242539126336,48.70871455594714],[-124.78266389043912,48.70853995560689],[-124.7828628917991,48.70840185574798],[-124.78300859140977,48.70829165510983],[-124.78324959059664,48.70818895578836],[-124.78340529060677,48.707979655796365],[-124.78341099084814,48.70775465605915],[-124.7834039909592,48.70755685536365],[-124.78341029087834,48.707349855959826],[-124.78351449107153,48.70722225552603],[-124.78359469031139,48.707185055238206],[-124.78379309083067,48.7070289553838],[-124.7840988912326,48.70683535585482],[-124.78431019109217,48.70666115495792],[-124.78456169049798,48.706468255881354],[-124.78473199077281,48.70628575515968],[-124.78488989098878,48.70613935549266],[-124.78508829098443,48.705983355180834],[-124.7851671908848,48.70591015551176],[-124.78521809111973,48.70581035515657],[-124.78525369123822,48.70566585534813],[-124.7852473909448,48.70548605544957],[-124.78521319101556,48.705288654806765],[-124.78515628984731,48.705217555139726],[-124.78485489145226,48.70515025549875],[-124.78478468993242,48.70508835543595],[-124.78447348968244,48.70474235531844],[-124.7844557910519,48.70462565553671],[-124.78452929077243,48.70439955519639],[-124.78462219055619,48.704335154944474],[-124.78468599030282,48.704217254982915],[-124.78487329020676,48.70413335554053],[-124.78495159030628,48.704042155599545],[-124.78496269042806,48.70397005546689],[-124.78494429089501,48.70383535548592],[-124.7849379897609,48.70365555560927],[-124.78490889065955,48.7036019553383],[-124.78485288968656,48.703557855515065],[-124.78475659053109,48.70352335530806],[-124.78450919014062,48.703446254834795],[-124.78421909069823,48.70331575553426],[-124.78402318985965,48.70315685551759],[-124.7838244899325,48.70291705498023],[-124.78376278990667,48.70271105498877],[-124.78372929001739,48.70253165525017],[-124.78370808989784,48.702316055339416],[-124.78370078960036,48.70210925489165],[-124.78374868929568,48.70192855502144],[-124.78393188947396,48.701727854962826],[-124.7840209894821,48.70155555504146],[-124.7841668888323,48.701454255076676],[-124.78451408966176,48.701277954732014],[-124.78470298958136,48.70123905508966],[-124.78498698975311,48.701198655327296],[-124.78509498936475,48.70117905514399],[-124.78539318977535,48.701156355003526],[-124.78571888968337,48.70114235453766],[-124.78586868990442,48.701149054868836],[-124.78615428923594,48.70115355501248],[-124.78642688904138,48.70117635477303],[-124.78674118951781,48.7012254554369],[-124.78689098959876,48.70123215538342],[-124.7872185892343,48.70127205496267],[-124.78747669009965,48.70126805506142],[-124.78762448949331,48.701220754658024],[-124.7876484899949,48.70113045506702],[-124.78762978965429,48.70098675484979],[-124.78758619001964,48.70090645453001],[-124.78746079008424,48.70081845448755],[-124.78730589036272,48.70066785470914],[-124.78726258989383,48.70059655489641],[-124.78714598972198,48.70037345510941],[-124.78706038956393,48.70025785520638],[-124.78699968915393,48.700078854993684],[-124.78697968976383,48.69989925504127],[-124.78696698867495,48.699539554816546],[-124.78700008860035,48.6993231547853],[-124.78719718976141,48.699131155103906],[-124.78731838882032,48.69910225494308],[-124.78757398897368,48.69902635511893],[-124.78782978994587,48.69895935461171],[-124.78786958967659,48.698931754536794],[-124.78816588971456,48.69885525417056],[-124.78823388895934,48.69885415479953],[-124.78849769006402,48.699012054454705],[-124.7887077897261,48.69918865426704],[-124.78876558981692,48.69928675493709],[-124.78878588900145,48.69947535463679],[-124.78881498948986,48.699528854488754],[-124.78906458998573,48.69966895482471],[-124.78932648969987,48.6997728547245],[-124.78960168976697,48.69986755448907],[-124.78993088991017,48.699952354510344],[-124.79010778995595,48.69995865493729],[-124.7903933896424,48.69996315488924],[-124.790541189201,48.69991595424486],[-124.79064478979055,48.69977035492272],[-124.79072178926042,48.69964325441992],[-124.79079659055208,48.69945315429632],[-124.79086439026017,48.699065153878344],[-124.79087098999601,48.698867154146846],[-124.79082798975041,48.69880485408139],[-124.79056929004095,48.69879085439313],[-124.79040659009095,48.69880245437768],[-124.79010808940058,48.69881605456809],[-124.78980219027073,48.698622854368516],[-124.789787690121,48.69859615473718],[-124.78970428890005,48.69854345452354],[-124.78967488924408,48.69848095466098],[-124.78965618921815,48.698337254245594],[-124.78963988941858,48.69787865476815],[-124.78961998901993,48.69769905450644],[-124.78961258946751,48.6974922547121],[-124.78974178936669,48.697301353927735],[-124.78988698873489,48.69718205469906],[-124.78995138895247,48.69708215478954],[-124.79003068932931,48.69701795482082],[-124.79005598834486,48.6969635541812],[-124.79029468874091,48.69679785428191],[-124.79038878933554,48.696769454687],[-124.79066858909167,48.69661215399258],[-124.79077438894515,48.69652955482344],[-124.79101128963812,48.696309953833826],[-124.79121018891446,48.69617185475749],[-124.7913955893727,48.696034054239824],[-124.79205968954389,48.69560085441655],[-124.79224668894807,48.695508054463254],[-124.79247408908793,48.69540555445151],[-124.79272898901154,48.695311553899955],[-124.79303788976478,48.69520785416255],[-124.79329368928377,48.69514085403743],[-124.79349618871409,48.69510175369413],[-124.79379398877062,48.69507005352875],[-124.79386128928216,48.69505105422352],[-124.79396988940256,48.695049353567136],[-124.79426778958404,48.69501775405022],[-124.79487898942747,48.695008153377664],[-124.79505618936996,48.695023453294006],[-124.79534148969326,48.695018954072644],[-124.79566778924885,48.6950228536558],[-124.79597919011641,48.69499105335814],[-124.79600539008236,48.694963653357455],[-124.79604578930547,48.694954054175795],[-124.79608528952971,48.69491745355789],[-124.79625508927236,48.69472585399999],[-124.79626358961956,48.694581753444105],[-124.79624298890475,48.69438415356994],[-124.79626759015247,48.694311753489465],[-124.79630189014601,48.69413135358659],[-124.79640418876045,48.693949753438524],[-124.79639999011113,48.69383295371044],[-124.79645048954438,48.693724153449025],[-124.79660648889099,48.69352375382063],[-124.79664628928248,48.69349615385288],[-124.79670058947754,48.69349535357995],[-124.79676948957243,48.693521253042036],[-124.79684838894408,48.69344805391287],[-124.79720998914961,48.69329845317689],[-124.79743728890952,48.69319595376319],[-124.79751818994869,48.693176653145045],[-124.7976116896156,48.693130253106446],[-124.79782388987397,48.6929829535761],[-124.7982125898346,48.69283295301699],[-124.79853539008381,48.69273795342001],[-124.79862848877924,48.69268255293088],[-124.79877628992185,48.69263525323328],[-124.79931638902254,48.69253685346479],[-124.79965498974069,48.69250455327221],[-124.79993918931967,48.69247315356327],[-124.8005193899309,48.692356153304466],[-124.80095078972057,48.6922593527941],[-124.80116618909418,48.69220205281454],[-124.80142258906157,48.692153052653744],[-124.80166579032556,48.692113252773474],[-124.80190869045457,48.692064452862226],[-124.80216419030793,48.691988552897755],[-124.8028092897006,48.69178945272809],[-124.80302378931349,48.69170515284982],[-124.80325108946826,48.691602652674824],[-124.80343799004268,48.69150975259054],[-124.80358358954189,48.6913994522272],[-124.80366089035938,48.6912813526138],[-124.80369649013686,48.69113685284284],[-124.80371818951988,48.69098355309465],[-124.80371138949899,48.69079475253338],[-124.80372699009537,48.6904705526509],[-124.80376169014697,48.690299152420515],[-124.80384998919115,48.69010875237142],[-124.80394028891413,48.68997245223556],[-124.80405568922563,48.68978165300173],[-124.80415888930095,48.68962715227844],[-124.80442119012852,48.68936215242521],[-124.80455158897476,48.689207152623716],[-124.80458808944452,48.68908965198271],[-124.80459498966395,48.68890055261183],[-124.80461698948517,48.6887562520367],[-124.80469198875878,48.68857515228233],[-124.80480878894443,48.68842035205192],[-124.80513898894203,48.688154352638584],[-124.80533818864919,48.688025252067696],[-124.80552448957482,48.68791435176519],[-124.80573818882196,48.687812051902746],[-124.80591118882194,48.68771035263809],[-124.80609678926571,48.6875815519648],[-124.80624078893271,48.687426352398326],[-124.80631768895118,48.68729915262845],[-124.80634008857163,48.687163851828046],[-124.80626608879105,48.68699405249058],[-124.8061645890763,48.68681575215795],[-124.80613068834624,48.68662735213649],[-124.80613838879187,48.68646525238162],[-124.80615978926232,48.68630295190909],[-124.80615398861998,48.6861411525293],[-124.8061895888263,48.68599665218157],[-124.80622388913355,48.68581615220784],[-124.80624588842628,48.68567185171119],[-124.80628118877831,48.68551835158836],[-124.8063565889306,48.6853462515566],[-124.80643258863384,48.68519215194265],[-124.80653638822164,48.68505555161694],[-124.8066805882849,48.68490935233236],[-124.80685298890943,48.6847896520975],[-124.80702598896757,48.68468795193459],[-124.80721258898853,48.68458615207928],[-124.80749348820899,48.6844647518638],[-124.80768038843438,48.684371851516474],[-124.80791998818312,48.684233151634636],[-124.8084415888586,48.6840000512009],[-124.80892338789029,48.68379455143561],[-124.80912478931812,48.68372835178938],[-124.80932718847626,48.683689251197485],[-124.80959778901264,48.683657951170645],[-124.80982578853929,48.6835734515208],[-124.81002588845321,48.683471351119756],[-124.81024028814242,48.68338695156019],[-124.81044268828512,48.68334785146783],[-124.81070198870607,48.68337975177748],[-124.81086718898725,48.683440151786066],[-124.81096578840739,48.683537551573544],[-124.81098418824364,48.68367215134929],[-124.81096188911172,48.68380745157314],[-124.81085808811261,48.683944051280235],[-124.81076788873949,48.684080451805414],[-124.81072028884628,48.684270151355854],[-124.81068628897378,48.684459551881204],[-124.81066498877455,48.684621851960735],[-124.81067008947534,48.68476575183458],[-124.81066208836008,48.68491875139816],[-124.8106910897248,48.684972351329],[-124.81085728863845,48.68505965129629],[-124.8109393891444,48.68507635101453],[-124.81111078888085,48.6849297515203],[-124.81120068938661,48.68478435108097],[-124.81129088888076,48.68464795179556],[-124.81143708846606,48.68455575138833],[-124.81162398955628,48.6844628513392],[-124.81188008955671,48.68440485106996],[-124.81213448978389,48.68430185110081],[-124.81253578892172,48.68412455128639],[-124.81275108865003,48.68406725133458],[-124.81296679010799,48.68401885128467],[-124.81323608894155,48.6839516508609],[-124.81346368918656,48.683858050894536],[-124.8141018894543,48.683470151408805],[-124.81434218909644,48.683349451425016],[-124.81461078928358,48.683264250642495],[-124.81481158894978,48.6831800506302],[-124.8150954894566,48.683139651231166],[-124.8153932886449,48.68310795068784],[-124.81567578947315,48.6830315507031],[-124.8158904890028,48.68295615056164],[-124.81612008979891,48.68291655085676],[-124.81637898939516,48.682939450714],[-124.81658428948721,48.682981250828746],[-124.8167217902207,48.68302405054327],[-124.81680709014681,48.68313065091423],[-124.8168002892391,48.68331965089842],[-124.8168067891437,48.6834995507391],[-124.81682649020824,48.68367015032266],[-124.81692738958974,48.683830451235664],[-124.81705479020502,48.6839724506092],[-124.81715498998689,48.684114750361786],[-124.81731048966587,48.68428325044357],[-124.81743729051831,48.68440725050407],[-124.81757569051261,48.68447705064813],[-124.81779548995596,48.68454555094644],[-124.81797269074869,48.68456075043277],[-124.81824269029443,48.684511450186996],[-124.81845769031293,48.684445050250325],[-124.8187004900725,48.684396250796276],[-124.81890259080298,48.68434805045151],[-124.81910269013225,48.68424595006473],[-124.81929019022982,48.68417105064903],[-124.81943569024716,48.68406075031642],[-124.81969689026823,48.683768750202915],[-124.81980229062081,48.68367715012803],[-124.81998948956807,48.68359315039145],[-124.82021649018297,48.683481650388416],[-124.8206308904424,48.68329515042334],[-124.82088599098205,48.683210150326744],[-124.82138458983931,48.68309435018648],[-124.82168328999207,48.68308955062411],[-124.82198139014935,48.68306685040103],[-124.82221189048491,48.683054249777456],[-124.82249709045016,48.68304975011569],[-124.82260729110904,48.68309295019699],[-124.82276088988618,48.683207449987286],[-124.82294068978352,48.68329464979863],[-124.82314759117264,48.6833813502715],[-124.82329859080079,48.68342385015294],[-124.82333129120931,48.68357635018737],[-124.82345939032353,48.68373625007047],[-124.8236892913063,48.68408344964542],[-124.82398449031909,48.684357649895844],[-124.8241529917301,48.68450794995445],[-124.8249037919647,48.68498185000096],[-124.82512659179332,48.68513134934525],[-124.82528019093048,48.68524584965074],[-124.8254751912087,48.68537765000829],[-124.8256291915019,48.68550124947879],[-124.82582379185412,48.685624049258855],[-124.82603109107126,48.68571974957913],[-124.8262234917008,48.68577964972791],[-124.82645759224842,48.68586594974171],[-124.82664999173242,48.685925849881095],[-124.82678579216244,48.685923649489304],[-124.83680279353925,48.68899414854829],[-124.8366136941134,48.689024148764354],[-124.83638449330329,48.689072848608326],[-124.8359405948836,48.6891968488994],[-124.8356582939253,48.689282349210565],[-124.83525549375838,48.68941474934963],[-124.83505439389229,48.68948984905003],[-124.83478569377634,48.68957514912409],[-124.83455939417271,48.68970474937629],[-124.83438709423878,48.689824449175596],[-124.83421449424851,48.68993514863943],[-124.83402989401979,48.69009094949485],[-124.83385949422015,48.69026464867932],[-124.83368719426585,48.69038434906757],[-124.83330159383037,48.69061544957726],[-124.83318359463783,48.690734249081714],[-124.83317289457605,48.690815349217836],[-124.83324639436469,48.690967148963495],[-124.83333309470997,48.69110974946388],[-124.83347379447812,48.69124244884845],[-124.8336280948556,48.69137494934293],[-124.83378269458643,48.69151644898986],[-124.83386939402719,48.69165894889572],[-124.83388789449744,48.69179364913361],[-124.83378509470496,48.69195724947349],[-124.83360019475964,48.69210404929588],[-124.83338619428088,48.692197448946615],[-124.83314369444807,48.692255348872465],[-124.83290019478008,48.69228614925753],[-124.8326417943514,48.69228124978371],[-124.8324936947403,48.69231964968264],[-124.83234789422525,48.69242094938397],[-124.83223159481344,48.6925847490447],[-124.83219599396547,48.69272924966548],[-124.83215889472477,48.69282874903888],[-124.83205349417376,48.69292044979767],[-124.8319189942404,48.69295854994465],[-124.83137639435346,48.692985149908594],[-124.83110639437251,48.69303444954528],[-124.83087969432258,48.69315504970433],[-124.83068059372309,48.69328414932927],[-124.8304541940674,48.69341364957543],[-124.83025539466713,48.69355174984541],[-124.83005489437788,48.6936449498328],[-124.82982629469502,48.69371154922819],[-124.82966329379418,48.69371414987898],[-124.82945769461145,48.693663449890266],[-124.82936059394055,48.6936109497153],[-124.82935959437451,48.69358404984769],[-124.82927359499409,48.69345944974347],[-124.82914609484597,48.69331754997285],[-124.82886699420948,48.6931150498748],[-124.82879289423435,48.6929452496266],[-124.82873599418934,48.692874149558925],[-124.82847629447593,48.69283334971906],[-124.8283116942754,48.69279094989764],[-124.82824149411536,48.69272904937311],[-124.82820949389753,48.692594649705754],[-124.82824399400246,48.692423149654964],[-124.82832769311062,48.692106949631054],[-124.82833509443988,48.6919358499223],[-124.82831859340696,48.691855149640126],[-124.8281946936692,48.691812150103],[-124.82807349350462,48.69184104938018],[-124.82790149395449,48.691969749821816],[-124.82778279317698,48.692070649704014],[-124.8275108931045,48.692065949678245],[-124.82696269383511,48.691939649759505],[-124.82666289333899,48.69191744982694],[-124.82643039390673,48.69187614988027],[-124.82632009290664,48.691832950198965],[-124.82619239381857,48.69168194971672],[-124.82607719305652,48.69150384973429],[-124.8259752926363,48.69131654991553],[-124.82583339318786,48.691147850285844],[-124.82569269362524,48.69101514988644],[-124.82559299246412,48.690890749750345],[-124.82549599301507,48.690838349939156],[-124.82540099340244,48.690839850094335],[-124.82518559309642,48.69089725004254],[-124.82503849324924,48.69096255032596],[-124.8247952923609,48.6910023502474],[-124.82452339248904,48.69099774986131],[-124.82433359359644,48.69100975024273],[-124.82420169271357,48.69111975015853],[-124.82405709310581,48.69125695017705],[-124.82380169289598,48.69133305055131],[-124.82365489289087,48.69140734976619],[-124.82352429270168,48.691553350789604],[-124.82343469310638,48.69170764983944],[-124.82318769215458,48.69201745016396],[-124.82306969354785,48.69213635062998],[-124.82292519233823,48.69227355031062],[-124.82280779268389,48.69241035092528],[-124.82266389324482,48.692565550326684],[-124.82251939306477,48.692702850025604],[-124.82240269325027,48.69285765042057],[-124.82221709307281,48.69298645070175],[-124.8218186927712,48.69324475020624],[-124.82163309274796,48.693373550338016],[-124.82150279361595,48.69352865069731],[-124.82139999296245,48.69369215110839],[-124.82130789336875,48.69377455104049],[-124.82108179348057,48.69391315088207],[-124.82083999289033,48.693988950692656],[-124.82062459278335,48.694046350659065],[-124.82021029276612,48.6942417506833],[-124.81998239218771,48.69432635061894],[-124.81979509252282,48.694410250690346],[-124.819581393253,48.69451265104669],[-124.81944749325291,48.69456875051143],[-124.81913769341767,48.694645551182575],[-124.8189096926454,48.69473015063682],[-124.81858929270473,48.69488815135681],[-124.81842729343732,48.69491775111452],[-124.81823809253721,48.6949476509668],[-124.81800819327641,48.69497835061406],[-124.81777979318038,48.695053850722545],[-124.81760619248806,48.69513755109091],[-124.81741989243575,48.69524845132721],[-124.81723459253028,48.695386351007926],[-124.81706319344099,48.695533051487295],[-124.81699889315314,48.6956329507873],[-124.81699109324049,48.69579505146175],[-124.81692869294476,48.6959489511944],[-124.8167081924486,48.696240351281595],[-124.81659109273113,48.696386151798094],[-124.81643359241603,48.69654155125526],[-124.81624829270693,48.69667945168341],[-124.81608889309993,48.69678095098554],[-124.8158886929212,48.69688305123923],[-124.81570139320233,48.69696695170473],[-124.81550119302302,48.69706905161812],[-124.81531369326518,48.697144051500274],[-124.81511319262664,48.69723715150407],[-124.81466949320573,48.697370051103405],[-124.81445499346678,48.69745445146837],[-124.81421439338318,48.69756615187726],[-124.8139999924661,48.697650551753206],[-124.81381269226593,48.697734451568905],[-124.8136399926805,48.69784515195187],[-124.81330979331862,48.698111252083294],[-124.81310959285528,48.69821335183563],[-124.81286869289937,48.69831615158753],[-124.81271989221035,48.698336451764874],[-124.81244729312934,48.69831375215631],[-124.8122823934179,48.69826235168539],[-124.81204819323129,48.69817605225834],[-124.81181339273137,48.69807185230227],[-124.81149549228358,48.69792385165541],[-124.8112228929177,48.69790115183408],[-124.8109919921952,48.697904751748005],[-124.81082959335578,48.69792535215881],[-124.81016039228902,48.698214752227805],[-124.80994729277836,48.698335051777505],[-124.80973389209302,48.698446352492915],[-124.80950809269552,48.698593852236556],[-124.80948609291352,48.698738152090534],[-124.80951809273063,48.69887265250404],[-124.80948059274637,48.69896315194233],[-124.80937479298767,48.699045752480046],[-124.80911769263173,48.69907685239275],[-124.80889969274605,48.69906225182836],[-124.80871019247992,48.69908325215223],[-124.8084559929256,48.69919515204122],[-124.80833689229432,48.69928705238605],[-124.80831139331478,48.69933235235542],[-124.80842679265382,48.6995195526182],[-124.8084034922078,48.69962785237849],[-124.80832429248849,48.699692052217344],[-124.80796429285517,48.69988665218542],[-124.80777729217291,48.69997955219803],[-124.80758879245676,48.700027452666745],[-124.80741639336085,48.70014715245906],[-124.8073638925078,48.70020195207534],[-124.80731219252915,48.70027475239791],[-124.80711259287106,48.70039485264196],[-124.8066584925488,48.70061785253436],[-124.80612089207823,48.70078825265858],[-124.80593399258457,48.70088115305793],[-124.80561699319081,48.701138053009224],[-124.8055515925937,48.70121105256009],[-124.80574949232451,48.701423852461915],[-124.8057672929777,48.70154055318959],[-124.80574429220404,48.70165785284408],[-124.80562779283903,48.701821553112346],[-124.80555119299741,48.701957752923406],[-124.80544829291088,48.70212125315929],[-124.80541269223421,48.70226575272492],[-124.80543239296368,48.7024364529546],[-124.80543779318972,48.70258925323055],[-124.80535989312553,48.702689452893885],[-124.80518649355699,48.70278215282961],[-124.804999492733,48.70287505320843],[-124.80484039321279,48.70298555270926],[-124.80477729265665,48.70312145329829],[-124.8047962924255,48.703274052906515],[-124.80487029296553,48.70344385302157],[-124.80488839341496,48.70356955259368],[-124.80481049387652,48.70366975297319],[-124.80462409385737,48.703780552920456],[-124.80445239255451,48.70391825314803],[-124.80437629347021,48.7040723534255],[-124.80438239413627,48.704243253242744],[-124.80434679346273,48.70438775274745],[-124.8042561931542,48.70451505270138],[-124.80419409306488,48.70467805330919],[-124.80407819391247,48.70485975321712],[-124.80406819382699,48.704958852807415],[-124.804141593709,48.70511065323426],[-124.80421369377665,48.705226452952026],[-124.80421819415771,48.705352353295496],[-124.80416929310488,48.70550605341528],[-124.8041064934369,48.705651053528506],[-124.8041106928969,48.70576795299217],[-124.80416919374824,48.70588395322253],[-124.80431179305074,48.706070652976884],[-124.80430179322747,48.706169753043525],[-124.80422609335693,48.70633285326851],[-124.80419079406735,48.706486352944374],[-124.80417039354718,48.706675653031],[-124.80419039423069,48.706855253024194],[-124.80422299416219,48.70700765267712],[-124.80421489442362,48.70716075273314],[-124.80423389396185,48.707313352766086],[-124.80429439383109,48.70748335339847],[-124.80439589419846,48.70766175288234],[-124.80449589358003,48.70779515302826],[-124.8046238943942,48.707955052778715],[-124.80468339488802,48.70809805322222],[-124.80468849427912,48.70824195363976],[-124.80462539442765,48.70837785277321],[-124.80445239435929,48.70847955333923],[-124.80422399402062,48.70855505286245],[-124.80403669466078,48.70863905293463],[-124.80395709424222,48.708694253630185],[-124.80393119392691,48.70873065357526],[-124.80397809457399,48.70890085306952],[-124.80401099474318,48.70906225356366],[-124.80401779470856,48.70925105345623],[-124.80407789445097,48.709412052979054],[-124.80417809385862,48.70955445307576],[-124.80425189448188,48.70971525375308],[-124.80425759505299,48.7098770534742],[-124.8042902942047,48.71002955334303],[-124.80430969434228,48.710191153514124],[-124.80431609495655,48.71037095327325],[-124.8043004954536,48.710695053421965],[-124.80415649514259,48.71085025296351],[-124.80401159438458,48.710978553426564],[-124.80385399494263,48.71113395324884],[-124.80359249466065,48.71142595330612],[-124.80355529497244,48.711525453104855],[-124.8036286953206,48.711677253690326],[-124.80366809515408,48.71201845336776],[-124.80383659564346,48.71216885305986],[-124.80390969505636,48.712311653300944],[-124.8039160948825,48.71249145331526],[-124.8038241957439,48.71258285295727],[-124.80350779584614,48.71285765315078],[-124.80347179521364,48.712993253993375],[-124.80346469506061,48.7131732538655],[-124.80347049517367,48.71333515342526],[-124.80344939516145,48.71350635340234],[-124.80338629569047,48.713642354000534],[-124.8032820958225,48.713769853868776],[-124.80311029533094,48.71390755384081],[-124.80289669568985,48.714018853862434],[-124.80271069586959,48.71413875331856],[-124.8025938952908,48.7142934540677],[-124.80247829537427,48.71448425390769],[-124.80234849538209,48.71465715368133],[-124.80206179531244,48.71500355376827],[-124.80193079605372,48.715140553708615],[-124.80178549570637,48.71525975370704],[-124.80155799619112,48.71536225414569],[-124.80135679600906,48.71543745385963],[-124.80114349546376,48.71555765359588],[-124.80101249575273,48.71569465416355],[-124.80097719628462,48.715848153588766],[-124.80092859609088,48.71601085427461],[-124.80079199609682,48.71637285418505],[-124.80060809529586,48.716555653955496],[-124.80051819529433,48.716701053914754],[-124.80044309625688,48.71688215403606],[-124.80026049630935,48.717100953453965],[-124.8001568957732,48.71724645370769],[-124.80002459607155,48.717347554183284],[-124.79989449618117,48.71751145376092],[-124.79960159633609,48.71768705369397],[-124.79950999566952,48.71778745405029],[-124.79952029662807,48.718075154301204],[-124.7996357959808,48.71826225432433],[-124.79968359644069,48.71845945413485],[-124.79963629718412,48.71865815432741],[-124.79945119703075,48.71880495447086],[-124.7992381962714,48.71893425420981],[-124.7988546961567,48.71923715480674],[-124.79858939664668,48.71942115423264],[-124.79829719654467,48.71961465418721],[-124.79797489706586,48.71972765456404],[-124.79792179589263,48.71976445420791],[-124.79788129568766,48.719774154548055],[-124.79774989637413,48.71990215471676],[-124.79773829652167,48.71995625440456],[-124.79772489679726,48.7203433545752],[-124.79766649673914,48.72061415450407],[-124.79757159687489,48.72100245452915],[-124.79736509626993,48.72131155472276],[-124.79728639682443,48.72139375450889],[-124.79705919681048,48.72150525459246],[-124.79674889689228,48.72157315459755],[-124.79617939707286,48.72161795468974],[-124.79591019663498,48.72169415521821],[-124.79568339596183,48.72181465470142],[-124.7955366971511,48.72189785457624],[-124.79544319634051,48.72194435463371],[-124.79513799710759,48.72215605463209],[-124.79507389688253,48.722264954978215],[-124.79509129708399,48.72237265497436],[-124.79520259646029,48.72244295497633],[-124.79528699698055,48.722522554396306],[-124.79534619647062,48.72265655469555],[-124.79546229730794,48.722861655064996],[-124.7955644964376,48.723058054783436],[-124.79560749687967,48.72312035490357],[-124.7956830972282,48.72333505482644],[-124.79568949691735,48.723514854707425],[-124.7956282972474,48.723704754310795],[-124.79534669744822,48.723817155259844],[-124.79525319750859,48.72386355502002],[-124.7951741970006,48.72393675492758],[-124.79512559658507,48.72409945512143],[-124.79499549694745,48.72426345454558],[-124.79489089692237,48.72438205487987],[-124.79475919783764,48.724501054974525],[-124.79467009728977,48.724673355218926],[-124.79445999726563,48.7248835550099],[-124.79444739684483,48.72491075558335],[-124.79428779771648,48.72501215530643],[-124.79413079700373,48.725185555075434],[-124.79394659760483,48.72535935500656],[-124.7938805978239,48.725414355150136],[-124.79361229734319,48.72551755478561],[-124.7934128974635,48.72564655522282],[-124.79323029645194,48.7258653550989],[-124.79310209706783,48.72608325544477],[-124.79299909749598,48.726246755565306],[-124.7928524976802,48.726330055599455],[-124.79266349737539,48.72636895523859],[-124.79236709734687,48.726445555469155],[-124.79224669701296,48.72650145524885],[-124.79202169763447,48.726675855457835],[-124.79180929789442,48.72682305523574],[-124.79157079666172,48.726997755570224],[-124.79138589703794,48.727153555578525],[-124.79122829795084,48.727308955468494],[-124.79103009733255,48.72747395558963],[-124.7906951972192,48.72761415593177],[-124.79042369778051,48.72762735595493],[-124.79012529646556,48.7276499555091],[-124.78996279703341,48.72767045538786],[-124.78970679689256,48.72773745604866],[-124.78946539639438,48.72783115557016],[-124.78922549683244,48.72796985626213],[-124.7890684976646,48.72814325561517],[-124.78888429786494,48.72831705571123],[-124.78884409754555,48.72833565558845],[-124.78879099759466,48.72837245573672],[-124.78845479780014,48.72847665589088],[-124.78834629690581,48.728487355589394],[-124.7883051966633,48.72847895598801],[-124.78777519626496,48.72848715581718],[-124.7874893972359,48.72848265565228],[-124.78720339755532,48.72846905601677],[-124.78698529709312,48.728454455801774],[-124.78674879665064,48.72830515585549],[-124.7867076963995,48.72829685641328],[-124.78640899687977,48.72831045582593],[-124.78620609669973,48.728340556474315],[-124.78609929709215,48.7283962560765],[-124.78594219716315,48.72856955565674],[-124.78575669625762,48.72870745594946],[-124.78571559692999,48.72869905603573],[-124.78567519637711,48.72870865600774],[-124.78548969692919,48.728846456218676],[-124.78530479659051,48.7290023564013],[-124.7851334971745,48.729157955968965],[-124.78497679644953,48.72934025607733],[-124.7848481967095,48.7295491561076],[-124.78478249763971,48.7296131563721],[-124.78471509718024,48.729632255962855],[-124.78440219672443,48.72962805639132],[-124.78432099715216,48.72963835607145],[-124.78420149697038,48.7297211566176],[-124.78416769687064,48.72991955623928],[-124.78412129638598,48.73014525656165],[-124.78404519747096,48.73029935637518],[-124.78399719738873,48.73048005662124],[-124.78396049714989,48.73059755602015],[-124.78391349687874,48.73080515682341],[-124.78382599708227,48.73102245656532],[-124.78375209702014,48.7312395566887],[-124.78374579690446,48.731446557046375],[-124.78373469650168,48.73151865643341],[-124.78374109682805,48.73169855649485],[-124.78373449769272,48.73189655598527],[-124.7837000977868,48.732077056641096],[-124.78362519719373,48.73226715653674],[-124.7835360978015,48.73243945652299],[-124.7834959974695,48.73245805613748],[-124.78332469735294,48.732613656854205],[-124.78321879758019,48.73269625621169],[-124.7829212977079,48.73274585674452],[-124.78279899696776,48.73274775639271],[-124.78263839741537,48.73282215661861],[-124.78257369756332,48.73291315679373],[-124.78240329773845,48.733095756694375],[-124.78220609738904,48.73328765715047],[-124.78211349772384,48.733361056323695],[-124.78181949805114,48.7335095569189],[-124.78174459734555,48.73369965674226],[-124.78160119793206,48.7338728564845],[-124.78143019805086,48.73403745711771],[-124.78110709779065,48.734132357191655],[-124.78105339744177,48.73415115684451],[-124.7809739969651,48.73421535682021],[-124.7808538971177,48.734280257210514],[-124.78075219731646,48.73447975761606],[-124.7807040974523,48.73466035726023],[-124.78065709789638,48.734868057202426],[-124.78058189796178,48.73504915653436],[-124.78028689791884,48.73517065685007],[-124.78023289772109,48.735180456781016],[-124.7801124976686,48.7352363575379],[-124.78000969787188,48.73540885722559],[-124.78001009801804,48.735417856666196],[-124.77993519849936,48.73560795720928],[-124.77980489718622,48.735771857116774],[-124.77965919782048,48.73588205675078],[-124.77952579796735,48.7359561567727],[-124.77906749852187,48.73607115752557],[-124.77893659790618,48.736217157016576],[-124.77889609811187,48.736226757494606],[-124.77828509833842,48.73625415727764],[-124.77813579779833,48.73626545777812],[-124.77796039822567,48.736304157382605],[-124.77770559725505,48.73640705766713],[-124.77753109798562,48.736472757862295],[-124.77729209788032,48.736638357259984],[-124.77725169813137,48.73664795756379],[-124.77708029718093,48.73680355782219],[-124.77695099738291,48.73699445767625],[-124.77682079747072,48.7371584580973],[-124.77672749760633,48.737213857390365],[-124.77645629750016,48.73723605743313],[-124.77641519779922,48.737227657273635],[-124.77637349741796,48.737201357912014],[-124.77635859793303,48.737165557633986],[-124.7763168970359,48.73713925745229],[-124.77601939715744,48.73718875779569],[-124.77573959803172,48.73735505807167],[-124.77555529750155,48.73752885754559],[-124.77551519731546,48.737547457376174],[-124.77546049783489,48.73753925735462],[-124.77541879774155,48.73751295754818],[-124.77510669764847,48.737535758132],[-124.77502579702072,48.73755495764396],[-124.77498599727703,48.73758255748274],[-124.77497329725567,48.737609757449206],[-124.77483859843596,48.73764785800437],[-124.77479979764718,48.73770245818295],[-124.77463819763368,48.73774985757392],[-124.77434039707597,48.73779045824191],[-124.77374229722093,48.73779965799892],[-124.77355259742193,48.73782055831172],[-124.77342549734766,48.73768755782539],[-124.77327369735148,48.737626957695205],[-124.77316469786966,48.73761965825995],[-124.7729749973834,48.737640557824506],[-124.77282729675525,48.737696757812046],[-124.77261389642244,48.737817057878786],[-124.7723869970443,48.73793745811204],[-124.77224089721501,48.73803865861522],[-124.77187419726752,48.73805335863237],[-124.77182009729445,48.73806315823748],[-124.77163519759212,48.738218958520505],[-124.77161179734875,48.73832725864014],[-124.771572596413,48.73837285807131],[-124.77149229797028,48.73841005840032],[-124.77139709706529,48.73841155831086],[-124.77110019743313,48.738479058225856],[-124.77077329660172,48.73846605811983],[-124.77055269639496,48.738379558300615],[-124.77031429669735,48.73817625849338],[-124.77024319653077,48.73808735811912],[-124.77015309645377,48.73784585818191],[-124.77011829698885,48.737630458707315],[-124.77011389714347,48.7375045579566],[-124.77015249653543,48.73744105843457],[-124.77041799653398,48.737257058058546],[-124.77044329654842,48.73720265850431],[-124.77062889652929,48.7370648580473],[-124.77076069632896,48.73694585849847],[-124.77073989694608,48.736739257995474],[-124.77061629583565,48.7367051580614],[-124.77019489687203,48.736711658095636],[-124.76992459667372,48.73676075835795],[-124.7696308974256,48.73691825855696],[-124.76944649652258,48.737092058714346],[-124.76927389623808,48.73721165876438],[-124.7692482970073,48.737256958542226],[-124.76924099648318,48.737437058410784],[-124.76930169624549,48.737616058789364],[-124.76934939634265,48.73781325823383],[-124.76935069692072,48.73784915851353],[-124.7693101964839,48.73785885865452],[-124.76920119645123,48.737851458303126],[-124.76889289652661,48.73798215845658],[-124.76879869669374,48.738010658688886],[-124.76852779701095,48.73804175873082],[-124.76825559667658,48.73803695889552],[-124.76817429678344,48.73804715831642],[-124.76798619670889,48.738113058328395],[-124.76794509665712,48.73810465894376],[-124.76776899742109,48.73812535881488],[-124.76763499626189,48.73818145922504],[-124.7675669967323,48.738182458423644],[-124.76752559642259,48.73816515862543],[-124.76765459660504,48.737965258827636],[-124.76765169607083,48.737884258678235],[-124.7675685962255,48.73784055848288],[-124.76745949700404,48.7378332588895],[-124.76724609644656,48.7379534582742],[-124.76710479622662,48.738189558872655],[-124.76702539606727,48.738253758664946],[-124.7669915967941,48.738452159155926],[-124.76702069647854,48.738505759027376],[-124.76721069610203,48.73849385858682],[-124.7673379965873,48.73863585897061],[-124.76744709665688,48.738643159129104],[-124.76746199630668,48.73867885892183],[-124.76745089711821,48.738751058734856],[-124.76718499736442,48.73892605870954],[-124.76715909707664,48.73896245916145],[-124.76691789642994,48.73906505886849],[-124.76681479690174,48.73922865852862],[-124.76676129702125,48.739256458345785],[-124.76668259662183,48.73933855840179],[-124.76660609713159,48.739483759154034],[-124.76650359675874,48.73966525853608],[-124.76641509688348,48.7398555591023],[-124.76633789691381,48.739982659104065],[-124.76633919624628,48.74001865894572],[-124.76631289663617,48.74004595922959],[-124.76629329635904,48.74026225904881],[-124.76630059706049,48.740469058942494],[-124.76626449714847,48.74060455854282],[-124.76625409753485,48.74069465912451],[-124.76624679689814,48.7408746590103],[-124.76614429766038,48.74105615894094],[-124.76606969719647,48.74125525890538],[-124.76606269757477,48.74144435916771],[-124.76598869723968,48.74166135929559],[-124.7658311973428,48.74182575870373],[-124.76570159678745,48.742007659298636],[-124.76554349761363,48.74215395879432],[-124.76546569708927,48.74226315879072],[-124.76553679782756,48.74235205885945],[-124.76555259695901,48.742414759489556],[-124.76551909701871,48.74262215934628],[-124.76540079738305,48.742740958932046],[-124.76509089725302,48.74282665894181],[-124.76479149699387,48.74282225934081],[-124.76464569756678,48.74293245933489],[-124.76448789708026,48.74308785927052],[-124.7644629972644,48.74315115975668],[-124.76451319829413,48.74342035934377],[-124.76454379798308,48.743518759555926],[-124.76456399755546,48.74370745926841],[-124.76453939780984,48.74377975877889],[-124.76444769749946,48.74388015914562],[-124.76393889757382,48.74411285962913],[-124.76381939708287,48.7441956596031],[-124.76377889773359,48.74420525919169],[-124.76355249766279,48.74434365902923],[-124.76333899706867,48.7444638592711],[-124.763125897388,48.744593159739416],[-124.76303419796821,48.74469345941263],[-124.76295289730355,48.745090559871144],[-124.76270049728927,48.74526535938018],[-124.76265339760084,48.74547305959587],[-124.76260309768146,48.74559075920281],[-124.76256569733273,48.745690259324086],[-124.76250439790826,48.745880159443736],[-124.76237529795355,48.74608005922637],[-124.76210399810334,48.74610215976715],[-124.7617962979157,48.74625085977533],[-124.76155729716871,48.74641645956414],[-124.7614088977568,48.74645465976124],[-124.76119489836417,48.74655695999101],[-124.76092759864545,48.746695959917204],[-124.76073089782126,48.746905859658526],[-124.7605746973132,48.747106160034136],[-124.76041749729931,48.74727956004138],[-124.76017709806432,48.747409159990504],[-124.7601378975574,48.74745476027402],[-124.76013189781732,48.74767075991037],[-124.76013939780673,48.747886559613065],[-124.76010679784586,48.7481209600142],[-124.76006789782168,48.74817555980745],[-124.75994769863428,48.7482403600229],[-124.75990689758162,48.74824096030261],[-124.75989359862024,48.7482501600788],[-124.75973259782363,48.74831556030055],[-124.7596405975073,48.7484069599133],[-124.75939869863052,48.748491660111476],[-124.75926899749174,48.74867355995328],[-124.75896069870352,48.74880416014616],[-124.75890689814048,48.74882305995357],[-124.75860779756432,48.74882756038005],[-124.75836649836677,48.74893026021623],[-124.75816689742666,48.749059260300385],[-124.75794009737497,48.74918866018872],[-124.75763299842446,48.749355260643405],[-124.75760709742416,48.749391660311915],[-124.75743409784877,48.74950226007274],[-124.75730029875042,48.74956726050119],[-124.7572477986151,48.74962206062979],[-124.75679719817937,48.749750360550145],[-124.75632379776142,48.74992006044634],[-124.75575399798358,48.750014760778924],[-124.75566039757014,48.75006116033414],[-124.75556829771051,48.75015246086842],[-124.75546579725214,48.75033396037831],[-124.75523899724396,48.75046336050169],[-124.75506349821907,48.75050206103295],[-124.75483709765948,48.750640461134225],[-124.75462229745342,48.75072466096756],[-124.7543107984729,48.750765461019],[-124.7539853979281,48.75079736042906],[-124.75383929800365,48.750898560518095],[-124.7531994972669,48.75089026121213],[-124.75315839806096,48.750881960338546],[-124.75306389788695,48.75090136052118],[-124.75276849789269,48.75101376095558],[-124.7526346977649,48.75107886129904],[-124.75238129718393,48.75122666078493],[-124.75228929764124,48.751317961092454],[-124.75212799750834,48.75137446061171],[-124.75190149756054,48.75151276087622],[-124.75167529802276,48.75166016107645],[-124.75136789764271,48.75181776107492],[-124.75124679728332,48.751855661419604],[-124.75099279826789,48.751985461318355],[-124.75088459783437,48.75200506120792],[-124.75058519780002,48.75200066124877],[-124.75039449723302,48.751994561727884],[-124.75006619725225,48.75194556125082],[-124.74991629751821,48.75193886106523],[-124.74975189810489,48.75190536125073],[-124.7494477979404,48.75176606157376],[-124.74930989738611,48.751714161595075],[-124.74928179732585,48.75168756181336],[-124.74899219697443,48.75157496141246],[-124.74873039708746,48.751480061801686],[-124.74859379681412,48.75146406119622],[-124.74830819759333,48.75146846126406],[-124.7480077963251,48.75143696128056],[-124.74774599710516,48.75134206185854],[-124.74766319735771,48.751307261842534],[-124.74736209678586,48.75125786186253],[-124.7473076975573,48.75125866139966],[-124.74718409728331,48.75122456156278],[-124.74703199718093,48.75115496153982],[-124.74676009767212,48.7511590617847],[-124.7467186968504,48.7511416613767],[-124.74668829687374,48.75105216139163],[-124.74659189687469,48.751017661834474],[-124.74642869644292,48.75102016190626],[-124.74629429661766,48.751067161491264],[-124.74628409706288,48.75116626154525],[-124.74619579685756,48.75136556168654],[-124.74607439735361,48.75139436146453],[-124.74580239657985,48.751398462082605],[-124.74550359654319,48.75141196229443],[-124.74546249654585,48.751403661737015],[-124.7452673966855,48.75127166196192],[-124.74519289687062,48.751083861625965],[-124.74500959709887,48.7508976618939],[-124.74491059731662,48.75079126204833],[-124.74474189639393,48.750631861740246],[-124.74458669621964,48.750472261700324],[-124.74443119629342,48.750303661976275],[-124.7441254959397,48.75011936228091],[-124.74392059577066,48.75009546232369],[-124.74373059575733,48.75010736210776],[-124.74359739583336,48.75019036190572],[-124.74358939566221,48.750352362191144],[-124.74354949581381,48.75037996176893],[-124.74350899565954,48.75038956185741],[-124.74320739640585,48.75032216178962],[-124.74302169636691,48.750459961444264],[-124.7427957964018,48.750616262118605],[-124.74250199650226,48.75077366207599],[-124.74245129571484,48.75088246210007],[-124.74245839591076,48.751089262221186],[-124.74250609586508,48.75128646216134],[-124.7426760958624,48.75148176235934],[-124.74279139578191,48.75166896185562],[-124.74278159717772,48.75177706226657],[-124.74278869671117,48.75198386185934],[-124.7428031962791,48.75201066189929],[-124.7430260960467,48.75216026225268],[-124.74313859674986,48.7522664624367],[-124.74341529717489,48.752397262028104],[-124.74366779669151,48.75261836192162],[-124.74374259624076,48.752815162120626],[-124.74371949705973,48.75293246239902],[-124.7436536972014,48.75299636223062],[-124.74338579705008,48.75311746228349],[-124.74337619645769,48.75323456244386],[-124.74339069622799,48.753261262080585],[-124.74365439699912,48.753410262004245],[-124.74370909683584,48.75341836252389],[-124.74383309692142,48.753461561713216],[-124.74406829712512,48.753574862448026],[-124.74431829760171,48.753724061931045],[-124.74437489660492,48.753786162125756],[-124.74461079746817,48.753917561969345],[-124.74466859755245,48.75401566186557],[-124.74474379704797,48.75422146254116],[-124.7447743971543,48.754319961720896],[-124.74496999751742,48.754469861595645],[-124.74515649824318,48.75474596216483],[-124.74520379840814,48.75493416208831],[-124.74531979731701,48.755139362169324],[-124.74539429756926,48.7553271616712],[-124.74540149743021,48.755533961991496],[-124.74551279802755,48.75560426198902],[-124.7455841978603,48.75570216203991],[-124.74565689774983,48.755835961833995],[-124.7456349974327,48.75598926199345],[-124.74579049767691,48.75615786183251],[-124.74590299783759,48.75626406243501],[-124.74585209757632,48.756363861680214],[-124.74581109781847,48.756751261741314],[-124.7457748984696,48.756886762385456],[-124.74559939866283,48.75692546215906],[-124.74551929818448,48.756971662141964],[-124.7453889985021,48.75713556175886],[-124.74535129825716,48.75722606241113],[-124.7453540981867,48.75730696199728],[-124.74538319846762,48.75736056212666],[-124.74541659816975,48.75753996233238],[-124.74550249821793,48.75766456173543],[-124.74565839773364,48.75784216198305],[-124.74574649792609,48.758029761980545],[-124.74574779840579,48.75806576248241],[-124.74566989826454,48.75817486263636],[-124.74557749845818,48.75825726174844],[-124.74551419824348,48.758393161859246],[-124.74547739895142,48.758510661999814],[-124.74537049881066,48.75856626231342],[-124.7453896982767,48.75872786241586],[-124.74536639895015,48.75923206184141],[-124.74538519844614,48.759384762016566],[-124.74531939830067,48.75944866210605],[-124.74532099903196,48.7594936618405],[-124.74536429913734,48.75956496175869],[-124.74538039890156,48.75963666190113],[-124.74546849917525,48.759824262218416],[-124.7455117986582,48.759895562563685],[-124.74551869861799,48.760093462189474],[-124.74551189974144,48.760291462108945],[-124.74564149962943,48.760496462024506],[-124.74571609951786,48.760684161964406],[-124.74573649851052,48.760881862072],[-124.7456981991653,48.760954362337365],[-124.74565829974482,48.76098196185586],[-124.74558169925335,48.76112706242989],[-124.74557029965982,48.7611902621751],[-124.7455993992565,48.76124376258504],[-124.74564079922017,48.76126116255525],[-124.74579729944331,48.761456662368104],[-124.7459944986666,48.76165166200554],[-124.74613649933224,48.76182036220326],[-124.74615440044933,48.76194606234645],[-124.74628399945308,48.76215106269412],[-124.74641269903947,48.76232906202016],[-124.74646029959041,48.76252626264323],[-124.74648140007827,48.762741861944704],[-124.746442799474,48.76280536186027],[-124.7463225995439,48.76287016210243],[-124.74616000024102,48.76289066201046],[-124.74598809986686,48.763037161881414],[-124.74586890041085,48.763128962029356],[-124.74583209977902,48.763246462782845],[-124.74576690052255,48.76332846246182],[-124.74549889984549,48.76344946191231],[-124.74542009934446,48.763531562504795],[-124.74542730008807,48.76373836236519],[-124.74541459979415,48.763765562231995],[-124.74542149931132,48.7639633622865],[-124.74538750017123,48.76416186252998],[-124.74538109969428,48.764368862794626],[-124.74538860101357,48.76458466251471],[-124.74537690017077,48.764638862641476],[-124.74541030012584,48.76481826254298],[-124.74529380046911,48.764990962750886],[-124.7450941003136,48.76511996191985],[-124.74499189955353,48.76531036225293],[-124.7448710004493,48.765357162252506],[-124.74448250017554,48.76553406226753],[-124.74441660029555,48.765597962645025],[-124.74440430010232,48.765634162351255],[-124.74427289965243,48.76577116249717],[-124.74425170049153,48.765942362217615],[-124.74398580002999,48.76612636226062],[-124.74395990060295,48.766162662045055],[-124.74381240105633,48.766227862819605],[-124.74353400059512,48.76643906240141],[-124.7432932005624,48.76655966217148],[-124.74325360051579,48.76659626254768],[-124.74324250038153,48.76666836254173],[-124.74313679968515,48.76675996277907],[-124.74300260103777,48.76681596276189],[-124.74292380029598,48.7668980627203],[-124.74281200065784,48.76720566303373],[-124.74260060031652,48.76738876318746],[-124.74254680028287,48.76740756306888],[-124.74246770055008,48.7674807631583],[-124.74247860082276,48.76779546305847],[-124.74241550058349,48.767994562688386],[-124.74237370053586,48.76803136311283],[-124.74206770058618,48.76809986312778],[-124.74192880071483,48.768111363336416],[-124.74166480007297,48.768188163174756],[-124.74149800057499,48.76825436342283],[-124.74131730123355,48.76834786313451],[-124.74128930085699,48.768411562907744],[-124.74124750122063,48.76844846294195],[-124.74120460010813,48.76864786325636],[-124.74116229994453,48.76874796284402],[-124.74098140111144,48.76889566316744],[-124.74091220081138,48.76891496272185],[-124.74069140112042,48.76892796293594],[-124.7405806009736,48.76901126327847],[-124.74037410053762,48.769024162973835],[-124.74004410004865,48.76898516321155],[-124.73998920087163,48.76900426314566],[-124.73990690088124,48.76909626287469],[-124.73986630072788,48.76920556312264],[-124.73971680042918,48.76928086295959],[-124.73974370051057,48.76934406369278],[-124.73972100067748,48.769383462753225],[-124.7397328007779,48.7694092630973],[-124.74187060027675,48.76943666272731],[-124.74176900263969,48.77381966320816],[-124.75122320477787,48.77904556214185],[-124.7512447054369,48.7794911625951],[-124.75114390570413,48.780168762609044],[-124.75115450524018,48.780382462101734],[-124.75073160510937,48.78130186204767],[-124.7501706049454,48.781893062301926],[-124.74960500554155,48.78269036283856],[-124.74803080542425,48.78368906244465],[-124.7466866054613,48.78461086286165],[-124.74590890547672,48.78492836271392],[-124.74582480821746,48.79624686386114],[-124.75079081082521,48.79985186339903],[-124.75567071239891,48.802943262927215],[-124.7562073121929,48.80335096260646],[-124.76437451354191,48.803350961477676],[-124.76493881255942,48.80298226182184],[-124.7654785134158,48.802549061678114],[-124.76578421334142,48.80237256117274],[-124.76629521301261,48.80230256148291],[-124.76692971334006,48.80222046118623],[-124.76744171257162,48.80192816116038],[-124.76787671331134,48.801560561282734],[-124.7687740137954,48.80114976150323],[-124.76954321299871,48.800948960905416],[-124.77088531351339,48.80000176085366],[-124.77158991397391,48.7995140609237],[-124.77245911285064,48.799059860859174],[-124.77342231339442,48.798568260860854],[-124.77440441301162,48.79822926037345],[-124.7754701135986,48.79794296040983],[-124.77661491358542,48.79758346035493],[-124.77703401309832,48.79749606013831],[-124.77732801415445,48.79733856005759],[-124.77780941437167,48.79708826018279],[-124.77819931312807,48.796947259657166],[-124.77860251346237,48.796797059635274],[-124.77894851345116,48.79656685949859],[-124.7798451139678,48.796121159606464],[-124.78032551289402,48.79584385962778],[-124.78064251362146,48.795569059491946],[-124.78123971315833,48.795127959483835],[-124.78183811346895,48.79472285900641],[-124.78278591346927,48.79418645963944],[-124.78332101364681,48.79391725922068],[-124.78363901381229,48.793669459119535],[-124.78398431431236,48.79342115916541],[-124.7844520137936,48.793171059269866],[-124.78470031413197,48.79287925918295],[-124.78492151366562,48.792587958654934],[-124.78525181347503,48.79230395867296],[-124.7856391135099,48.79209105921465],[-124.78601761331183,48.79201325867016],[-124.78642171412864,48.79188995861649],[-124.78667581393567,48.79176005909088],[-124.78691691385205,48.79164835833502],[-124.7874179137835,48.79156865865341],[-124.78790081425636,48.79136325873426],[-124.78821681400223,48.79106145842926],[-124.78848861340514,48.79066135828383],[-124.7886416131326,48.79037115843526],[-124.78868551364744,48.79007355792263],[-124.78858391315907,48.78989525807948],[-124.78831951358084,48.78973735824842],[-124.78797361314417,48.78958075855976],[-124.78786061292439,48.78946565867592],[-124.78774441294644,48.78926045869229],[-124.78771931252075,48.78740755893604],[-124.78769601262019,48.78675125799642],[-124.78762631178502,48.78632045863461],[-124.78764291234026,48.786023358357156],[-124.78784441232868,48.7855613582629],[-124.78841441162122,48.78512965863226],[-124.7892459118996,48.784774858617546],[-124.78995681284704,48.784475958212326],[-124.79074621174769,48.784085858337676],[-124.79125431191598,48.783826057844124],[-124.79190821227188,48.783456058283505],[-124.79255711251326,48.78332895807127],[-124.79299561230073,48.78302525797602],[-124.79341851171402,48.78266785774968],[-124.79424921256947,48.782295057328994],[-124.79542521276154,48.78206075692341],[-124.79654221238555,48.782079357514476],[-124.79744961236737,48.78194825726424],[-124.79785011260277,48.7817260568031],[-124.79806121218968,48.78115605680223],[-124.79835191263453,48.780530756686716],[-124.79872851217581,48.78002105648212],[-124.79899071247061,48.77936015707152],[-124.79914801279526,48.778808956940445],[-124.7990892120973,48.77830605708709],[-124.79916901155632,48.77787295695324],[-124.7994341115174,48.77729305647943],[-124.79984941213438,48.777106656707375],[-124.8000094114723,48.777014156948916],[-124.80049021158304,48.776754756629465],[-124.80141701214491,48.776407456176024],[-124.80176561183278,48.77625805681389],[-124.80219351234575,48.77604435607689],[-124.80322131248028,48.77585735643496],[-124.80415421212547,48.77568085634044],[-124.80481021180759,48.77537365590727],[-124.80548721246862,48.77489525588946],[-124.8063411120745,48.77441405536836],[-124.80771471256475,48.77438355561107],[-124.80848171295435,48.774515455619216],[-124.8088759122329,48.774500255301874],[-124.80942951317547,48.77437455565912],[-124.80980971208184,48.77435065545195],[-124.8102055131001,48.774380355443135],[-124.81098681283068,48.77453005501263],[-124.81134341266848,48.774605455639836],[-124.81167181319309,48.77465425521262],[-124.8119847133471,48.774649355020436],[-124.81236271341271,48.77456235493712],[-124.81294211293407,48.7744003552547],[-124.8137263127881,48.77425305545753],[-124.81502251316002,48.77396275509469],[-124.81544201286592,48.77389315479495],[-124.816160014125,48.77380085476919],[-124.8167988129476,48.77377285445938],[-124.81722181307086,48.77380215454276],[-124.81756121372322,48.77377875465453],[-124.81763831278559,48.77365165451967],[-124.81759201363012,48.77349935420346],[-124.81763991346907,48.773318754679266],[-124.81782481286659,48.773162854216245],[-124.81767811290888,48.772868254540306],[-124.8176307130507,48.772311253962684],[-124.81791021330645,48.77175805395545],[-124.8179671132463,48.771073354291474],[-124.81821031222181,48.77064675417865],[-124.81863101231893,48.77023525423488],[-124.81893761240669,48.76968165415895],[-124.81970191197252,48.768985753989085],[-124.82160181270339,48.768083154097326],[-124.82211091216837,48.76785915402916],[-124.82274301287842,48.76765125376718],[-124.82314161254438,48.76738405408571],[-124.82425451331305,48.766547753597244],[-124.825689412427,48.76595815316275],[-124.82664531289863,48.76567315282297],[-124.82775891269513,48.765610453408456],[-124.82861291304069,48.76551595274984],[-124.82939291245458,48.76526065247512],[-124.830504013102,48.76512605245034],[-124.8324373132632,48.765149352583414],[-124.83330371440283,48.76539645247161],[-124.83386131402231,48.76538755216466],[-124.834512214219,48.76532325215072],[-124.8356789132976,48.765223651901415],[-124.83625691450298,48.765025551587456],[-124.83679371424223,48.76481905164191],[-124.83783611349834,48.76466745164164],[-124.83905821439319,48.764594051246284],[-124.84022691464256,48.7645483517835],[-124.8416068146464,48.764697251811675],[-124.84225231427818,48.764857851123864],[-124.84295121462851,48.76499065149204],[-124.84378911500572,48.765202151502685],[-124.84419781474098,48.76521355124256],[-124.84435771496388,48.765121050854574],[-124.84485911449961,48.76469015093876],[-124.8451220149227,48.76406525066589],[-124.84528431487254,48.763666751232115],[-124.84557471539748,48.76305035059916],[-124.84606141529343,48.76259275092424],[-124.8468095149635,48.76221185102203],[-124.84734631541251,48.76163645044301],[-124.84762901511473,48.76118215058601],[-124.84801331462289,48.76052815018223],[-124.84877201473128,48.759697350510834],[-124.84962831489466,48.75892785024981],[-124.85162121484747,48.75798724979015],[-124.8523443144547,48.75766964946405],[-124.85280901413488,48.75735634941657],[-124.8535938149346,48.756866849507894],[-124.85453081397179,48.756446949509076],[-124.85562961497588,48.755988449236554],[-124.85680811540286,48.75547464934552],[-124.85758621390333,48.755174248925265],[-124.85824921519675,48.75507354882487],[-124.8588979145563,48.75495514889417],[-124.85994761547795,48.75464124893389],[-124.86035951465712,48.754373748893386],[-124.86075841489894,48.753755548815455],[-124.86114311399241,48.75311954839096],[-124.86180531459725,48.751894348823186],[-124.86193401466328,48.75132544807475],[-124.86195451431468,48.750776348807584],[-124.86219091382927,48.75017874802819],[-124.86225491398666,48.750069748847324],[-124.86243491453371,48.74978794825628],[-124.86301391353993,48.749256747961255],[-124.86355111338608,48.749068147849584],[-124.86381111419105,48.748740047554016],[-124.86431441407262,48.74837204818519],[-124.86483841369852,48.74819264771448],[-124.86595251379816,48.747787748279656],[-124.86726001450788,48.747460647467456],[-124.8680930136552,48.747177247655785],[-124.8691040134803,48.7469269473432],[-124.87029541415897,48.74677264781057],[-124.87116621381848,48.74640764724816],[-124.87236971392099,48.74584824700617],[-124.8744382150912,48.74477104650497],[-124.87618241478668,48.74375304660672],[-124.8771711141125,48.743637946421394],[-124.87757161520983,48.74343344642501],[-124.87808881459284,48.74234544660308],[-124.87866671424412,48.741427346004606],[-124.8806038140023,48.74011824561057],[-124.88160731431736,48.73821254522981],[-124.8841961136565,48.73396884544219],[-124.8863798134278,48.73271854427643],[-124.88841591376115,48.73261314414297],[-124.89283671371857,48.731182144315355],[-124.89588191333995,48.730790143694925],[-124.89719281434772,48.73057064301618],[-124.89757521385957,48.729889643759996],[-124.89672931330189,48.72909384384298],[-124.89578321345591,48.72816474329849],[-124.89513001335749,48.72706894375856],[-124.89487451333012,48.725696643664705],[-124.89441851186379,48.724417643285726],[-124.89571541234204,48.7238294435402],[-124.89746511190702,48.722990943608856],[-124.89910821236792,48.72184834335737],[-124.90152211158663,48.71987424249029],[-124.90356921138402,48.71755524243254],[-124.90697051245387,48.71581654192755],[-124.90801231214354,48.71532254121432],[-124.90947421157024,48.714794441404635],[-124.91070721222333,48.71396434085036],[-124.91148561208193,48.71297974123578],[-124.91251801148668,48.71188304099335],[-124.91341431117924,48.71149924072736],[-124.91379091136119,48.71139404110364],[-124.92227371224196,48.71138773979847],[-124.92601301371577,48.71176613923515],[-124.94442611611954,48.711564637563086],[-124.94793191731573,48.71152343667685],[-124.94808131719866,48.71152093680322],[-124.94858431741304,48.71152143683533],[-124.96633451936655,48.71140863524866],[-124.96939231952865,48.71138343415759],[-124.96980022032062,48.711385434676345],[-125.00001012672291,48.72036533093808],[-125.01997813122958,48.72605632894411],[-125.02244843208338,48.72619382925912],[-125.04246283649354,48.73328392690604],[-125.051296638849,48.73508802594353],[-125.05343083968451,48.736720825451904],[-125.06450204127347,48.73661202402682],[-125.08657054382124,48.73649122163613],[-125.10912985168758,48.75081172008705],[-125.1093529526215,48.754414819978294],[-125.10955365287738,48.758019020482706],[-125.10974445387396,48.761624920352105],[-125.1098376543167,48.76342832015517],[-125.1099299546899,48.765232020386755],[-125.12077915736326,48.76519531940194],[-125.12093615840581,48.76881281920757],[-125.1210886589446,48.7724319195916],[-125.11669106047367,48.778906220128945],[-125.10652486062392,48.78556202192001],[-125.10638686152767,48.792538622333716],[-125.10628576381704,48.79967242274704],[-125.1067373642311,48.799665822192935],[-125.10709286440067,48.79966072237097],[-125.10713066372278,48.799632122770696],[-125.10716906401564,48.79960402243272],[-125.10720826370107,48.799576221971755],[-125.10724816353543,48.799548922547324],[-125.10728866434036,48.799522122382356],[-125.10732986355738,48.79949562193416],[-125.1073717637774,48.79946972217391],[-125.10741426411454,48.79944422201582],[-125.10745736335835,48.79941912186863],[-125.10750116360612,48.799394622406325],[-125.10754556397185,48.79937052254325],[-125.107590464331,48.799346921776014],[-125.1076360636308,48.79932382244597],[-125.10768216413598,48.79930122180018],[-125.10772886381469,48.79927912202317],[-125.10777606410974,48.79925752213807],[-125.10782386381489,48.79923652197432],[-125.10787216413844,48.79921602170059],[-125.10792086351205,48.799196022368925],[-125.10797016386489,48.79917652228234],[-125.10801996448413,48.79915762214708],[-125.10807016353698,48.79913922215157],[-125.1081128636586,48.79912352204104],[-125.10815506343478,48.79910722193827],[-125.1081967638391,48.79909022257986],[-125.1082378640088,48.799072821583245],[-125.10827836444595,48.799054721976226],[-125.1083182635549,48.79903602222406],[-125.10835756366718,48.79901692243572],[-125.1083962640146,48.798997122030514],[-125.10843436450779,48.79897682193662],[-125.10847166318999,48.798956021843026],[-125.1085083638478,48.798934722452636],[-125.10854436461662,48.79891282194724],[-125.10857966334112,48.79889042201042],[-125.1086141641517,48.79886762171236],[-125.10864796327164,48.79884422192099],[-125.10868106424527,48.7988204223355],[-125.10871326449704,48.79879622184568],[-125.10874476305845,48.79877142186527],[-125.10877536420668,48.79874632182637],[-125.10880526452235,48.79872072195266],[-125.10883426352773,48.79869472238773],[-125.10886236364493,48.798668322313155],[-125.10888966402162,48.798641521495284],[-125.10891606371072,48.798614321788484],[-125.1089416639282,48.798586822203404],[-125.10896626428391,48.798558921956634],[-125.10898996419294,48.79853072167772],[-125.109012863776,48.798502121868815],[-125.10903466400188,48.79847322169906],[-125.10905566355157,48.79844402206436],[-125.1090756643717,48.79841462228915],[-125.10909466412791,48.798384822266556],[-125.10911276430413,48.798354821870035],[-125.10912986368737,48.79832452209074],[-125.10914596434797,48.79829402217353],[-125.10916106445737,48.79826332172891],[-125.1091751634271,48.798232421966766],[-125.1091882636801,48.798201322068316],[-125.10920036338788,48.79817002164399],[-125.10921146379262,48.79813852229364],[-125.10922156451461,48.79810692207212],[-125.10923056398943,48.798075222033916],[-125.10923866390374,48.798043321626515],[-125.10924556307786,48.7980114217015],[-125.10925156331587,48.797979322207574],[-125.10925646438497,48.797947222142234],[-125.10926036336384,48.797915022026615],[-125.10926316379873,48.797882822139634],[-125.10926496335865,48.79785052179297],[-125.10926566316896,48.7978182220848],[-125.10926536358744,48.79778592237046],[-125.10926406399646,48.79775362185022],[-125.10926166345267,48.79772132237808],[-125.10925816340735,48.797689122398246],[-125.10922786431952,48.79744262212131],[-125.10922536327415,48.79741812205515],[-125.10922386344356,48.797393622391766],[-125.10922336393811,48.79736902146859],[-125.10922376372702,48.79734452206564],[-125.10922526360152,48.79731992196766],[-125.10922776371153,48.79729542153588],[-125.10923116284292,48.797270921761296],[-125.10923556368485,48.79724662210589],[-125.10924106425298,48.79722232181823],[-125.10924746348536,48.797198122250386],[-125.10925486415532,48.79717402193831],[-125.10926316434472,48.79715012199905],[-125.10927256390133,48.7971263214897],[-125.1092828635944,48.797102722152246],[-125.1092940633929,48.79707932197733],[-125.10930626367877,48.79705612232897],[-125.10931936406729,48.79703312184235],[-125.10933346372984,48.79701032229106],[-125.10934836399755,48.79698782219873],[-125.10936426377526,48.796965621894365],[-125.10938106391892,48.796943721612635],[-125.1093986640742,48.79692212199764],[-125.10941716397346,48.796900821604474],[-125.10943656302513,48.79687982164183],[-125.10945676294463,48.79685922199761],[-125.10947786408437,48.79683902202643],[-125.10949966363859,48.79681912176454],[-125.10952236320128,48.79679962158403],[-125.10964216288603,48.796699521536205],[-125.10966236390333,48.796683222051136],[-125.10968336334003,48.79666732169161],[-125.10970516329533,48.79665192170963],[-125.1097277637691,48.796637022104626],[-125.10975106316873,48.79662262192162],[-125.10977506297384,48.79660882161305],[-125.1097997632961,48.79659542226183],[-125.10982516340428,48.79658262198412],[-125.10985126391898,48.79657042157889],[-125.10987786351576,48.79655882153633],[-125.10990506316779,48.79654782201044],[-125.10993276370426,48.796537421227185],[-125.10996106370708,48.79652762216879],[-125.10998976362366,48.79651842169768],[-125.11001896410647,48.79650992203962],[-125.1100485632946,48.79650202137752],[-125.11007856390955,48.796494821763375],[-125.11010886287987,48.79648822178989],[-125.11013956386985,48.796482321654175],[-125.11017046372591,48.796477121457144],[-125.1102016634218,48.79647262135267],[-125.11023296346502,48.7964688222221],[-125.11026456394153,48.79646572197421],[-125.11029626414837,48.796463321900156],[-125.11032806408711,48.79646162199976],[-125.11035996348892,48.79646052141039],[-125.1103918637545,48.796460222093145],[-125.11042376337502,48.79646062158614],[-125.11045566359206,48.79646172148872],[-125.1104874630859,48.796463621709954],[-125.11051916376704,48.796466121714644],[-125.110550663105,48.796469321821675],[-125.11058206328407,48.79647322177525],[-125.11061316419179,48.79647782165835],[-125.11064406376082,48.796483121644364],[-125.11067466319975,48.79648902190727],[-125.11070496423322,48.79649572175367],[-125.11073486416684,48.796503021724114],[-125.11076446397406,48.796510921972434],[-125.11079356378363,48.79651952143551],[-125.11082226397876,48.7965288214768],[-125.11085046393644,48.79653872188034],[-125.11087806389568,48.79654922208363],[-125.11090526397153,48.796560322003955],[-125.11093176307789,48.79657202157181],[-125.11095776378048,48.796584321894095],[-125.1109830638627,48.79659712180217],[-125.1110076635971,48.79661052215924],[-125.11103156392217,48.79662442169372],[-125.11105486304216,48.79663892144159],[-125.11107726387863,48.7966539220511],[-125.11109906358573,48.79666932194964],[-125.11111996404127,48.796685321974344],[-125.11114006359988,48.79670162131009],[-125.11115926366364,48.79671842191966],[-125.1111776633449,48.796735721557624],[-125.11119516360552,48.79675332154508],[-125.11138466435979,48.79695132160439],[-125.11442276500618,48.79884172155006],[-125.11445186510171,48.798860221667375],[-125.11448026459088,48.798879221399154],[-125.11450796530448,48.79889872113609],[-125.1145348641829,48.798918621485036],[-125.11456106462505,48.79893892177682],[-125.11458656479986,48.79895962162211],[-125.11461126522013,48.79898082132593],[-125.11463516535363,48.79900232117104],[-125.11465826486041,48.799024221222],[-125.1146805649504,48.79904652106968],[-125.11470206475158,48.79906912106071],[-125.11472266477618,48.799092121500095],[-125.11474246510055,48.79911542087467],[-125.11476136477503,48.79913902104474],[-125.11477936500904,48.79916292160127],[-125.11479656432938,48.79918712150438],[-125.11481276477757,48.79921152117219],[-125.11482816492983,48.79923622098738],[-125.11484256465793,48.79926122104191],[-125.11485606561692,48.79928632135771],[-125.1148686652971,48.79931172167302],[-125.11488026426721,48.79933732136549],[-125.11489096446374,48.799363021320495],[-125.1149007655464,48.79938892160229],[-125.11490946493473,48.7994150211132],[-125.11491736531353,48.799441221446386],[-125.11492416495334,48.79946752174507],[-125.11493006519102,48.79949392150803],[-125.11493496532691,48.79952052145002],[-125.11493886516462,48.799547021788946],[-125.11521526491318,48.799543021524805],[-125.11725346579274,48.79951342097296],[-125.11727526372303,48.79387092046178],[-125.11727666306687,48.79348722082518],[-125.11740716452552,48.79356482105356]],[[-124.85173169251811,48.67327594584057],[-124.85176729175384,48.6733063463738],[-124.85180439240834,48.67334634674059],[-124.8518162923764,48.67336744613374],[-124.85183709254434,48.673387746525556],[-124.85185269251656,48.67341924602248],[-124.85184879308179,48.673434046266],[-124.85175399190209,48.67345984598062],[-124.85171379320899,48.67345684648706],[-124.85165829206949,48.673430446429634],[-124.85158719183735,48.67334464610919],[-124.85158849181931,48.67331954646781],[-124.85166269295313,48.673277846248524],[-124.85169239267593,48.67326854608961],[-124.85173169251811,48.67327594584057]],[[-124.80359647887181,48.652237750871556],[-124.80361357967483,48.652254751048474],[-124.80363118002158,48.65227135119121],[-124.80364927896912,48.65228775090644],[-124.80366808005239,48.65230385073262],[-124.80368737960393,48.65231965052983],[-124.80370717944528,48.65233515069334],[-124.80326977990643,48.65258675059479],[-124.80324527997074,48.65256765106012],[-124.80322138048383,48.65254835116752],[-124.80319807935965,48.65252865132015],[-124.8031753797607,48.6525086511095],[-124.80315317985227,48.65248835046572],[-124.80313167967495,48.65246775074659],[-124.80311077994422,48.6524469506719],[-124.80359647887181,48.652237750871556]],[[-124.80945338354869,48.66135105067727],[-124.80916788322465,48.661383650225524],[-124.80918398304868,48.660992450187855],[-124.80946948267841,48.660959950639466],[-124.80945338354869,48.66135105067727]],[[-124.81159118367833,48.66191985067103],[-124.81158348358578,48.66211184993646],[-124.81100528365991,48.66208395041031],[-124.81101298379727,48.66189185041039],[-124.81159118367833,48.66191985067103]],[[-124.85190389300544,48.67320694643366],[-124.85201429272296,48.673144646552714],[-124.85215939252068,48.6730897461614],[-124.85218639318634,48.67306954637316],[-124.85221109249802,48.67298234625714],[-124.85223019212019,48.67296234609248],[-124.85228399259695,48.672968046281895],[-124.85236409239857,48.67298384575337],[-124.8524606920102,48.67301914622916],[-124.8525581925636,48.67307544593743],[-124.85255659253313,48.6731412463785],[-124.8525432922002,48.673211146774065],[-124.85253199244204,48.673227145718485],[-124.85249129267255,48.67325674603264],[-124.85244979203907,48.6732626459126],[-124.85240979309076,48.673255346287036],[-124.85226969271245,48.6733365460619],[-124.85219539280196,48.673367946387046],[-124.85214459240387,48.67337424663061],[-124.8520963923781,48.67338654616929],[-124.85204989220394,48.67338844656616],[-124.85200429248272,48.67339464644351],[-124.85195699185797,48.67337844618185],[-124.85186939243147,48.673311746383035],[-124.85184629244588,48.67327564646821],[-124.85190389300544,48.67320694643366]],[[-124.80635848151655,48.65884285056648],[-124.80635738154331,48.659226751402485],[-124.80569308201194,48.65922585046885],[-124.80559148098561,48.65884195104249],[-124.80635848151655,48.65884285056648]],[[-124.83160578672349,48.66156824773553],[-124.83264968625639,48.66051864825049],[-124.8327890865329,48.660608348179736],[-124.8331037863454,48.66079684744803],[-124.83336368603852,48.660840547505586],[-124.83232818592667,48.66188174812595],[-124.83160578672349,48.66156824773553]],[[-125.18386407257256,48.78673181294054],[-125.18386547221158,48.78677771266589],[-125.18392177297034,48.78857831279332],[-125.18032157185935,48.78857561352536],[-125.1784927723147,48.78857431374679],[-125.17849907119543,48.78785001339214],[-125.17849997179954,48.78774211383755],[-125.1786889712037,48.78770901356319],[-125.17876317091425,48.78770241349037],[-125.17886447196994,48.78770201333777],[-125.17903147192015,48.787716313276405],[-125.1791422710252,48.78771581358003],[-125.17919887146194,48.78771011336537],[-125.17947837133869,48.78770281386914],[-125.17958177090259,48.78769201317156],[-125.17967367187846,48.78767431306611],[-125.17982897168554,48.7876527129024],[-125.17989577127236,48.78763861353048],[-125.17999817099788,48.78763331311097],[-125.18010787139801,48.78762171368682],[-125.18052877174955,48.787552912997285],[-125.18078437144054,48.78748341324999],[-125.18087727179275,48.78745641307595],[-125.18095087208195,48.78743061285318],[-125.1810165717003,48.787420713000024],[-125.18128917161032,48.787367412802],[-125.18137817134483,48.78734451358969],[-125.181682671451,48.787278413051],[-125.18174517204827,48.78726001262668],[-125.1819313712593,48.78718031302594],[-125.18205937120172,48.78713301310736],[-125.18215067107211,48.787107113012524],[-125.18220347160505,48.787087712668885],[-125.18235797199301,48.78703961322948],[-125.18259907237723,48.78697241299404],[-125.18281037223264,48.786925712899304],[-125.1829425713984,48.786892413099444],[-125.18311817154188,48.786835312632334],[-125.18332487148793,48.786779012806726],[-125.18352617211283,48.78673231277759],[-125.1836921715112,48.786704013126204],[-125.18385847186174,48.78655291284355],[-125.18386407257256,48.78673181294054]],[[-124.81204048398745,48.663082150329295],[-124.81188388378646,48.663041850756976],[-124.81188548413691,48.66300115063321],[-124.81201758245913,48.659706449898614],[-124.81203298300562,48.659322350484246],[-124.8121347823384,48.65940915042254],[-124.81230638279712,48.65958194992677],[-124.81340988325098,48.66037475011252],[-124.81385268326567,48.66068154971942],[-124.81431708373577,48.6610260503071],[-124.814848884259,48.661320949923955],[-124.81541648422093,48.661582149898436],[-124.81596498415519,48.66185955027373],[-124.81645588402321,48.66207374945201],[-124.81715858429352,48.66238925000844],[-124.816689384195,48.66228314952471],[-124.81639218427796,48.66212645003075],[-124.81604878420318,48.66210235023033],[-124.81548958457421,48.662032549956095],[-124.81518758358995,48.6620152505275],[-124.81501778375568,48.66199405025588],[-124.81455148415607,48.6621382500938],[-124.81426698404213,48.66218294987124],[-124.81388798354882,48.66227055034388],[-124.81346908428559,48.662425550151134],[-124.81308798452231,48.6625578503613],[-124.81280028364814,48.66271165071556],[-124.81248358407149,48.662959549864006],[-124.81238798336747,48.66303895020711],[-124.81229138337584,48.66306355043102],[-124.812158183851,48.663030150554185],[-124.81204048398745,48.663082150329295]],[[-124.78467188154983,48.67280005413605],[-124.7783203811435,48.67282635513267],[-124.77864148060478,48.67243675470055],[-124.77872208055405,48.67225055446898],[-124.77900148113487,48.672022154211334],[-124.77933278045468,48.671771054631186],[-124.77953158118262,48.671627454275004],[-124.77982098119213,48.67147465441749],[-124.78009418148412,48.671291554616104],[-124.78030888087159,48.67104515407431],[-124.7806230812891,48.670811054690056],[-124.78117118064034,48.67062505387983],[-124.78178498076676,48.6705114538961],[-124.78243548092209,48.67040245430521],[-124.78317718094604,48.67024065416331],[-124.7842221816858,48.6699160537632],[-124.78464308110006,48.66976945391546],[-124.78467188154983,48.67280005413605]],[[-125.12792005452641,48.74978261780209],[-125.12797475446703,48.74982261793687],[-125.12817325442504,48.749891017781444],[-125.12818765327003,48.74991381783851],[-125.12795455391635,48.75001271804643],[-125.12779875393804,48.750085618074216],[-125.12771535386757,48.75010651772981],[-125.12759155382656,48.75012931801673],[-125.12746505475725,48.7501578179961],[-125.12733555406555,48.75018061792021],[-125.12725785328666,48.75021291777237],[-125.1271711541992,48.75030301786366],[-125.12707045344806,48.750432317907375],[-125.1269668544,48.750655817493545],[-125.12692075398118,48.75080221786323],[-125.12691505481662,48.75098851808789],[-125.12696115408593,48.75111861808792],[-125.12702155338371,48.75120801779955],[-125.12708775381233,48.75127641813181],[-125.12719995386854,48.75137531839994],[-125.12729775373788,48.75147221776206],[-125.12737575389886,48.75161001823199],[-125.12742745470963,48.751733917900275],[-125.12134905416343,48.75173081876355],[-125.12140115204595,48.74453871827587],[-125.12405985207322,48.744547117760725],[-125.12408685200575,48.744596918451094],[-125.12457835182661,48.74531481832707],[-125.1245938522998,48.74535201844399],[-125.12458805208108,48.74539171814296],[-125.12460165187481,48.74546481802156],[-125.1246113524727,48.745491817976124],[-125.12472005247507,48.745555917760434],[-125.12481955304574,48.745594818153926],[-125.12496895265147,48.745644817916144],[-125.12503885289041,48.745661517977105],[-125.12516885192264,48.74571921801248],[-125.12524455306576,48.74576661820557],[-125.12540065319443,48.74587651786604],[-125.12578335264013,48.74619391757323],[-125.1259793529454,48.746340117812274],[-125.12609055264612,48.746432917861995],[-125.12625745316434,48.74658941815007],[-125.12629235244009,48.746666318032645],[-125.12632355277266,48.746755617460735],[-125.12636235341397,48.746835017956265],[-125.1264302529227,48.74691711814841],[-125.12654475229652,48.746985117747535],[-125.12670235346177,48.74704311773255],[-125.12688085321774,48.747097017756644],[-125.1270186535633,48.74715211800025],[-125.12711055370067,48.74719491799857],[-125.12733555243064,48.74731671759754],[-125.12752655362324,48.74743261751454],[-125.12767595250533,48.74751201753276],[-125.12781565333988,48.74755821764735],[-125.12785645338207,48.74756721722701],[-125.12786615354815,48.74755181714941],[-125.12786615274806,48.74751461742394],[-125.12790875349732,48.74747491812127],[-125.12795345286595,48.74745821747853],[-125.12804075269815,48.7474492174941],[-125.1281707537368,48.74744281722768],[-125.12829615348522,48.74744621809482],[-125.1284674526784,48.74744031752258],[-125.12855795354406,48.747441617093855],[-125.12870845386097,48.747479617553694],[-125.12889975362015,48.74755041739765],[-125.12909475273061,48.74766681735767],[-125.12922375329634,48.74777391798798],[-125.1292904542136,48.747919717459865],[-125.12930875396201,48.74811781790308],[-125.1292564531094,48.74823521749578],[-125.12914875381563,48.74830831707976],[-125.12901485444215,48.7483410176246],[-125.12889545359756,48.7483602172732],[-125.12867425352468,48.748373718114124],[-125.12855205397915,48.748427617809405],[-125.12837055390112,48.74858261745081],[-125.12817555334772,48.74872881773846],[-125.12812895402458,48.74881131762105],[-125.12803315389466,48.74915041798082],[-125.1279373538596,48.74959451785766],[-125.12792005452641,48.74978261780209]],[[-124.70075824745906,48.590636259931635],[-124.70098874861294,48.59071356017964],[-124.70103204979903,48.59620265980757],[-124.69289994812169,48.59627376112586],[-124.69286014704055,48.59075496075853],[-124.69285984641917,48.5907246609984],[-124.69360734708667,48.59068026087553],[-124.69438604729996,48.59055616106688],[-124.69584524653666,48.59040206029023],[-124.69686504721246,48.59022276083721],[-124.6981075474253,48.58994905993839],[-124.69862284747286,48.59003346035865],[-124.6986892471904,48.59046926054338],[-124.69927154832317,48.590429360114996],[-124.69989944779822,48.59041546041082],[-124.70075824745906,48.590636259931635]],[[-125.16446186732597,48.77800021463718],[-125.16437646724025,48.77811561469906],[-125.16431116716912,48.77818981432177],[-125.16425326618288,48.778262914585284],[-125.16423966647001,48.77829061477503],[-125.1642405664245,48.77830671445919],[-125.16432896678732,48.77836141522171],[-125.16413166697946,48.77836151514153],[-125.15790216555855,48.7783634158952],[-125.14810646398847,48.77836571638528],[-125.14798456405794,48.77660461671006],[-125.1479814637202,48.77655971617579],[-125.1481960640213,48.77652691684173],[-125.14838506438997,48.77651561664821],[-125.14865816433543,48.7766115159741],[-125.14881386415772,48.776641316320045],[-125.14892216432408,48.77660481682364],[-125.14901556421778,48.77662481647364],[-125.14912506413383,48.77668571629432],[-125.14924166429047,48.776690216657165],[-125.1495367647248,48.776688516684],[-125.14972266450593,48.77665151603926],[-125.149886164368,48.77657851649295],[-125.15019266480617,48.77647511640342],[-125.15036486400632,48.77645781652077],[-125.15046346374469,48.776469416398385],[-125.1505498637103,48.776485216477155],[-125.15066056468373,48.77646831633413],[-125.15078966466022,48.77645541660329],[-125.15104266382369,48.77649871628821],[-125.15112226470956,48.776465716592554],[-125.15128236448284,48.77646471602596],[-125.15139306447347,48.776456015834434],[-125.15155886501572,48.776418416291065],[-125.15169426400281,48.77641771642212],[-125.15188576424923,48.7764654162412],[-125.1520091640356,48.77648501644102],[-125.15216296503093,48.776480015754785],[-125.15232826482236,48.77640591639118],[-125.15275516391877,48.77631611594675],[-125.153221164923,48.77616701565219],[-125.15325116430097,48.776109916415656],[-125.15322546419819,48.776028715982896],[-125.1531638645791,48.77602911625363],[-125.15308986489707,48.776017316123266],[-125.15301566492673,48.77599341565445],[-125.15298456448572,48.77597321550762],[-125.15295336434511,48.77594081633594],[-125.15292776476132,48.7758637161772],[-125.15291476488991,48.775810915883326],[-125.1529932644456,48.775692616047905],[-125.15307866508046,48.77563521611171],[-125.15319566400944,48.775638516300006],[-125.1532823649763,48.77567461581988],[-125.15340126465692,48.77582041620933],[-125.15348156417903,48.77583621623881],[-125.15362326411619,48.775847515656565],[-125.15401666421131,48.77579651610779],[-125.15432316452592,48.775638516054876],[-125.15452706437806,48.7754331155663],[-125.15483146485913,48.77519661523556],[-125.15506806391929,48.77500121581024],[-125.15515626490243,48.77494651554488],[-125.15516176487083,48.77485171514506],[-125.15518126473026,48.77477031525863],[-125.15532966379199,48.77462501565621],[-125.15549786437225,48.77436771543081],[-125.15561816475706,48.774159415982034],[-125.15560206397826,48.77397451575109],[-125.15554506386802,48.77379881572556],[-125.15542616398912,48.77359631610824],[-125.15520516364292,48.773447115806974],[-125.15464116372574,48.77317501557654],[-125.15453786370769,48.773112415351484],[-125.15446046329066,48.77297191573954],[-125.15431466391775,48.77279671553454],[-125.15429256350536,48.7726795157226],[-125.15434396442303,48.77242641594075],[-125.1543204634532,48.77220401605486],[-125.15428436358485,48.77205971532707],[-125.15429576364592,48.7718837154299],[-125.15425306275941,48.77176201547499],[-125.15425246427259,48.77171241591172],[-125.15437486307093,48.77166651562911],[-125.15443526347222,48.77158041606118],[-125.15443446303136,48.771526315587764],[-125.15418056420815,48.77144201555812],[-125.15404286323835,48.77136151527554],[-125.15393116365684,48.7712531152695],[-125.15389606313603,48.771101816069105],[-125.15392276378273,48.771030415331076],[-125.15389166324576,48.77097951607411],[-125.15388536361029,48.7709211152308],[-125.15393726266211,48.77087521560133],[-125.15402536309135,48.77084731563275],[-125.15415216296854,48.770821016048615],[-125.1544445631248,48.77077181615821],[-125.15473006333265,48.77075931604022],[-125.15484086416173,48.77077881578165],[-125.15490496386732,48.77081491558961],[-125.15493026398482,48.77085131529106],[-125.1548918628623,48.77087161555873],[-125.1548645630648,48.770902815959374],[-125.15488176419855,48.77095021578561],[-125.15489876385578,48.770979315578714],[-125.15491596389597,48.7710212153876],[-125.15490536392097,48.771055915686354],[-125.15493066385469,48.771088715568496],[-125.15512766297824,48.77114601544472],[-125.15529766291138,48.7711724154003],[-125.15549676373669,48.771180415874106],[-125.1556013638658,48.771148715416146],[-125.15570036366685,48.7711116153869],[-125.15594316357706,48.77107741579774],[-125.1559511637714,48.771053615281296],[-125.15593426364697,48.7710318159383],[-125.15588176376794,48.771032114913005],[-125.15578826323211,48.771063715657625],[-125.15575516345712,48.77106931584003],[-125.15575476375176,48.77103831581551],[-125.15588656375776,48.77097551553468],[-125.15597496383445,48.77089611519407],[-125.15607026424922,48.77078601551558],[-125.15615546294397,48.770749015293475],[-125.15628246420081,48.770740915685124],[-125.15637646395761,48.770738615322344],[-125.15674826374276,48.7707859149517],[-125.15688716406561,48.770838115198785],[-125.1569509633024,48.77085601517284],[-125.15694296349231,48.77087431532283],[-125.1569048630519,48.770922015233964],[-125.15684676347075,48.77092231572686],[-125.15681916355348,48.77092611544797],[-125.15681156420534,48.770973615070965],[-125.15676556404273,48.77104691536626],[-125.15677686382843,48.771070615333976],[-125.15679916391183,48.771081414861385],[-125.15699886378063,48.771135015628104],[-125.15706286401743,48.77116211571306],[-125.1571126633664,48.77116911527207],[-125.15716786398266,48.77116511549974],[-125.1572588646375,48.77114271538711],[-125.15738696452732,48.77112041542151],[-125.1574782644864,48.77112541517268],[-125.15756986370982,48.77115591553234],[-125.15764666363022,48.77110621532158],[-125.15768766384502,48.77107301495023],[-125.15771296354103,48.771105814923324],[-125.15772206444834,48.771164115414486],[-125.1577063637902,48.77122991489564],[-125.15770956375573,48.77126651531862],[-125.15777326337343,48.77127891503105],[-125.15777936443548,48.77132261510838],[-125.15776126476044,48.771370615193376],[-125.15770956469328,48.771434815476624],[-125.1577126634253,48.771454915290484],[-125.15777666420917,48.771485515147276],[-125.1578568645987,48.77149061519006],[-125.15793166442378,48.77150111482946],[-125.15798386355036,48.77148071522026],[-125.15804456352879,48.77147491525686],[-125.15807786452014,48.77148011487845],[-125.15810016371582,48.77149281511831],[-125.15814416441995,48.77147791485864],[-125.15820996356116,48.771433714929124],[-125.15841836355287,48.771078915416126],[-125.15848076358502,48.771049714970644],[-125.15854346342826,48.77104211515762],[-125.15865866337184,48.77107571504648],[-125.15866706403041,48.77109371549442],[-125.1586676636297,48.77113161530685],[-125.1586763642996,48.771174815491435],[-125.15870666329302,48.77119271498659],[-125.1587616640155,48.771219415537274],[-125.15887066380368,48.771199014952906],[-125.15890366465274,48.771218615397984],[-125.15893986447972,48.7712635147866],[-125.15896736485732,48.77127781529524],[-125.15900566392105,48.77128301564912],[-125.15905236440223,48.771304414674724],[-125.15909946451448,48.77134261520741],[-125.15916556370142,48.77138191532996],[-125.15924226376521,48.771399514884656],[-125.1592808649312,48.771430015330104],[-125.15929736414472,48.7714335150406],[-125.1592956638124,48.771516515348424],[-125.15933446399612,48.77155061507107],[-125.15935666357564,48.77157751506798],[-125.1593542641335,48.77160461529846],[-125.1593193641459,48.7716535155947],[-125.15931446397991,48.7716943154239],[-125.1594018645428,48.771895914713426],[-125.15940306375185,48.771987914987214],[-125.15933436392078,48.77217321522796],[-125.15923446461562,48.772260415015346],[-125.15910936494106,48.77230621499653],[-125.1589864647888,48.77234381494899],[-125.15894056506167,48.772383815031],[-125.15888886443436,48.772402115084105],[-125.15888926399897,48.7724256149629],[-125.15894146513216,48.772448715418264],[-125.15900186455939,48.772470015439474],[-125.15906526431286,48.77251301519385],[-125.15909276492981,48.772527314934386],[-125.1591041647567,48.77256691477195],[-125.15909706508202,48.772648115413986],[-125.15910846523485,48.77268421503918],[-125.1590788643442,48.77271681509216],[-125.15902716457688,48.772735114832244],[-125.15894006410157,48.77275911540672],[-125.15888806466796,48.77275041544792],[-125.1587923642871,48.77274371529025],[-125.15879286431674,48.77278161482317],[-125.15882056462267,48.7728085154615],[-125.15883196399822,48.7728464148845],[-125.15883816419004,48.77290231525298],[-125.15886586456581,48.77292741534721],[-125.15888556487724,48.77297241472782],[-125.15892356427436,48.773143315140466],[-125.15892446487305,48.77320461542194],[-125.1588396646933,48.773197915558285],[-125.15877426502095,48.77321091508541],[-125.15874716431644,48.77323091521963],[-125.15874766493172,48.773268815621414],[-125.15873186509494,48.773308614845675],[-125.15870206510911,48.77332681508093],[-125.15865566477295,48.77333251544035],[-125.15861216431898,48.773349015003916],[-125.15856546428088,48.77333481495502],[-125.15852426472392,48.773315215664695],[-125.1583456642709,48.773273015407355],[-125.15825916485234,48.7732900147818],[-125.15824766481576,48.77329901530139],[-125.15825576446125,48.77332951496332],[-125.15827546448024,48.7733613148154],[-125.15830546487668,48.773440114999424],[-125.15825736537472,48.773594515355676],[-125.15818536453668,48.77369861554136],[-125.15812446400071,48.77375881519936],[-125.1580669653114,48.773789715543586],[-125.15798036486147,48.77380421487558],[-125.15786526461109,48.77385461568225],[-125.15773886477858,48.77394021563834],[-125.15767286419745,48.77404891538944],[-125.15764576482468,48.77419171518603],[-125.1576255647557,48.77426571515435],[-125.15762816473364,48.77432051493703],[-125.15764296455872,48.77440791579835],[-125.15764556517854,48.77445631502172],[-125.15766206407379,48.7745402151515],[-125.15773256485708,48.77474691535681],[-125.15774196472626,48.774875515823844],[-125.15776006419229,48.77491301522787],[-125.15779726493437,48.77495351524205],[-125.15778816498342,48.774995615149486],[-125.1577554643214,48.775000915166146],[-125.15772506535272,48.77504051548864],[-125.15783266540987,48.77515581553001],[-125.1578834649683,48.7751989155015],[-125.15789376476047,48.77526331503975],[-125.15801346488814,48.77549561533651],[-125.15815556580094,48.77567011545637],[-125.15830676543825,48.77583841535815],[-125.15842546503484,48.77600991569049],[-125.15859036518383,48.77614741589424],[-125.15863436586604,48.7762195149173],[-125.15880026537256,48.77644311530701],[-125.15897406502019,48.7765528154953],[-125.15911176531532,48.77660131492548],[-125.1593519662015,48.776727615591895],[-125.15948236560767,48.77684601498368],[-125.15950246564866,48.776905515150226],[-125.15960636505618,48.7769602150743],[-125.15981176597224,48.77689951488811],[-125.15992136655386,48.77689881522531],[-125.1601206653347,48.77686791504694],[-125.16021036594154,48.776824815628245],[-125.16024846517894,48.77678201521321],[-125.16028066548925,48.77678611564406],[-125.16031386543858,48.776854015034566],[-125.16039886568484,48.77694711483776],[-125.16047656571862,48.7769765148795],[-125.16066376598059,48.777000915139816],[-125.16084416526824,48.77699561498473],[-125.16099226670595,48.776907615085044],[-125.16102296652758,48.776871815006544],[-125.16110746642339,48.776820415136875],[-125.1612022666687,48.776801515248096],[-125.16124976594942,48.77680011470674],[-125.161367965985,48.77681671506876],[-125.16152856604556,48.776815814926024],[-125.16172936591354,48.776788514952514],[-125.16202846546655,48.77673371494843],[-125.16207766615356,48.77673241544577],[-125.16211536571119,48.77673651507868],[-125.16222726549184,48.77677161487892],[-125.1622738661558,48.77677691528191],[-125.16239326619545,48.77675881459203],[-125.16249316653297,48.77675501492786],[-125.16254576593323,48.77676441532684],[-125.16259726624322,48.77677941474212],[-125.16264336683143,48.77679861511845],[-125.16268446570966,48.776807014821884],[-125.16272526679745,48.77679381496099],[-125.16277086619733,48.77677081526277],[-125.16284946662255,48.77677141523836],[-125.16292836594343,48.77678291453148],[-125.1630353664264,48.77682011500147],[-125.16311456693293,48.77686621507476],[-125.16319976617984,48.77694631527967],[-125.16325346677941,48.77703901491617],[-125.16329316568162,48.77707351457508],[-125.1634374667294,48.77714951450253],[-125.16346526573729,48.77714281467803],[-125.16354336597242,48.77710451500048],[-125.16358436675289,48.77710751450434],[-125.16364696598673,48.77713091468163],[-125.16367316710911,48.7771275148978],[-125.1637089662372,48.777110014698316],[-125.16372496611042,48.777081814529694],[-125.16372946593435,48.77705041508542],[-125.16372446678936,48.77694081482871],[-125.16372806624918,48.776893314997174],[-125.16374376672404,48.77687881470617],[-125.16380146596333,48.776880714892464],[-125.16385716610648,48.77689601497594],[-125.16391766589865,48.776922114625755],[-125.16394856607526,48.77692191457434],[-125.16396946602283,48.776916914760285],[-125.1639903668488,48.77691561492813],[-125.16404196619747,48.77691921475964],[-125.16422626601786,48.776960814791565],[-125.1643600662592,48.777001414983445],[-125.16443106570651,48.777031614584374],[-125.16448436696697,48.77708601491577],[-125.16453436634811,48.77720171491449],[-125.1645577666275,48.777277114946],[-125.16461356703292,48.777379414920865],[-125.16468696682443,48.777435014583084],[-125.16468326712081,48.77745901494774],[-125.16463146646576,48.77750461465209],[-125.16457936709072,48.777534314617135],[-125.16457376634418,48.77757031432427],[-125.164578166131,48.777600914621935],[-125.16459066700433,48.77762891505827],[-125.16464966724666,48.77765581441444],[-125.16478786654551,48.77772971511627],[-125.16482866740918,48.77775751493535],[-125.16485946599582,48.77779731457917],[-125.16485216686749,48.777858614296754],[-125.16481206704438,48.7778762146043],[-125.16473876709532,48.777870514895206],[-125.16470626740342,48.777857414732125],[-125.1646330662631,48.777820514539734],[-125.16459246631898,48.777804714935996],[-125.16456246699354,48.777820914380385],[-125.16446186732597,48.77800021463718]],[[-124.85259719319916,48.673800246266],[-124.85261509193859,48.6738320463038],[-124.85261869201615,48.67387414594559],[-124.85265909247742,48.67391844577843],[-124.85274809212974,48.67396514590253],[-124.85277859296777,48.67400324655279],[-124.8527926928421,48.6741249462577],[-124.85277039293364,48.67417674585297],[-124.85276409315917,48.67426994654276],[-124.85277079304029,48.67432114565554],[-124.85288209237912,48.67444454645201],[-124.85289299303233,48.67461134596842],[-124.85290929317482,48.67465924631834],[-124.85295599252491,48.67474194657239],[-124.85293409337059,48.67480644589735],[-124.85277529330091,48.67497274581958],[-124.85267829305712,48.67510274626047],[-124.85264719302059,48.67518024646129],[-124.85265509329282,48.67523174649298],[-124.8526658929751,48.67526274603204],[-124.85266639252859,48.67530254606131],[-124.85267329295924,48.67532914652026],[-124.85259749273507,48.67532894606257],[-124.85053949288543,48.675321446688415],[-124.8471734928837,48.675309047035014],[-124.84174959126217,48.675288947387806],[-124.84178419076649,48.67209834733266],[-124.84179779032453,48.67084634700478],[-124.84182818928407,48.668051947260636],[-124.84983449080903,48.66808814672362],[-124.84990589044348,48.66808844649262],[-124.84988349029689,48.66814474662894],[-124.84984469097554,48.66821284610614],[-124.84981409122716,48.66828274602544],[-124.84981389096923,48.66833204609225],[-124.84982559097735,48.668368745904246],[-124.84985119081311,48.668390246572315],[-124.84987989105926,48.66838434596343],[-124.84996029075512,48.66820924610273],[-124.84998979014826,48.668167646434114],[-124.85000239003045,48.66811684607259],[-124.85023619009405,48.66795294604352],[-124.85030709086976,48.66791214606192],[-124.85035619030813,48.66789904622243],[-124.85038769048063,48.66791084663326],[-124.85038839055761,48.6679313466741],[-124.85037159062118,48.66798084619234],[-124.85031139074285,48.66802834614581],[-124.8502719914941,48.668083746453334],[-124.85023569096668,48.668165045963775],[-124.85022879048043,48.66820074614283],[-124.85028609115206,48.66829974601458],[-124.85034009064078,48.66835614587837],[-124.8503554904369,48.66838194643664],[-124.85033119059345,48.66839734605207],[-124.85030229048519,48.66839644651405],[-124.85020579089725,48.668415845997636],[-124.85017749071903,48.668432746225896],[-124.85019099061104,48.668463946796386],[-124.85017969115378,48.668492945982294],[-124.85020199113929,48.668537746220544],[-124.85019739055387,48.668581546226086],[-124.85011389130199,48.66872934592995],[-124.84999179103296,48.66882074614073],[-124.84994879101112,48.668849745809595],[-124.84990209136735,48.66887234624134],[-124.8498701907399,48.66890434643211],[-124.84986889110438,48.66892624612843],[-124.8498918914322,48.66899474653778],[-124.84991509080432,48.66904034645197],[-124.84993549053668,48.66913304645698],[-124.84989459120514,48.669195046246244],[-124.84987299138831,48.66924044619308],[-124.84983209128677,48.66930344607882],[-124.8498049903046,48.66936324628756],[-124.84980109047464,48.66938024643299],[-124.84989519075897,48.669488946110135],[-124.84996509133727,48.669527945952176],[-124.85004849111861,48.66955904670488],[-124.85010529177138,48.6695581462038],[-124.85016339091732,48.66954034680589],[-124.85026329043974,48.66949894609643],[-124.85035999074658,48.669454246505005],[-124.85041009079701,48.669485846332385],[-124.85048349107066,48.669618146556],[-124.85050209125684,48.66969954626245],[-124.8505041909178,48.66975654596465],[-124.85047989194994,48.6697880464613],[-124.85050129190175,48.66988044645328],[-124.8505528917811,48.669985146625955],[-124.85062549113832,48.670082446533165],[-124.8507343918038,48.67029864591709],[-124.85101729180982,48.67063804636022],[-124.85110019220392,48.67075144650707],[-124.85122949133775,48.670912746497734],[-124.85131839219933,48.67097384641883],[-124.85142459197112,48.6710324461314],[-124.85151609189752,48.67109354618135],[-124.85159069152955,48.67112354579664],[-124.85166619186529,48.67109294618218],[-124.85173799213308,48.67105864597904],[-124.85179809197923,48.671052445995905],[-124.85188339239292,48.67108764625922],[-124.85202229200006,48.671153145611385],[-124.85208199152335,48.671206046622004],[-124.85208569201318,48.67123554579014],[-124.85206439151436,48.67129674669279],[-124.85206129126304,48.67135754618205],[-124.85209169199238,48.671470045950045],[-124.85212189164432,48.671506046551485],[-124.85217989234368,48.67151204625347],[-124.85223029139897,48.671526946136005],[-124.85228459134058,48.67157474599803],[-124.85231039232,48.67163514598729],[-124.85231159179588,48.67166814573844],[-124.85229229256413,48.671689546320685],[-124.85213419211755,48.67178714663104],[-124.85204759123536,48.67184574601229],[-124.85194669206057,48.67188954571335],[-124.85190029182466,48.67192654656174],[-124.85188979224526,48.67195084603638],[-124.8518936922404,48.67205924570038],[-124.85188299202868,48.672077546506486],[-124.8518238920228,48.6720784458534],[-124.85179379262439,48.67206534633631],[-124.8517188917333,48.67205454672633],[-124.85167509212769,48.672040146703544],[-124.85161319287602,48.6719658464444],[-124.85154449251736,48.67195484628253],[-124.85139719234043,48.67197534611501],[-124.85133839180553,48.671986846770096],[-124.85121669203718,48.67202044640553],[-124.85116739224972,48.67204234614893],[-124.8511341915687,48.67206694600605],[-124.851104791345,48.672074946297606],[-124.85109399165893,48.6720887469096],[-124.85108169188356,48.672126546066096],[-124.85112369235763,48.67222344586041],[-124.85112729199517,48.672321346462475],[-124.85110639230503,48.67243474669352],[-124.85105449207052,48.67257124646053],[-124.85101609234134,48.6726426464001],[-124.85085579204329,48.67280434651533],[-124.85078249223041,48.67285684624926],[-124.85076059182848,48.67287824672421],[-124.85075299227937,48.67291904593367],[-124.85076629238566,48.67297164644082],[-124.8508371927624,48.67310614652713],[-124.85095509271775,48.673321246035705],[-124.85101059158899,48.673396746336984],[-124.8510933926124,48.67345534676035],[-124.85115209286893,48.673483846624144],[-124.85124369295549,48.673511846248786],[-124.85143129293992,48.67350764648681],[-124.85152929223113,48.6735301465037],[-124.85161299216593,48.67356584619154],[-124.85165429269985,48.67361314655929],[-124.85166699260009,48.67364564627624],[-124.85167269191426,48.67375564648773],[-124.85167849246946,48.67377954667057],[-124.85171869236439,48.673797446255485],[-124.85187589299605,48.67382284631473],[-124.85200869289983,48.673834045906744],[-124.85208229299751,48.673831746375924],[-124.85222129260052,48.67381654668022],[-124.85236109249266,48.67380514620917],[-124.85240439290537,48.67379774583868],[-124.85249309178236,48.6737941460361],[-124.85254189297201,48.67379884593801],[-124.85256669204392,48.673790746410766],[-124.85259719319916,48.673800246266]],[[-124.88751050688435,48.71078904354535],[-124.88752980770491,48.71085024422133],[-124.88747770787312,48.71089354337112],[-124.88742360803982,48.71094214367482],[-124.88733110799947,48.71114914381573],[-124.88719450721831,48.71134664348764],[-124.8859727068029,48.71211724382035],[-124.88554700810778,48.71239714392246],[-124.88533970749575,48.7125078438584],[-124.88517870744916,48.71256304414935],[-124.88507970755268,48.71248684386176],[-124.88495750776642,48.71245104395687],[-124.88482030801443,48.71236964445359],[-124.88469110782741,48.7122377438084],[-124.88467660811033,48.71211624422644],[-124.88460080707357,48.712014843995576],[-124.88449410782948,48.711953843815934],[-124.88435630753487,48.71195344441316],[-124.88409560774224,48.71203364407375],[-124.88380400778698,48.71216434395672],[-124.88344240731298,48.712173444179065],[-124.88325140737501,48.71212734451059],[-124.8830754078445,48.71212684453782],[-124.8827232073741,48.71216634455031],[-124.88223290703958,48.71224584414124],[-124.88188830657487,48.712300444223665],[-124.88153310746728,48.71239574456992],[-124.8813339071435,48.712430644131295],[-124.88085170642752,48.71244944459125],[-124.88056880650696,48.712408144503875],[-124.87998860691835,48.712224244832],[-124.87934520680793,48.711922344930244],[-124.87904760634524,48.711794944654976],[-124.87891040618464,48.711728744517714],[-124.8786198057851,48.711692444703814],[-124.87830660631067,48.71162574533181],[-124.87782440634717,48.71133944520538],[-124.8776566054649,48.71125294490732],[-124.87751990540725,48.71111084477771],[-124.87759170637466,48.71060834465725],[-124.87783980578342,48.71013344443675],[-124.87821800596399,48.70966124500216],[-124.87881110492464,48.70907604450172],[-124.87912660598766,48.70880884496289],[-124.87944180594785,48.708620644459415],[-124.87984050536262,48.708500344799354],[-124.88036180559249,48.70835514431142],[-124.88108820608085,48.708128144004576],[-124.8818319058134,48.707907643894536],[-124.88229960651374,48.707752144233325],[-124.88250670640107,48.707681944575114],[-124.88269910619343,48.70751554367375],[-124.88284600578945,48.707283244214395],[-124.88292410570655,48.707094044611466],[-124.88294810651615,48.7069372442516],[-124.88296470595071,48.70675514399818],[-124.88292750525713,48.7065880444309],[-124.8828518051953,48.706476544170975],[-124.88281450530823,48.706329744360666],[-124.8828613055668,48.70622594403303],[-124.88302270592798,48.706115144038435],[-124.88339140583496,48.705903744291156],[-124.88357580566496,48.70577774395938],[-124.88364620529092,48.705555343955176],[-124.8836092056963,48.70536294385414],[-124.88349530630697,48.70523104410819],[-124.88332720571763,48.70520524428165],[-124.88290570504473,48.70530524371273],[-124.88171800571756,48.70559014416745],[-124.88083250479963,48.70583554423103],[-124.8804260046752,48.70597604435797],[-124.88005550500837,48.70615764497994],[-124.87996060506815,48.70621034452931],[-124.87989350478459,48.70625174485759],[-124.87982510561748,48.70627154405481],[-124.87980220516471,48.706271644377765],[-124.87980230520562,48.706214944140086],[-124.8798060052077,48.70407374435688],[-124.89057560631949,48.70408134322667],[-124.89062990566362,48.7040802432442],[-124.89053900645135,48.70414174351198],[-124.89046650679727,48.70419554334178],[-124.89039960656787,48.70425564299549],[-124.89035710688961,48.70434984347755],[-124.8902744063837,48.70454104280963],[-124.89021640656873,48.70461224294699],[-124.89010040689048,48.70476244338502],[-124.8899569063779,48.70491064303275],[-124.88992060710207,48.70496124333725],[-124.88992000626679,48.705048443362045],[-124.88996030686268,48.70512144335133],[-124.8900436062226,48.705200943812606],[-124.89022060632323,48.70531154299228],[-124.89032310649547,48.70539424336255],[-124.89041590646193,48.70550544331323],[-124.89060930682385,48.705690642800946],[-124.89082850733153,48.705898942979616],[-124.89094590622777,48.70602394316038],[-124.89105560654859,48.70610664353643],[-124.89112930650148,48.70620204295543],[-124.8912937065352,48.70635144332511],[-124.89147270759292,48.706538343457936],[-124.89156050719616,48.70667174288303],[-124.89172980650945,48.706893643071965],[-124.89178680698161,48.70697624296624],[-124.89179820715393,48.707079342854605],[-124.8918315065382,48.7071174429005],[-124.89186230678803,48.70716034328564],[-124.89172490729428,48.70729154302182],[-124.89147840681797,48.70757704344126],[-124.89132880742885,48.70773344359043],[-124.8909810073564,48.707981943230564],[-124.89050550733255,48.70820004366456],[-124.88995910732258,48.70839434327431],[-124.88860240714156,48.70895164410537],[-124.88757720720085,48.70944024324556],[-124.88701790691374,48.709707443876084],[-124.88647890688829,48.710008743670485],[-124.88604630691304,48.71043764384503],[-124.88582360678755,48.71074414404193],[-124.88577570784012,48.71095904399569],[-124.88585620711478,48.711089843993065],[-124.8860526081584,48.71123634391491],[-124.8863546067407,48.711237243922874],[-124.88678590790434,48.711000443829924],[-124.88706550818034,48.71086294376407],[-124.88728920704466,48.71078834379136],[-124.8874240069752,48.71077284367046],[-124.88751050688435,48.71078904354535]],[[-124.74756076292914,48.61997585603328],[-124.74342246221481,48.62002495658444],[-124.73664706071888,48.62010505714079],[-124.73641105847794,48.611624756700465],[-124.73640425835788,48.611381956572664],[-124.73656205879061,48.61148005717797],[-124.73819335935187,48.61235505687596],[-124.73909875984039,48.61266155686231],[-124.73962586030248,48.6128595568056],[-124.7409006597579,48.61313445694847],[-124.74305306007591,48.6137224564494],[-124.74381836051344,48.61385725622106],[-124.74511876105962,48.61371635596903],[-124.74679286052844,48.61316275562927],[-124.74736386050286,48.61274465550724],[-124.7474120613803,48.61266805550266],[-124.74741466036781,48.61279395599506],[-124.74756076292914,48.61997585603328]],[[-124.85645479624428,48.68498314654424],[-124.85911589617594,48.685004745677674],[-124.85907699748915,48.686803346338785],[-124.85903799708207,48.688601945903564],[-124.85899909786569,48.69040064642225],[-124.85896009847964,48.69219924662219],[-124.85892129841164,48.693993346525616],[-124.85620449902625,48.693963346490385],[-124.85348779832911,48.69393314716718],[-124.85077099721777,48.69390294733959],[-124.84805419738373,48.69387264740545],[-124.84533739665311,48.69384234779318],[-124.84267999584806,48.69381254839604],[-124.8427286963358,48.69222244794218],[-124.84273049533218,48.69216124791455],[-124.84305219622792,48.69187134817811],[-124.843418695558,48.6918139483819],[-124.84374729556177,48.691749947857495],[-124.84399889614085,48.691613147495545],[-124.8449275963459,48.690656247641726],[-124.84534359590478,48.690256248099054],[-124.8457025955095,48.69021804760092],[-124.8463005956887,48.68993484784497],[-124.84662529580866,48.689873947203054],[-124.84707729621041,48.68977904723653],[-124.84789969562665,48.68959664715406],[-124.84834069596775,48.68955064723475],[-124.84877279638702,48.689514347587654],[-124.84879129531244,48.689553147197714],[-124.84913899563931,48.6895627472999],[-124.8493655964713,48.68976794670405],[-124.84958049694352,48.69019904725211],[-124.84986899654473,48.690362247259344],[-124.85025629604533,48.69044464713485],[-124.85078809704277,48.69047474729329],[-124.85133909610884,48.690328447135265],[-124.85147409605786,48.69023144685847],[-124.85174019744734,48.690211047003544],[-124.85226129608061,48.69017764678015],[-124.85255719629292,48.690070547157674],[-124.85277979719596,48.6899049467559],[-124.85297739742727,48.689662146883535],[-124.85295549635909,48.689405246975404],[-124.8532146971514,48.68923414683817],[-124.85349669697464,48.688948446542206],[-124.85350909632007,48.68856324688446],[-124.85360739656291,48.688202446858575],[-124.85383399692765,48.687808846298424],[-124.85408079636827,48.68747204623178],[-124.85446379574657,48.687329246309346],[-124.85475099592878,48.68714914669633],[-124.85504939641035,48.686862246741626],[-124.85536389576532,48.68655054653543],[-124.8556567956346,48.685968646352876],[-124.85580459613868,48.68571254597391],[-124.85587599598782,48.68557594590833],[-124.85604179608256,48.68531494585287],[-124.85618809641794,48.68514294624761],[-124.85638919613966,48.684982545868856],[-124.85645479624428,48.68498314654424]],[[-124.88567979808272,48.675957142989255],[-124.88576859840724,48.67600044275174],[-124.88589919838962,48.676056642422935],[-124.88595999771593,48.67605694218239],[-124.88596029854467,48.6761749424312],[-124.88596059794952,48.67633294294526],[-124.8859637983551,48.67793694272719],[-124.88596839989223,48.6803050424287],[-124.88597089879428,48.681534542546274],[-124.88597440074261,48.68333324267429],[-124.8832578992757,48.6833330432348],[-124.88054129935436,48.68333274367486],[-124.87781119933545,48.68333234334958],[-124.87510819788713,48.6833318437903],[-124.87239159840371,48.683331343875494],[-124.86967949795171,48.68333074497183],[-124.86968039655063,48.681531944561485],[-124.8696812967876,48.67973314470182],[-124.86968219622565,48.6779343441988],[-124.86968309609225,48.67613554465566],[-124.86968339536054,48.675492444799886],[-124.86968349594716,48.67530894394988],[-124.86968349489071,48.67526944442581],[-124.86968359535582,48.675172044793854],[-124.86971209545673,48.67516694422097],[-124.86973649592093,48.6751747440876],[-124.8697737958326,48.675246943757564],[-124.8697786953922,48.67529714451764],[-124.86979909564003,48.67531924460536],[-124.86983319538506,48.6753275443981],[-124.86986919544258,48.67531874385853],[-124.86994759548338,48.67527604418097],[-124.86997919518625,48.675276044356174],[-124.86998019627505,48.675290844192254],[-124.8699424951314,48.675323843956924],[-124.86985829621504,48.67543224432694],[-124.8698572958979,48.67546794415493],[-124.86987879484417,48.675481644109624],[-124.86992469632266,48.67547214454809],[-124.87000829623709,48.67538594432545],[-124.87005839562781,48.67529054389065],[-124.87011819621799,48.675265544130966],[-124.87015349491716,48.67526824402349],[-124.87016649536234,48.675293144272494],[-124.87013779582463,48.675407844520755],[-124.87014569546648,48.67542584401389],[-124.87027119608392,48.67547124419281],[-124.87029429640613,48.675490544431376],[-124.87029359604466,48.67551284427594],[-124.87022509557563,48.675663144752406],[-124.87022049613128,48.675707743851916],[-124.87027099644551,48.67576984432492],[-124.87045629587323,48.67591994461106],[-124.87053259543997,48.675965644633436],[-124.87058799616807,48.67597524447578],[-124.87077189597214,48.676032343964934],[-124.87102919630334,48.676090444312436],[-124.87179199694339,48.67630184426107],[-124.8720189964856,48.676329243515305],[-124.87227649682619,48.676367244130425],[-124.87246839651388,48.676383144128856],[-124.8729100960412,48.67636974400647],[-124.87306339629345,48.67637834442811],[-124.87322539647467,48.67637594394242],[-124.87329159684388,48.67638464412009],[-124.87343589648084,48.676411043451075],[-124.87354359620707,48.67642254396493],[-124.87381889646822,48.67649304429538],[-124.87399789726764,48.676545643863],[-124.87411399583922,48.67661634377933],[-124.87419059680663,48.67671284422374],[-124.87419659643692,48.67673364418707],[-124.87429899600082,48.67674144367416],[-124.87423799714102,48.6765890438864],[-124.87424929613707,48.67655004409364],[-124.87429909689995,48.67652054360998],[-124.87450379666039,48.676492443587016],[-124.87460919657988,48.67649224420622],[-124.87464019715904,48.67649854402638],[-124.87466119636986,48.67649484439548],[-124.87477089682011,48.67650174420506],[-124.8748178964842,48.676513843798524],[-124.87487899726683,48.67651974404749],[-124.87498379711158,48.67651944383113],[-124.87503269667016,48.67650264414769],[-124.87507789693188,48.67645324350993],[-124.87513629682996,48.67640914332491],[-124.87524919635923,48.67634904390956],[-124.87535189601806,48.676317443775524],[-124.87538119664387,48.676316644051326],[-124.8755781971158,48.67635004369727],[-124.87560849655492,48.67633814333734],[-124.87562159722678,48.67632044367192],[-124.87563569705001,48.67630954406368],[-124.87565119713179,48.67631104360233],[-124.8756747966597,48.67633434352841],[-124.87567759715985,48.676357344013994],[-124.87569469661477,48.6763667441487],[-124.87571339636033,48.676361643688516],[-124.87579799690955,48.676273943138376],[-124.8758352962882,48.67626514355624],[-124.8758627966184,48.676274743761994],[-124.87594749657755,48.676344643857334],[-124.87595729618064,48.67636624340941],[-124.87599599736356,48.67638664339566],[-124.8760507967127,48.676382543620065],[-124.87611839704059,48.67635094405502],[-124.87620699689141,48.67626904348841],[-124.87628099702536,48.67622064376633],[-124.8763324966519,48.67620314335802],[-124.87637759679039,48.67620244378931],[-124.8765128962723,48.67626774370855],[-124.87662179766073,48.67629894361861],[-124.8767452966203,48.67629924355989],[-124.8769441972401,48.67626444314137],[-124.87711049656308,48.67624884368264],[-124.87721329633479,48.676223243514436],[-124.8772820963031,48.676229843474104],[-124.87732689699733,48.67624674324164],[-124.87735349728314,48.67627534338837],[-124.87736339763688,48.67632734377372],[-124.87736259707356,48.67635464317671],[-124.8773475968888,48.67638694371874],[-124.87735479690875,48.67641704381565],[-124.87736429651838,48.67650534356889],[-124.87736189728118,48.67656444297898],[-124.8773537964594,48.676590843555935],[-124.87734379755368,48.676729643464846],[-124.87732719647045,48.67677144325857],[-124.87732249707855,48.67679654325581],[-124.87731959730036,48.676826943513625],[-124.87733209692286,48.67683204406862],[-124.8773613975415,48.67681164366559],[-124.87737009696829,48.676788343459485],[-124.87737679778219,48.676716843596495],[-124.87738769756601,48.676689443663584],[-124.87740419709435,48.676534943749076],[-124.87742299665999,48.676486543941024],[-124.87744859745865,48.676475343114916],[-124.87747219693358,48.67647704352231],[-124.87755199684143,48.67650854311022],[-124.87757029712431,48.676522443468535],[-124.87757829648805,48.676546443193985],[-124.87758989651468,48.6765612433307],[-124.87766699737897,48.67659574323557],[-124.8777070967137,48.67659544315169],[-124.87773629720387,48.67657824385888],[-124.87776149683685,48.67657804353587],[-124.8777910970453,48.676571943210504],[-124.87782179721033,48.67657334340467],[-124.87785149633115,48.67658474325842],[-124.877934597288,48.676589443136365],[-124.87796569691157,48.67659794377395],[-124.87800509741547,48.67662204343249],[-124.87803889665345,48.67662764324253],[-124.87805909730339,48.67662214344845],[-124.87808429768205,48.67659774360287],[-124.87809949775554,48.676593043579004],[-124.87821179678308,48.676606743098205],[-124.87826229716848,48.67662854338206],[-124.87831169796026,48.676664843481255],[-124.87836679692529,48.67668004360905],[-124.87839709768564,48.67668034308457],[-124.87857939657962,48.67660584337496],[-124.8786202965951,48.67660634339317],[-124.87868029719525,48.67662824327034],[-124.87871659729784,48.676654342962465],[-124.8787656968056,48.67670174304342],[-124.87881929757438,48.67671664290303],[-124.87898499821453,48.676740143525684],[-124.87903719778495,48.67673974337652],[-124.87907639698888,48.67672244340439],[-124.8790805972264,48.67669344364375],[-124.87907179661784,48.676651043334594],[-124.87909239765176,48.67663464354105],[-124.87912769734653,48.67663614281227],[-124.87920869716834,48.676661843498174],[-124.87934459695354,48.67672734358964],[-124.87938909777294,48.67676254315232],[-124.87939729745437,48.676817543465226],[-124.87941389759943,48.67681774300695],[-124.8794504974028,48.676789943224726],[-124.87948639659282,48.67678764307284],[-124.8794970971233,48.67679874295276],[-124.87949479744572,48.67683544366285],[-124.87946749677614,48.67687154304422],[-124.87946999761466,48.67688254316031],[-124.87945489796098,48.6769297435898],[-124.87946659763588,48.676951842846464],[-124.87946769761419,48.676966543081164],[-124.87948699758239,48.677015143485214],[-124.87951859792263,48.6770191434452],[-124.87955959777742,48.676982242707844],[-124.87961009718347,48.67699934332922],[-124.87963239739251,48.677036143714666],[-124.8796869973222,48.67705414307839],[-124.87973389772334,48.677054743649],[-124.87981179783739,48.676980042790206],[-124.87981319776289,48.67696744314481],[-124.87979329701511,48.676945643439566],[-124.87977909756492,48.676902242796885],[-124.87981269766387,48.676867442877914],[-124.87986979745087,48.67685004276258],[-124.87993139733402,48.676857642824125],[-124.88002809744937,48.67684834347083],[-124.88005699726521,48.67685894298322],[-124.88008539749468,48.67688544332178],[-124.88010429755488,48.676885643063095],[-124.88012439760989,48.676900643435744],[-124.88014739702488,48.67693614309977],[-124.88017119812004,48.67694334313397],[-124.88018969732529,48.676958243144746],[-124.8801960979206,48.677006742667515],[-124.88017439752309,48.67704394300887],[-124.88017239716496,48.677114342857415],[-124.88020389780571,48.67715104357574],[-124.88026519843257,48.67717004329837],[-124.88034919704732,48.67717334290713],[-124.8803992974658,48.67715924355226],[-124.88048559714494,48.677144443034116],[-124.8805411981911,48.67712014327925],[-124.88062049711816,48.67710754321257],[-124.88080449752891,48.67703604307258],[-124.88083569707001,48.67703414307118],[-124.88111339741859,48.677045543563686],[-124.88122759743243,48.677015242702936],[-124.8812851984455,48.67700674324509],[-124.88146339847832,48.67701464305085],[-124.88153569808087,48.67700874263551],[-124.88160499763603,48.676984642807355],[-124.88170709804433,48.676908542992656],[-124.8817327981407,48.67691114276006],[-124.881756397343,48.67692394313448],[-124.88177559820917,48.67691394283331],[-124.88179709712276,48.67688244288545],[-124.88200229771009,48.67686674283811],[-124.88211889831894,48.676809142946404],[-124.88221569733155,48.67678424302063],[-124.88236779772234,48.67670174322985],[-124.88243499782389,48.67669004251348],[-124.8824577981421,48.67667444316624],[-124.88247589741712,48.67658154316479],[-124.88253059790347,48.67641494290759],[-124.88266059805893,48.67625474282281],[-124.88270019818512,48.67618934298663],[-124.8827140974304,48.6761279424788],[-124.88275859822868,48.67601154282243],[-124.88277949853104,48.67600044291239],[-124.88280019795775,48.67600634231398],[-124.88281299729807,48.67604054252665],[-124.88286469745665,48.67609234320528],[-124.88292129755749,48.676091942661884],[-124.88299059778296,48.67606894284547],[-124.88333529738267,48.67585484294517],[-124.88344239754365,48.67583004275241],[-124.8834667983839,48.675830343053235],[-124.8835122980646,48.6758582424381],[-124.88353739830342,48.67594514255652],[-124.88357919807513,48.67616404307691],[-124.88360089813902,48.67618474287908],[-124.88374589808166,48.67621614296135],[-124.88375989770384,48.67620604266603],[-124.88382459757445,48.67613294315278],[-124.8838659984593,48.676125542719426],[-124.88390679756527,48.67613964299559],[-124.88397059715878,48.67618814257665],[-124.88403719819843,48.6762015431335],[-124.88408239773544,48.676179342876246],[-124.88419989846719,48.67603094245829],[-124.88428109846807,48.67589884289178],[-124.88432569788927,48.675786542693665],[-124.88433639770751,48.67566384277158],[-124.88436869844519,48.67561764251284],[-124.88440669787872,48.67560794266001],[-124.88445279817653,48.67561414287527],[-124.88453259749814,48.67564694236073],[-124.88460259810475,48.67571824252038],[-124.8846939984361,48.67588184263113],[-124.88478359737017,48.67599704251758],[-124.88483219836658,48.67603854232104],[-124.88488219853343,48.676030042588174],[-124.88497269853669,48.675985742888855],[-124.88503839819289,48.675970742908945],[-124.88506389807303,48.67597674301874],[-124.88506299842525,48.67601074250549],[-124.88509339758178,48.676027042256905],[-124.88514479745992,48.67602884234223],[-124.88528599861371,48.67598624285066],[-124.88558759842482,48.67593894216638],[-124.88567979808272,48.675957142989255]],[[-124.82829438837071,48.67237894868383],[-124.82829378831357,48.672414948571536],[-124.82805978948471,48.67271764918299],[-124.8280054883422,48.67271704899051],[-124.82287818759644,48.67266184938391],[-124.81745348744481,48.67260325020377],[-124.81771358439833,48.66520784974007],[-124.81774358480796,48.66377324934018],[-124.81775228538335,48.66335774987158],[-124.81775428490228,48.663262950036675],[-124.81821468484063,48.66331514946024],[-124.81902518523114,48.66334034929122],[-124.81928588475361,48.663267449994],[-124.8194584846104,48.66314444923396],[-124.81958998552179,48.663033249592154],[-124.81977508399541,48.662934049389904],[-124.81990448478452,48.662778649138694],[-124.81988068554426,48.66259044956609],[-124.81976248428599,48.6623866491945],[-124.81960808482162,48.66221144938071],[-124.81958868420908,48.66209444941554],[-124.81956038416608,48.66184854985342],[-124.81955448450337,48.66166554936192],[-124.81976568421375,48.6615054491896],[-124.81975668464739,48.6613834497678],[-124.81989478445084,48.66138734915061],[-124.8200643839316,48.66129994942274],[-124.82018748471549,48.66126824896929],[-124.82047928445063,48.661249148875164],[-124.82073048429264,48.661197749215155],[-124.82092818404564,48.66111714948484],[-124.82117138459921,48.661096149572344],[-124.82157008425298,48.661135149452235],[-124.82174108542276,48.66117314943931],[-124.82197588461939,48.661235149121815],[-124.82207828537206,48.66122534912854],[-124.82220328407138,48.661254649010466],[-124.82236478519162,48.66121804907611],[-124.82237398518217,48.661336748908255],[-124.82243138500445,48.66148274876007],[-124.82270078569833,48.66156874928107],[-124.82280778560303,48.66153514914778],[-124.8228736848773,48.66154934911694],[-124.82286588460512,48.66157814902562],[-124.8229219852999,48.66158574908698],[-124.8229762849522,48.66156014919257],[-124.82302128474977,48.661572849366316],[-124.82298258438388,48.661681148866016],[-124.8229839854074,48.661746049435706],[-124.82286548472396,48.66181484968481],[-124.82285678446746,48.66181684897486],[-124.82281748575944,48.66182604930604],[-124.82280408420945,48.66184834890236],[-124.8228290847839,48.66187984967036],[-124.82278478524644,48.66191104944535],[-124.82279528514404,48.661952549206795],[-124.82298098487603,48.66191194936611],[-124.82299418487821,48.66188954922527],[-124.82304228550123,48.66186324897578],[-124.8230031848552,48.66190864866274],[-124.8230673854014,48.66192054862392],[-124.82308348541515,48.66194614881776],[-124.82313078500637,48.661943049200254],[-124.82309128520241,48.66207314868712],[-124.82308618501975,48.662128348711924],[-124.82313728508615,48.662258249229005],[-124.8232359855719,48.66230464888047],[-124.82334128589034,48.66232024921743],[-124.82339178461385,48.66228694881277],[-124.82341228507207,48.66226694916253],[-124.82338368475773,48.662150548873676],[-124.8234376855424,48.66203894881664],[-124.823582385527,48.66200514928749],[-124.82382718475263,48.661997148752825],[-124.8240936851793,48.66193544946429],[-124.82443058546691,48.661891448630406],[-124.8248165851369,48.66176074850406],[-124.82531218497293,48.66170144852434],[-124.82554288487738,48.661646448712965],[-124.82581688546605,48.66162214909588],[-124.82589648524662,48.661583549199165],[-124.82591748503309,48.66152764902027],[-124.82592118557923,48.661410748681625],[-124.82588718471654,48.66121404879063],[-124.82584678582609,48.66089194869096],[-124.82597058461461,48.66078564866954],[-124.82621578502226,48.6605545490915],[-124.82621138550178,48.6604782485869],[-124.82626358556918,48.66035984827212],[-124.82639948559681,48.66032994875078],[-124.82640848489466,48.6601825490682],[-124.82623278450218,48.660102148549726],[-124.82606968499448,48.66004044821653],[-124.82593218452448,48.6599670487678],[-124.82584438512339,48.6598322484872],[-124.82619498535084,48.65976814820665],[-124.82649198532458,48.65974234830143],[-124.8267192848521,48.65978054883592],[-124.826980084536,48.65979004877824],[-124.8271881854771,48.65969264853923],[-124.82734448498447,48.659666148769304],[-124.82758538543057,48.659583848477446],[-124.82782938580114,48.659505548598204],[-124.82800948517564,48.65939774837238],[-124.8281229856215,48.65929654845402],[-124.82838358481084,48.65917834815099],[-124.82850288513737,48.65922794791569],[-124.82850248554836,48.65925494802184],[-124.82849148562798,48.659958247945994],[-124.82839058741841,48.666432548658484],[-124.82829438837071,48.67237894868383]]],[[[-125.54069918945179,49.02729138116879],[-125.5396103889219,49.02901578140226],[-125.53907839044547,49.031465681439535],[-125.54192639156537,49.035262481560565],[-125.53843759072714,49.036616881635425],[-125.53841179166172,49.037184281408884],[-125.5384195915816,49.037337081909044],[-125.53840289096068,49.03808418192189],[-125.53833329302033,49.0426290822845],[-125.57714859865128,49.04427837764737],[-125.57717209838012,49.041821677363686],[-125.57719919765346,49.03837527681304],[-125.57725399539797,49.03069977740598],[-125.55519469135824,49.03063287943769],[-125.55521409068213,49.02700667916101],[-125.54092688893094,49.02692648149755],[-125.54069918945179,49.02729138116879]]],[[[-125.8108921544052,49.122709152969946],[-125.81223565467931,49.12271275306734],[-125.82576755627055,49.12299785128452],[-125.82784355614497,49.12164305131617],[-125.82804425663815,49.12180015111948],[-125.8283225566428,49.121874451457],[-125.82850055647084,49.12187005149505],[-125.82869165709572,49.12185645162085],[-125.82885545649535,49.121843551501634],[-125.82914195681806,49.12181855147716],[-125.8292524576281,49.12183385136524],[-125.82934975697412,49.12185855138784],[-125.82956265705627,49.12198835158255],[-125.8297304575028,49.1220472514274],[-125.83005295692459,49.12217435150275],[-125.83025115775112,49.12228655111017],[-125.83035045678398,49.12234705076262],[-125.8305796571354,49.12252145134622],[-125.83077985776242,49.122669550867066],[-125.83091975697263,49.1227201507538],[-125.83109875763894,49.12273375117419],[-125.83137255781709,49.122727150432084],[-125.83165955758831,49.12271125054804],[-125.83190545704635,49.12269625103969],[-125.83204175787446,49.12268395064822],[-125.83238355719851,49.122666650668044],[-125.83260255731085,49.122661350799326],[-125.8327252581844,49.12264935084139],[-125.83306695831305,49.1226320510262],[-125.83331285703349,49.12261715056169],[-125.83343555821168,49.122605150502324],[-125.83370835772318,49.122580550516695],[-125.8340074580443,49.1225372507316],[-125.83427975746794,49.12250365060481],[-125.83456565793304,49.122469750436444],[-125.83482325756916,49.122418550156794],[-125.83510715773174,49.122348650678695],[-125.83525575739057,49.12230905051052],[-125.83537535801887,49.12224315002333],[-125.83545395756445,49.12217825015566],[-125.83550465731146,49.12210505026947],[-125.83558835708506,49.121887150335695],[-125.83558325796668,49.12179725078563],[-125.8355381571924,49.121726350274436],[-125.83540535807866,49.12155865081699],[-125.83535365762623,49.121370949978754],[-125.83542965723443,49.121261150623944],[-125.8355112573629,49.121250250256686],[-125.83567755730569,49.12128215070888],[-125.83577345786496,49.121279850627054],[-125.83589605763133,49.121267850464264],[-125.83600355730889,49.121229250746694],[-125.83609585797922,49.121164050090115],[-125.83615975780788,49.121081550753225],[-125.83623275803808,49.12091775035008],[-125.83625505810691,49.12082725057374],[-125.8362160580073,49.120621350220354],[-125.83617145839763,49.12055945036486],[-125.83597165731311,49.12042035038017],[-125.83567715781473,49.12030155030936],[-125.83540795757625,49.12014615065132],[-125.83527915692568,49.120050250500135],[-125.83517675712213,49.119935750234646],[-125.83510175711862,49.119820650872235],[-125.83503995665006,49.119696250344134],[-125.83503385691668,49.11958835063445],[-125.83504905781113,49.119372050489076],[-125.83509675740274,49.11924495075858],[-125.83518645710245,49.119134850061414],[-125.83529035722965,49.11903335038557],[-125.8355271567005,49.118856650082],[-125.8356736569795,49.11878115073011],[-125.8359945573721,49.11863835009638],[-125.83630125655675,49.11848694997009],[-125.83659635759949,49.11837185045119],[-125.83687715661344,49.11824805046522],[-125.83698315669533,49.118182550596664],[-125.83706175650146,49.11811764984621],[-125.83717585692139,49.117952950553224],[-125.83724835768446,49.117780250145],[-125.83721585779813,49.11769105026275],[-125.83712915705681,49.117612150496804],[-125.83690305665611,49.11749175003903],[-125.83659685658982,49.117409150514135],[-125.83629015631766,49.11731764990075],[-125.83598245689055,49.11720815004809],[-125.83586895689098,49.11713895022653],[-125.83580965725766,49.1170594501846],[-125.83580455633634,49.11696954985286],[-125.83587605639094,49.11677894985948],[-125.83588465732994,49.11668875035273],[-125.83586645655384,49.116608250548275],[-125.83579395706418,49.116537950042705],[-125.83550955569515,49.116355949986456],[-125.83536965666947,49.116305350076715],[-125.8351186561889,49.116230550208215],[-125.8350076555178,49.11620625032817],[-125.83474565652047,49.11617655032146],[-125.83447185615067,49.11618325077478],[-125.83414435616824,49.11620915016505],[-125.83385745652356,49.11622515003111],[-125.83373375626259,49.11621915032996],[-125.83360755681166,49.11616825061004],[-125.83358985656493,49.11609665031738],[-125.83362735564492,49.11603275023674],[-125.83370695546985,49.11598585016579],[-125.83388085575967,49.11590965051339],[-125.83397505631638,49.11588034987195],[-125.83423165664894,49.115811150398244],[-125.83452515567018,49.115669150756815],[-125.83462905605589,49.11556765056725],[-125.83469855601489,49.11534105005306],[-125.83474265538507,49.11515105023821],[-125.83476495553894,49.115060550711185],[-125.83476095577001,49.11498865059584],[-125.83472185604703,49.114782650592865],[-125.83471935507292,49.11473775020067],[-125.83461295561676,49.11455135057007],[-125.83445075588281,49.114348350257885],[-125.83435085581802,49.114278850255396],[-125.83427995577885,49.11423555073543],[-125.83404475629628,49.11419625028937],[-125.83386525576914,49.114173650733974],[-125.83354795611571,49.11413635033247],[-125.83336995502212,49.11414065047054],[-125.83304005553885,49.114121750672645],[-125.8327399559445,49.11414695064343],[-125.83247985574718,49.11415335040759],[-125.83224765566091,49.114167950262285],[-125.83210935562634,49.114144250266875],[-125.8318862548036,49.11407775074024],[-125.83173165596162,49.114009450766375],[-125.83157455533464,49.11389635049027],[-125.83137285560603,49.11347835050466],[-125.83126795488285,49.113318951064585],[-125.83121525422067,49.1131133506111],[-125.83112805442875,49.11302545087143],[-125.83095875527498,49.11293965093615],[-125.83086195455797,49.11292395023874],[-125.83057455543539,49.1129309507132],[-125.83047775430909,49.11291525084751],[-125.83040675475475,49.112872050369795],[-125.83036935453914,49.11269305045559],[-125.83033235421341,49.11252295084708],[-125.83023195486697,49.112444451019755],[-125.83004595410469,49.11230495097626],[-125.82987715475814,49.11222815086602],[-125.82958725445744,49.112190150259096],[-125.82943165429324,49.11210395066482],[-125.82931965399712,49.1120616512642],[-125.82899775375911,49.111943550594525],[-125.82872005405768,49.1118782513989],[-125.82858015401263,49.11182765090257],[-125.82854665384943,49.111720550598115],[-125.82841895485436,49.111642651095686],[-125.82819645465548,49.11158505100508],[-125.8279754536299,49.11155445140516],[-125.82789135394138,49.11152045095393],[-125.82782035337216,49.11147725089812],[-125.82780165403467,49.111387650565625],[-125.82774235412414,49.11130815041312],[-125.82764345347078,49.111256551137224],[-125.82745495375778,49.1110722512533],[-125.82738405355111,49.1110289505933],[-125.82713165373036,49.11092705135636],[-125.82686705300411,49.110852551023335],[-125.82654315330782,49.11069845073816],[-125.82640385311655,49.110656851023926],[-125.82616865300217,49.11061755087585],[-125.82601705313863,49.110603150983934],[-125.82541335320597,49.110590850931935],[-125.82531705323377,49.11058415152462],[-125.82504235322375,49.11057285093387],[-125.82489185317797,49.11057645105856],[-125.82457955351984,49.11062895127525],[-125.82415525355214,49.110639250885946],[-125.82405845300597,49.11062355127601],[-125.82376455263613,49.11051375128731],[-125.8235952533164,49.110427851506444],[-125.82333985265595,49.11027215191223],[-125.82318225240418,49.11014995140709],[-125.8229810528912,49.10998385113255],[-125.82286805324979,49.10992365110332],[-125.82271495245257,49.10988235113446],[-125.82257305305268,49.10979585139727],[-125.82241545199261,49.109673651535005],[-125.82218545303793,49.109481351754205],[-125.82205825300254,49.109412451350295],[-125.82172725267893,49.10937545109637],[-125.82157265219193,49.10930715147348],[-125.82123015261783,49.1090635515089],[-125.82122665225589,49.1090006516695],[-125.82148615243763,49.10898535107491],[-125.821569252372,49.10900135115462],[-125.82166805300294,49.10905295176701],[-125.82180035237309,49.10921175144134],[-125.82191485273003,49.10929885148174],[-125.82223715276365,49.109426051135294],[-125.82232025265036,49.10944205101588],[-125.82258135323704,49.1094537513409],[-125.8229436533716,49.10956195146231],[-125.82304045274336,49.10957755190718],[-125.82324625310689,49.10958165137271],[-125.82353365363048,49.10957465147757],[-125.82362895344343,49.10956335152783],[-125.82372375319977,49.109543051352766],[-125.82392095313651,49.10939435135495],[-125.8239955529115,49.109257550889424],[-125.8240178528501,49.10916705165134],[-125.82404935227942,49.10899535119594],[-125.8240407529267,49.108842651669306],[-125.82401595228019,49.10864535153544],[-125.82398965293305,49.10842105083778],[-125.82406325261648,49.10826635160345],[-125.8241469522906,49.108048351556896],[-125.82412615261168,49.10792295081747],[-125.82406335202572,49.107780451098044],[-125.82404925252916,49.10752895071434],[-125.82402655194578,49.10736755141572],[-125.82397735148575,49.10722475129558],[-125.82391455196648,49.107082351643086],[-125.82385025223411,49.10691295109461],[-125.82374585208808,49.10676255163336],[-125.82362835261296,49.10662145116565],[-125.82338615156314,49.10645635119669],[-125.823086151496,49.10623865133266],[-125.82290775122893,49.106233951284295],[-125.82282615126407,49.10624495104631],[-125.8225529521556,49.1062605514901],[-125.82248305183434,49.10623525146062],[-125.82214405078419,49.10605455125685],[-125.82203155203516,49.10600325109652],[-125.82172395199422,49.105893751459796],[-125.82149885131714,49.10579115195278],[-125.8214289512078,49.105765851625506],[-125.82127845191609,49.10576955131837],[-125.82115625054522,49.10579045139059],[-125.82106305130084,49.105837751559065],[-125.82106705167611,49.10590955169696],[-125.8211435522807,49.10605165159254],[-125.82112775149952,49.10625895145441],[-125.82108975098144,49.10631395128161],[-125.82088445110055,49.10631885155671],[-125.82067315176633,49.106215951819244],[-125.82060325208445,49.10619065165268],[-125.82030925192869,49.10608085173565],[-125.82012535158408,49.10597735195545],[-125.81981365193309,49.10579595179414],[-125.81948785078613,49.105605852023565],[-125.81934295115906,49.10546545177984],[-125.81928425075081,49.10539485179324],[-125.81914845098716,49.1051731514225],[-125.81903195057326,49.10505005170718],[-125.81882825077348,49.104839051581685],[-125.81879785033263,49.10478575164303],[-125.81873515126738,49.10464335204497],[-125.81867185078382,49.104491951487574],[-125.81861255060664,49.104412452163636],[-125.81850825092766,49.10426195124044],[-125.81840535050388,49.10413855216412],[-125.81820225073025,49.10393645193945],[-125.81818204996341,49.1038200514959],[-125.81820635068296,49.10376545192226],[-125.81831795105482,49.10355585187991],[-125.81832755020801,49.103483651869766],[-125.81832055049499,49.10335785147667],[-125.81823095081309,49.10322505153439],[-125.81811894987797,49.10318275192292],[-125.81803634999702,49.103175752151415],[-125.81779104976316,49.10319965149826],[-125.81746364987758,49.10322555230768],[-125.8171990496607,49.10315095172637],[-125.81708804945386,49.10312665201337],[-125.81683875005555,49.10307875146577],[-125.8164485502439,49.10296215219467],[-125.81629405047018,49.102893952258555],[-125.81620645016537,49.10279705229362],[-125.81610665014352,49.102727451764416],[-125.81610305013027,49.10266455186521],[-125.8161548499687,49.10260935228024],[-125.81613505014752,49.102501851533646],[-125.81610324959776,49.102421651572875],[-125.81612754986125,49.1023671522203],[-125.81618274948745,49.10237475182258],[-125.81628004994116,49.10239945159399],[-125.81640925016883,49.102504252015194],[-125.81654145047821,49.10266305182062],[-125.81671125020613,49.1027578513144],[-125.8167537500187,49.10278385164924],[-125.81683785035574,49.10281785225351],[-125.81703194954257,49.102858152022854],[-125.8176340501093,49.10284355225986],[-125.81789155033205,49.10279235157598],[-125.81806695025332,49.10274315121464],[-125.81813334981376,49.102705551546244],[-125.81822205012966,49.10257745181149],[-125.8182291501229,49.10246035189878],[-125.81825205005953,49.102378851687725],[-125.81834735064153,49.102367551785115],[-125.81843295013002,49.102428451304746],[-125.81844964987256,49.10248205212912],[-125.81847395003868,49.10267035171335],[-125.81850424987971,49.10272365188648],[-125.81864814991283,49.10284605155067],[-125.81874795024241,49.10291565196384],[-125.81905854999859,49.10307915216414],[-125.8191006506056,49.10309605163221],[-125.81934085036747,49.1032252514036],[-125.81959314979076,49.10332715162741],[-125.81973105055803,49.103341751156194],[-125.81984055030577,49.10333915150214],[-125.81990785113582,49.10331945155588],[-125.82012075051873,49.10320645109008],[-125.82023795008205,49.10309565176617],[-125.82031345021291,49.10297685168484],[-125.82033275100605,49.10283245129646],[-125.82032325062289,49.10266165131844],[-125.82028775049719,49.1025186515188],[-125.82019965040128,49.10241275165591],[-125.82019364966881,49.10230495163],[-125.8202316508563,49.1022500515039],[-125.82049575045608,49.10207275128973],[-125.82068275020904,49.101987251744745],[-125.82093675025438,49.101873151242785],[-125.82118615057267,49.10167815115951],[-125.8213154506679,49.10154015095178],[-125.82149794979281,49.101373751337555],[-125.8216292499293,49.101271651299946],[-125.82185525056256,49.10114915109826],[-125.82217515095465,49.100988551431826],[-125.8222014497222,49.10096985096733],[-125.82229174979705,49.100868751099],[-125.82235305059044,49.10074135119868],[-125.82234204982618,49.100543651703596],[-125.82237755048452,49.10044385085543],[-125.82249055005038,49.10026115124504],[-125.82253475040748,49.10007115138906],[-125.82262595010621,49.09998795152379],[-125.82275984992222,49.09993075110554],[-125.82286274966854,49.0998113509272],[-125.82291035003057,49.09968415121603],[-125.8229155503623,49.099531151221406],[-125.8229383500969,49.09944965120642],[-125.82310415002704,49.09922965134608],[-125.82322885072772,49.09901075111898],[-125.82322024996732,49.09885795058692],[-125.82318834964748,49.098777751227246],[-125.82309824937569,49.09863605113183],[-125.8230394497524,49.09856545097027],[-125.82311755000164,49.098491550939315],[-125.82324324947633,49.09853355126942],[-125.82335564939643,49.09858485092399],[-125.82347225017668,49.09870795071569],[-125.82352034925135,49.098832750714294],[-125.82352835063365,49.0989764510072],[-125.82350904935457,49.09912095116245],[-125.82350595050305,49.099309951172394],[-125.82349065049819,49.099526250690715],[-125.82339935048638,49.099852350693666],[-125.82336235084716,49.09992515107867],[-125.82332735029992,49.100033950743516],[-125.82330195037807,49.10007055109328],[-125.8232269502607,49.10019835063537],[-125.82312655006935,49.10036275131853],[-125.823039349524,49.100517750863666],[-125.82300284976742,49.100599651300946],[-125.8229445500464,49.100780950821026],[-125.82290035080239,49.100970951360054],[-125.82286435009524,49.10106185173697],[-125.82279125058804,49.10122555156374],[-125.82273145071207,49.101379951148445],[-125.82275314988982,49.101523351391045],[-125.8228007502824,49.1016391511529],[-125.82278455048264,49.101837451216895],[-125.82284525068836,49.1019439511265],[-125.82297445106856,49.10204885146181],[-125.8231295506785,49.10212605122268],[-125.82342445016633,49.10225385112251],[-125.8235232512926,49.1023054507822],[-125.82380555024785,49.10245155084046],[-125.82405635138315,49.1025264511822],[-125.82431985068305,49.102583051466105],[-125.8245717518133,49.102675950973854],[-125.82484795167892,49.10271425075664],[-125.82508105191972,49.102717651076745],[-125.82531365056981,49.10271195076527],[-125.82559895037703,49.102669050664815],[-125.82568005104643,49.10264915049858],[-125.82591985095087,49.10252635137572],[-125.82606385094067,49.102405950753365],[-125.82620425071107,49.10222255054254],[-125.82621485157047,49.102168350858754],[-125.82621085110077,49.1020964504071],[-125.8261850517423,49.10188115104661],[-125.82615365119345,49.10180995113134],[-125.82597885150277,49.10162525090521],[-125.82586385131641,49.10152905059886],[-125.82553095148658,49.101456150920505],[-125.82546045101074,49.10142185066842],[-125.82518935021186,49.10123055112247],[-125.82493455103565,49.101083750692844],[-125.82495735016651,49.10100225091003],[-125.82499585076083,49.10095625115066],[-125.82524735045428,49.10079725098905],[-125.82531315025037,49.10075065048927],[-125.82533755033046,49.10069615082662],[-125.8253299512469,49.100561351071086],[-125.82527885081164,49.10038265032491],[-125.82532855089296,49.10029145059467],[-125.82539694977744,49.1002898506643],[-125.82562145004462,49.100383350995365],[-125.8256654514822,49.100436250922904],[-125.82571155054768,49.10052515041444],[-125.825769350557,49.10057765131718],[-125.82592545138216,49.10067285065662],[-125.82609315011322,49.100731850514244],[-125.82612405118131,49.100794050713574],[-125.82613005047823,49.10090185040281],[-125.82621775090435,49.10099865067505],[-125.82634695083398,49.10110355025391],[-125.82657395034678,49.101241950632854],[-125.82675685079049,49.101327550468056],[-125.82703505124059,49.1014017509969],[-125.82737765044169,49.10140245040342],[-125.82766095118609,49.101323650687604],[-125.82772785185232,49.10129505076097],[-125.82778005147537,49.10124875006631],[-125.82786935070911,49.10112965067444],[-125.82791395181923,49.10094865065146],[-125.82797475126026,49.10081215013535],[-125.82807415171409,49.100629850477844],[-125.82809045156135,49.10043155068799],[-125.8280260517842,49.100262150698185],[-125.8279602513369,49.10006585057645],[-125.82794505057517,49.10003915095507],[-125.82787055111784,49.099933050150476],[-125.82781335110172,49.09988945044203],[-125.82771455083586,49.0998378503795],[-125.82760455131836,49.099831550568425],[-125.82753315088931,49.09977925026099],[-125.82750685086774,49.09955495041435],[-125.82754535053844,49.099509050435124],[-125.82765485104618,49.099506450279],[-125.827723751061,49.0995137502868],[-125.82777895049477,49.09952135082627],[-125.82800495088158,49.099641849996615],[-125.82835665071354,49.09980425058271],[-125.82860745062462,49.099879150393534],[-125.82893585066248,49.09987125081103],[-125.82901745079491,49.09986025039038],[-125.82934275085537,49.09979835040902],[-125.82971225155164,49.099789450431075],[-125.83001275057153,49.09977315029767],[-125.83018605168132,49.099687950486704],[-125.83033005121776,49.09956755051642],[-125.83046275111654,49.09949235021694],[-125.83059865105838,49.09947105030647],[-125.83089965142513,49.09946375038709],[-125.83103445144394,49.09942454986366],[-125.8312194509537,49.09930304975661],[-125.83135735077462,49.099074750291344],[-125.83137705122192,49.09893934957034],[-125.83138115059313,49.098768349787235],[-125.83142735120046,49.09861424997654],[-125.83156265129432,49.09858395036702],[-125.8316350512496,49.09865425024566],[-125.83166745086965,49.09874335020549],[-125.83167255125397,49.098833250217446],[-125.83166945076464,49.099022250419004],[-125.83171405082113,49.09908415024758],[-125.83184025089689,49.09913504968827],[-125.83190915052126,49.09914234993505],[-125.83245645183555,49.099129149730935],[-125.83255125143891,49.099108849359936],[-125.83263135119795,49.09907085022351],[-125.83276105053834,49.098941749672164],[-125.83286245079157,49.098795349663185],[-125.83288575164214,49.098722849807004],[-125.83289485085204,49.09864165032887],[-125.8328862509168,49.09848884955917],[-125.83285035080557,49.09833684965798],[-125.83278805168088,49.09820335006098],[-125.83270945090062,49.098025350081066],[-125.83262945141047,49.09782034999324],[-125.83262335054422,49.09771254989096],[-125.83262645089437,49.0975235501079],[-125.83266445110498,49.09746864941948],[-125.83268925006622,49.097423049726494],[-125.83278555054689,49.09742974952109],[-125.83285555108931,49.097455049448016],[-125.83287625124738,49.09758044958082],[-125.8329020513714,49.097795749413514],[-125.83299125150326,49.09791954980069],[-125.83310775052551,49.09804264952826],[-125.83322335133333,49.09814784970267],[-125.83335305116326,49.09826164977177],[-125.83346955099398,49.098384749638306],[-125.83367175157194,49.09856874950723],[-125.83381315110537,49.098646349766966],[-125.83405075119045,49.09873055006057],[-125.83431175157332,49.09874214961168],[-125.83447545151382,49.098729249638225],[-125.8346092517852,49.098671949708276],[-125.83479315066194,49.0985325494492],[-125.83495685073528,49.09851954967352],[-125.83523055136332,49.098512949458915],[-125.8353800517963,49.09849134943039],[-125.83551385087807,49.09843414968733],[-125.83560555199102,49.0983598496939],[-125.8356177511573,49.098332649413805],[-125.83564405155023,49.09831394937729],[-125.8357286519501,49.098113949838066],[-125.83579765129608,49.09812134970451],[-125.8358690519205,49.09817354954764],[-125.83594555184234,49.09831564951057],[-125.83603375220848,49.09842144960772],[-125.83609155097537,49.09847404952275],[-125.83632105221793,49.098657449607785],[-125.83647565158961,49.09872564999452],[-125.83654505162758,49.0987419494905],[-125.83661295109727,49.09873124931002],[-125.83687295206366,49.09872494950267],[-125.83703605231861,49.09870304924707],[-125.83716935183747,49.098636749225115],[-125.83722105114887,49.098581549392],[-125.8372585515332,49.09851764929291],[-125.83731535189415,49.09830934940852],[-125.8374141515765,49.09811804971619],[-125.83742375200708,49.098045849169445],[-125.83746835124353,49.09786474963819],[-125.83763455130118,49.09765384966704],[-125.83772835165838,49.09761554886037],[-125.83782515157336,49.097631249013105],[-125.83792445120235,49.09769174923652],[-125.8379295514641,49.09778164916038],[-125.83788085186836,49.09789074933708],[-125.83786265168987,49.09805314910257],[-125.83789505212451,49.09814234955353],[-125.83798225181718,49.09823014923601],[-125.83802885273695,49.09832804941826],[-125.83805315198755,49.09851634885006],[-125.8380516518081,49.098732348872744],[-125.83809365186659,49.098810048945026],[-125.83815835177663,49.09891434913305],[-125.83828035234093,49.099009749565646],[-125.83854065287443,49.09905904942002],[-125.83887505287093,49.09919424909183],[-125.83943785265988,49.09931164942559],[-125.83944845234134,49.09734804927063],[-125.83946415105177,49.09372684927758],[-125.83947404976608,49.09012774911498],[-125.8394761495111,49.088282148511794],[-125.85060345112394,49.08831554782709],[-125.8561518521348,49.08833174677566],[-125.85610695241311,49.09194904693153],[-125.85608575343902,49.09375734712338],[-125.85607195421517,49.09557294733917],[-125.85884765381965,49.09557724693221],[-125.85884135472953,49.09739424703866],[-125.8616247555117,49.097399946164195],[-125.87385585610157,49.09734354494356],[-125.90780326142549,49.09728544102305],[-125.90772696191206,49.09596474107615],[-125.90749706137244,49.09459394078684],[-125.90681236077126,49.09293754058584],[-125.9056614602785,49.091274841028],[-125.90382755957025,49.08988094142911],[-125.90115155879764,49.088373041134126],[-125.8940017565502,49.08314334228337],[-125.88975775498741,49.08031554288606],[-125.88746095383384,49.07871694242552],[-125.88396955341847,49.07658104326762],[-125.88200765255701,49.07580174324007],[-125.87978935140298,49.074848843247224],[-125.87802975100516,49.07425354411523],[-125.87622485062575,49.07382114407628],[-125.87430035028498,49.07345474463383],[-125.87174555001381,49.0733196441199],[-125.86962154952701,49.072814145108],[-125.86818464941234,49.071868744570345],[-125.86747824914708,49.07124734438411],[-125.86687364809667,49.070488445121526],[-125.86544104764417,49.067932544441945],[-125.86426664737567,49.066782745298354],[-125.86279484667737,49.065460345196755],[-125.86167934545715,49.06462394504726],[-125.8598867460428,49.06343534528308],[-125.85741314455039,49.06230834556889],[-125.85383194469632,49.06192804634233],[-125.84881164335007,49.06200574698679],[-125.84518744270522,49.061104447390036],[-125.84079664179033,49.05971794727833],[-125.83597424050308,49.05819774813804],[-125.83557024014908,49.05807264833686],[-125.83060683950961,49.05647464853603],[-125.83012943937312,49.05626134855209],[-125.82792663862922,49.05530704893479],[-125.82462223843524,49.05447844950558],[-125.8238754374644,49.05434354917331],[-125.82166203682952,49.05392924959025],[-125.81959873730814,49.05301634948964],[-125.8179824363224,49.05128304974634],[-125.81652823554523,49.04950974946873],[-125.81351933554771,49.04906045033229],[-125.81209443432049,49.049526650430366],[-125.8108322350478,49.04971905051296],[-125.80918523384084,49.0491468505537],[-125.80770143418842,49.04830985082207],[-125.8034126333409,49.04674855146325],[-125.80158523194699,49.04662145158207],[-125.8009671332834,49.04658235174491],[-125.79997083277401,49.04663315204707],[-125.7989750327747,49.04669305199085],[-125.79757783236576,49.04667255199642],[-125.79550713085024,49.04585845235302],[-125.79319063077565,49.044807352712375],[-125.79149353042902,49.04406515246923],[-125.78948502934297,49.043384453092735],[-125.78746272941925,49.04294695343208],[-125.78553012885088,49.04289405319387],[-125.78399272956395,49.04380345306914],[-125.7830307294787,49.0444741539923],[-125.7819128289249,49.04504965424485],[-125.77950762886393,49.04511585429092],[-125.77791202872083,49.04472205377125],[-125.77394362723683,49.04299005465358],[-125.77097402635941,49.04274565470143],[-125.76915472752059,49.04276185528874],[-125.76664822613735,49.0429741557671],[-125.76497772581298,49.042707855910855],[-125.76384292495052,49.04098035585459],[-125.76367202549886,49.039607855853106],[-125.7629565236887,49.037537555592635],[-125.76123242458415,49.03603985597051],[-125.75848922305148,49.03542095577198],[-125.75656712258217,49.03505245634539],[-125.75407192167803,49.03471545666836],[-125.75184002162376,49.03468715730301],[-125.75021672151097,49.034527457295816],[-125.7489227207098,49.03413505705216],[-125.74770202072482,49.033327157212504],[-125.74526402002071,49.03127015721322],[-125.74283261956909,49.029078158076494],[-125.7342276172088,49.02454755844486],[-125.72995591570387,49.02246125911343],[-125.72546881398952,49.01941725946747],[-125.72184251209767,49.017108659527906],[-125.71857801169865,49.01490846027498],[-125.71577181034966,49.0130844604498],[-125.71325090990139,49.01071396055259],[-125.71197520937402,49.00987986082557],[-125.71033320948918,49.009099260486096],[-125.70930020958,49.00870936106699],[-125.7075042084798,49.007860360825894],[-125.7063809081547,49.007058660598055],[-125.7053842076726,49.00581326109822],[-125.7043735074799,49.004559060935286],[-125.70297540687216,49.00296306123061],[-125.70036010484,49.00162006138344],[-125.69774820521005,49.0000789621656],[-125.69766380477125,49.000035861594775],[-125.69739620453672,48.99988916195834],[-125.6971846053522,48.999768061912015],[-125.69697350460564,48.999655961875625],[-125.69676200485898,48.999534961556286],[-125.69633980490428,48.99931076188251],[-125.69611510420627,48.99919896256109],[-125.69589130446094,48.99910516153223],[-125.69565380406222,48.999011662327526],[-125.69541690426396,48.998927162097004],[-125.6951668036303,48.99885196190587],[-125.69492980368456,48.99876746220515],[-125.69417940378425,48.99854186225443],[-125.69394290355939,48.99846636183857],[-125.69344270385007,48.99831596203223],[-125.69319310328385,48.99824976256747],[-125.69294290387629,48.99817456216207],[-125.69267910360045,48.99809966218074],[-125.69242950374509,48.99803346242842],[-125.69217940304048,48.997958262533004],[-125.69192970336253,48.99789206198139],[-125.69167960261402,48.997816862463274],[-125.69116670315043,48.99768466252323],[-125.69091650298022,48.997609462757836],[-125.69066690284122,48.99754326267101],[-125.69041680223798,48.99746806244826],[-125.69016710291167,48.99740186235685],[-125.68966690314987,48.99725146283628],[-125.68940360319743,48.99718546252782],[-125.68890340213636,48.99703506247682],[-125.68866690259283,48.99695956266008],[-125.68791660201134,48.996733963055924],[-125.68767970271936,48.99664936287537],[-125.68742950180265,48.99657416298267],[-125.68719260179704,48.99648966304533],[-125.68694200245841,48.99640546241222],[-125.68623130231964,48.99615186310377],[-125.68598070151873,48.99606766296623],[-125.68574330165514,48.995974163037076],[-125.68526940212548,48.99580516256386],[-125.68503200234218,48.995711663026725],[-125.68479510122135,48.99562716324831],[-125.68360810171514,48.99515956350653],[-125.68338440191845,48.995065763264954],[-125.68290960091073,48.99487876357741],[-125.6819864015173,48.994486063590166],[-125.68064110103266,48.99386926368694],[-125.68043010059297,48.993757064095696],[-125.6802059012982,48.993654263772044],[-125.67999490106568,48.99354216349201],[-125.679770200809,48.99343036326723],[-125.67913710072838,48.993093963431875],[-125.67893929999039,48.99297256420442],[-125.67872830053398,48.9928604635278],[-125.67810790038111,48.99250586416586],[-125.67751439944934,48.99214156404342],[-125.67730299954262,48.99202046372328],[-125.676709499183,48.9916561639008],[-125.67651119950409,48.99152576396465],[-125.6763132996131,48.99140436388232],[-125.67593089878962,48.99115226381999],[-125.67573309978819,48.9910307641923],[-125.67553479942755,48.99090036384353],[-125.67533689927268,48.99077896412826],[-125.67515229919522,48.99064826411248],[-125.6743732983811,48.990135264405964],[-125.67418859908234,48.99000456455005],[-125.67399079818635,48.98988316458316],[-125.67380619836585,48.989752464135464],[-125.673607898173,48.98962196407069],[-125.673423298279,48.98949126385207],[-125.67284249794547,48.98910866410818],[-125.67265789786302,48.98897796434411],[-125.6724595980161,48.9888475641357],[-125.67227499785967,48.988716864600626],[-125.67169429835424,48.98833426411396],[-125.67150969737543,48.98820356423691],[-125.67131139773069,48.98807306399914],[-125.67112679788875,48.987942363934145],[-125.67092899745975,48.98782096488302],[-125.67073069695167,48.98769056464221],[-125.6705460971998,48.98755976435492],[-125.67034829720825,48.98743836432464],[-125.67014999669014,48.987307964328025],[-125.66995219747268,48.98718646468177],[-125.66976759667754,48.98705576457194],[-125.66937199645025,48.98681286463143],[-125.6691737973134,48.98668246458604],[-125.66858039690806,48.986318164446466],[-125.66836899651791,48.98619706436835],[-125.6679733967849,48.98595416489564],[-125.66735319627738,48.985599464883144],[-125.66714219659326,48.98548736452863],[-125.66693079608588,48.985366264595655],[-125.66650889627786,48.985141964558835],[-125.66629749658067,48.98502076489466],[-125.66607279633719,48.984908964708886],[-125.66501809593287,48.98434826502155],[-125.66394919574333,48.983778864892614],[-125.66373779494366,48.98365776499485],[-125.66331589499264,48.9834334653245],[-125.66311819533726,48.98331196475624],[-125.66290719494766,48.983199865239634],[-125.66269579490759,48.98307866565571],[-125.66230029477083,48.98283576542545],[-125.66208889503031,48.98271466526179],[-125.66169339459111,48.98247176537638],[-125.66131099517412,48.9822195651741],[-125.66075729486516,48.98182736515229],[-125.66040139376888,48.98155656557624],[-125.6600585942699,48.981276465033],[-125.65990039357935,48.98112706523867],[-125.65972899354105,48.98098706573241],[-125.65957079390982,48.980837665975514],[-125.65939939431492,48.98069766565482],[-125.65892479411315,48.98024966554089],[-125.65876709380387,48.9801092651809],[-125.65829249366791,48.97966126551285],[-125.65812109309883,48.97952116552661],[-125.65796289291002,48.97937186543935],[-125.6576201931781,48.97909176536304],[-125.65746249249943,48.97895136559722],[-125.65727739299011,48.978811666032364],[-125.65710609281068,48.97867156597094],[-125.65636789331104,48.97814856609409],[-125.65617019241296,48.978027166054474],[-125.65558969253848,48.97764446622558],[-125.65539199290397,48.97752296552544],[-125.65518059207801,48.97740186608102],[-125.65498289235553,48.97728036548662],[-125.65457429238596,48.97704676613176],[-125.65437659246874,48.97692526570701],[-125.65416519275604,48.976804165976326],[-125.65395429201578,48.97669196585145],[-125.65333429189329,48.97633716660679],[-125.65291259215833,48.976112866167995],[-125.65270119136353,48.97599166638796],[-125.65249029232245,48.975879566033946],[-125.65227889150736,48.97575836626821],[-125.65185719115242,48.97553406587167],[-125.6516457921267,48.975412866506126],[-125.65143489156478,48.97530076658932],[-125.65123719205718,48.9751792663615],[-125.65102639059444,48.97506706635883],[-125.65081499085709,48.97494586625547],[-125.65060409124074,48.97483376596938],[-125.65040639029743,48.97471226633545],[-125.64974849029669,48.97463006640729],[-125.6143051848061,48.97394297032689],[-125.60883198445684,48.97384197156471],[-125.59844938294867,48.97384237249869],[-125.59847968410384,48.9771497727583],[-125.59853188450609,48.98077957240339],[-125.59856128535826,48.9844069728638],[-125.59861458685869,48.988353073445154],[-125.59866318850283,48.991949673043614],[-125.59871938928724,48.99554607262823],[-125.59877618963947,48.99917177339014],[-125.59829869130556,49.00659867368791],[-125.59817539404786,49.01378087440971],[-125.59954299404711,49.013777373627555],[-125.60371399458171,49.01376547311558],[-125.60929309553083,49.01373997310109],[-125.60929549499141,49.01484657256762],[-125.60928699656172,49.01600737241766],[-125.6092895979202,49.02109047282497],[-125.62026179866531,49.021114771487646],[-125.62599049973718,49.02105817068184],[-125.62582940093795,49.0282231711476],[-125.63145710242608,49.02831247074971],[-125.63723050350212,49.028308270476586],[-125.63720810486284,49.035479170046706],[-125.64293730657715,49.035528969680584],[-125.64279510883655,49.04274756968913],[-125.65405430986279,49.04267226836895],[-125.66489631091518,49.042731267280224],[-125.6650825137871,49.04988846722359],[-125.67623961525233,49.04992136629422],[-125.68721361705582,49.04985826475248],[-125.68724291871577,49.05709106551206],[-125.6927715192851,49.05705366490529],[-125.69837032029136,49.0570504641013],[-125.69836032084301,49.06070336383915],[-125.69837772228477,49.06435566433805],[-125.70511192272937,49.06431686350605],[-125.70510683000414,49.091019364884474],[-125.70510923066219,49.094635964488695],[-125.70525553186987,49.098636164819055],[-125.70567573264304,49.09880636419902],[-125.70594243288484,49.09892616469388],[-125.70656733264867,49.09908266498497],[-125.7071195328865,49.099159764908386],[-125.70796893312375,49.09915806421153],[-125.70846693344622,49.09924556458065],[-125.70901763317141,49.099295764674814],[-125.7108376335817,49.09925346416311],[-125.7113425335287,49.09921476397038],[-125.71182683314662,49.099050564314645],[-125.71224483304844,49.09892396371368],[-125.71236743449447,49.09891206408906],[-125.7130204336688,49.09882496391394],[-125.71330773330514,49.098818264068974],[-125.71354723351726,49.09893866403994],[-125.71381633395521,49.09910336379566],[-125.71394533355667,49.09920836380468],[-125.71411823480828,49.099366263968655],[-125.71422233451966,49.09951676375157],[-125.71421733366815,49.09967886353085],[-125.71424403400502,49.09992116412967],[-125.71429143367403,49.10003696397171],[-125.71433733408507,49.100125864205225],[-125.71444763446536,49.100393263597226],[-125.71447133459121,49.1008335638365],[-125.71451973460546,49.10096736417162],[-125.7145641350924,49.1010292639103],[-125.71475853539333,49.10133066377466],[-125.71483663533117,49.10150876379388],[-125.71484483424284,49.101661564025356],[-125.71487803475557,49.10176876348404],[-125.7149219344438,49.10182166354347],[-125.71504853512818,49.10188176394724],[-125.7153227346385,49.1018843639181],[-125.71548643504885,49.1018715637235],[-125.71565163457409,49.101885663456336],[-125.71574893435485,49.1019104637712],[-125.71591643488752,49.101969463621174],[-125.71626683512812,49.10211436391338],[-125.71646283475235,49.10219076336504],[-125.7166181353511,49.102277063809225],[-125.71667633475687,49.10233866357373],[-125.71683703528058,49.10252386398671],[-125.71694003576089,49.1026564635604],[-125.71713013456572,49.102876963461526],[-125.71739053592383,49.103131763656805],[-125.71766113507243,49.10332346317589],[-125.71818253581341,49.10359016340456],[-125.71852263622925,49.10379816321489],[-125.7187801357262,49.10399916352558],[-125.71911683635983,49.10414426360754],[-125.71935623528638,49.104264663114236],[-125.71986603604229,49.10431576356967],[-125.7203699362541,49.104259063352025],[-125.72095503690647,49.104182463240384],[-125.72136803617248,49.10421776341099],[-125.72188213676174,49.10434976342248],[-125.72221193670751,49.10462096299213],[-125.7223927372068,49.10492266292206],[-125.72271123627928,49.10523906298877],[-125.72297803748498,49.105610763158516],[-125.72313623682021,49.106002962924855],[-125.72356533684061,49.10633476269],[-125.72389463716773,49.10659706279176],[-125.7242973383825,49.10694746300013],[-125.72480023712937,49.107124663094915],[-125.72562723750718,49.10721336300521],[-125.72611943760582,49.10719286310244],[-125.72657843783635,49.10706516308413],[-125.72706093707481,49.10686506237866],[-125.72761963817642,49.10655506262163],[-125.72820823827597,49.1062894620512],[-125.72897803839822,49.10608246201544],[-125.72948103811152,49.106007761903854],[-125.7302918383578,49.10605176165926],[-125.73090723834711,49.106280361835914],[-125.73137293875634,49.106530361992256],[-125.7321007392046,49.107062161633586],[-125.7322121389605,49.107095561715255],[-125.73246673860514,49.10724246231901],[-125.7325928387537,49.10729356178417],[-125.7328856383672,49.10738566166493],[-125.73298343974092,49.1074193620212],[-125.73324923856943,49.107521061637286],[-125.73333333878598,49.107555161912664],[-125.73367103899731,49.10771816136784],[-125.73381083967281,49.10776886148787],[-125.73411443867296,49.107806761832336],[-125.73441553964345,49.107799661826064],[-125.73466233931411,49.10780286195159],[-125.73489693918748,49.1078333617533],[-125.7352391394666,49.10782536157959],[-125.73552403998077,49.107773761472686],[-125.73575433942227,49.10772336158865],[-125.73606373908922,49.10761716142709],[-125.73639704015342,49.107447361485086],[-125.73704373897088,49.10699136174729],[-125.73712193881425,49.10691756149872],[-125.73733703957431,49.10684056118548],[-125.73762053884684,49.10676196104116],[-125.7378248399916,49.10673916122698],[-125.73801743961504,49.10675266105202],[-125.73821093939297,49.10678406125858],[-125.73857364041842,49.106901561240925],[-125.73895294022084,49.10707256147288],[-125.73909663967642,49.10719516141678],[-125.73948573922438,49.10729406123872],[-125.73973353970794,49.107315161583266],[-125.74004834002125,49.107307860564205],[-125.74033424028136,49.10727416068082],[-125.74069103940327,49.10728376107102],[-125.74135184034381,49.10734026061653],[-125.74159923958882,49.107352360720675],[-125.74182353983714,49.10744606067521],[-125.74193554016821,49.10748846116244],[-125.7421300406911,49.107537860641635],[-125.74224053981989,49.10755326085883],[-125.74243504042892,49.10760266095207],[-125.74265504057304,49.107615560643296],[-125.74283534058321,49.10765626027505],[-125.74316924083477,49.10774736012361],[-125.74336224033047,49.107769860261996],[-125.74355484009583,49.10778336047889],[-125.74402514004073,49.107862260307876],[-125.7443579404133,49.10793536017111],[-125.7453624411767,49.10826266065002],[-125.74573694152016,49.108343860522936],[-125.74590264076915,49.10836696083974],[-125.74620564121129,49.108395760199905],[-125.74647984147704,49.108398360325296],[-125.74675354130788,49.108391860427254],[-125.74701514140773,49.108412759832504],[-125.74726434151215,49.10846086055416],[-125.74748734130779,49.10852755990078],[-125.74773704157336,49.108584659715156],[-125.74797264142909,49.10863316005804],[-125.7480826412949,49.10863956029526],[-125.74826054188456,49.10863536009221],[-125.74857434111996,49.10860996049377],[-125.74891214156601,49.1085210596],[-125.749193641908,49.108406459703644],[-125.74944874229746,49.108310460183056],[-125.74967804184048,49.10824205980082],[-125.74993514199153,49.108182059652535],[-125.75017894222444,49.10813135999833],[-125.75044924214434,49.10806196004056],[-125.75071904156879,49.1079836596883],[-125.75099034137284,49.107932259933186],[-125.75126354116126,49.10791685967759],[-125.75140094141216,49.107922659370935],[-125.75167514183283,49.10792515944648],[-125.75189654247531,49.10796495977738],[-125.75214684245547,49.108031059563956],[-125.75244254228836,49.10817695995759],[-125.75267914198339,49.108243360001005],[-125.75351404163874,49.10822375948991],[-125.75359564168635,49.108212759575125],[-125.75414604210799,49.10825375964912],[-125.75468864269746,49.10840295896303],[-125.75502454247065,49.10852995888579],[-125.75560524238777,49.10862425888101],[-125.75579724264033,49.10863115905629],[-125.75657394358805,49.1091052592719],[-125.75321924298663,49.112294660129194],[-125.7532257437278,49.11229355940848],[-125.75323234256243,49.112292459421035],[-125.75323904310727,49.1122914595078],[-125.75324574365179,49.1122904595941],[-125.75325244353603,49.11228955947908],[-125.75325914341991,49.11228865936359],[-125.7532656434532,49.112287859630484],[-125.75327214282632,49.11228715969609],[-125.75327864341241,49.112286459343075],[-125.75328514278502,49.11228575940781],[-125.75329164334782,49.11228515964947],[-125.75329814391038,49.112284559890725],[-125.75330464262252,49.11228395975327],[-125.75331124304519,49.112283459689976],[-125.7533177429474,49.11228295972899],[-125.75332434270986,49.112282559463935],[-125.75333084380223,49.112282159679516],[-125.75333744356448,49.11228175941353],[-125.75334404330387,49.112281459742704],[-125.75335064304312,49.11228116007141],[-125.75335714347523,49.11228086008433],[-125.75336374376784,49.112280659793086],[-125.75337034284708,49.112280459919546],[-125.7533769424798,49.11228035942654],[-125.75338344344246,49.11228025941416],[-125.75339004371217,49.11228015971668],[-125.75339664332225,49.11228015981789],[-125.7534032429322,49.11228015991861],[-125.75340954338523,49.11228026008677],[-125.7534159430393,49.112280559749856],[-125.75342224270425,49.11228105949191],[-125.75342854353754,49.11228176000652],[-125.75343474374475,49.11228265980365],[-125.75344084396309,49.112283759679826],[-125.75344594340636,49.112284459755585],[-125.75345124282802,49.112284759672185],[-125.75345644373044,49.11228465969854],[-125.75346164359289,49.11228405917601],[-125.75346804269817,49.1122827597802],[-125.75347394312014,49.11228075949737],[-125.75347934362279,49.11227815934135],[-125.75348394264516,49.11227495962122],[-125.75348744383787,49.11227185991642],[-125.75349054299383,49.11226855943229],[-125.7534932432374,49.11226506014006],[-125.75349554384837,49.11226145982771],[-125.75349734373046,49.11225775981298],[-125.75349864343748,49.11225405947679],[-125.75349914310897,49.112250759877526],[-125.75349974347324,49.11224695920856],[-125.75350124379432,49.112242859510026],[-125.75350364317889,49.11223905953659],[-125.75350684361626,49.112235459970215],[-125.75351094367068,49.11223225950965],[-125.75351564305554,49.11222946005668],[-125.75352094345482,49.1122272591583],[-125.75352674385549,49.11222555954767],[-125.75353284315644,49.112224359419564],[-125.7535391432197,49.112223859231726],[-125.7535455435254,49.11222405908709],[-125.75355184328873,49.11222435964059],[-125.75355824372213,49.112224259719554],[-125.75356454312578,49.11222385932916],[-125.75357084329386,49.11222315995925],[-125.75357704245418,49.11222205952444],[-125.75358304310551,49.112220759278955],[-125.75358884350273,49.11221905966467],[-125.75359444356268,49.11221705926596],[-125.75359974403924,49.11221475977896],[-125.75360484296509,49.112212159925846],[-125.75360954291762,49.112209359253846],[-125.75361384276643,49.11220625959682],[-125.75361784292673,49.112203060031625],[-125.7536214429225,49.11219955947038],[-125.75362464336878,49.11219585930512],[-125.75362734308641,49.1121920594381],[-125.75362974311572,49.112188159663106],[-125.7536316436519,49.11218405917274],[-125.75363314274449,49.11217995989129],[-125.75363484330406,49.11217625956006],[-125.75363744356366,49.11217285974899],[-125.75364104340618,49.11216975955842],[-125.75364544296058,49.11216715996739],[-125.75365034311535,49.112164959853224],[-125.75365554414857,49.11216295982403],[-125.75366104355099,49.11216125930055],[-125.75366664276999,49.11215985966372],[-125.7536723435951,49.112158759280696],[-125.75367814370466,49.112157759807914],[-125.75368404357032,49.112157059210624],[-125.75368994341379,49.11215645920849],[-125.75369584257633,49.11215605960063],[-125.75370134314998,49.11215605952157],[-125.75370694290386,49.112156359532676],[-125.75371234268276,49.112157059702696],[-125.75371764300684,49.11215815992842],[-125.75372264341237,49.112159659201645],[-125.75372854311291,49.112160959242054],[-125.75373474300687,49.11216116008775],[-125.75374074285945,49.112160259407375],[-125.75374504376465,49.11215905937173],[-125.75374904325759,49.11215745927461],[-125.75375374300278,49.11215526015823],[-125.75375824296427,49.11215285963888],[-125.75376264306404,49.112150359423545],[-125.75376674347541,49.11214775930056],[-125.75377074283351,49.11214495930431],[-125.75377444250324,49.112142059400405],[-125.75377794366324,49.11213895968666],[-125.75378114262584,49.11213585948615],[-125.75378444357307,49.112132159213196],[-125.75378754292531,49.1121283597659],[-125.75379034316538,49.112124459196465],[-125.75379284314094,49.11212045993431],[-125.75379504279124,49.11211635996825],[-125.75379644298741,49.11211265952667],[-125.75379674361326,49.112108859545984],[-125.75379604268012,49.11210505934361],[-125.75379434320827,49.11210146007068],[-125.75379254379307,49.11209785968636],[-125.753791342666,49.112094159759664],[-125.7537907434666,49.11209035903598],[-125.75379084303158,49.11208665985766],[-125.75379154267355,49.11208285950411],[-125.75379284313367,49.11207875959193],[-125.75379454380084,49.11207475948386],[-125.75379674276815,49.11207085991302],[-125.75379934315553,49.11206705972806],[-125.75380224388847,49.11206325965137],[-125.75380554414777,49.11205975977318],[-125.75380924276328,49.112056359320775],[-125.75381324355288,49.11205305995024],[-125.7538176432316,49.11205005998164],[-125.75382234393591,49.11204685972663],[-125.75382714328732,49.1120437595853],[-125.7538319438297,49.11204075962109],[-125.75383674317972,49.11203765947937],[-125.75384154316608,49.112034560133885],[-125.75384634306934,49.11203155937259],[-125.75385124357398,49.11202845992339],[-125.75385614278227,49.11202545947648],[-125.75386104384009,49.11202245940768],[-125.753865943684,49.112019459756866],[-125.75387094338839,49.11201655980147],[-125.75387594311351,49.11201355925036],[-125.75388094281647,49.11201065929451],[-125.75388594317724,49.11200765953941],[-125.7538909428788,49.112004759583094],[-125.75389594257963,49.112001859626574],[-125.75390104279937,49.11199895956643],[-125.75390614301848,49.11199605950603],[-125.75391124321547,49.11199326004088],[-125.75391634343312,49.11199035997999],[-125.75392154351127,49.111987559614484],[-125.75392664306914,49.11198475935214],[-125.75393184378295,49.1119819597826],[-125.75393704385894,49.11197915941633],[-125.75394224272105,49.11197635946801],[-125.753947543294,49.11197365959327],[-125.75395274336799,49.11197085922625],[-125.75395804272628,49.111968159769205],[-125.75396334329714,49.11196545989368],[-125.7539686432303,49.111962759221434],[-125.75397394379975,49.11196005934535],[-125.75397924315529,49.11195735988723],[-125.75398464358467,49.111954759706194],[-125.7539900428213,49.11195205934759],[-125.75399524340239,49.11194955955021],[-125.75400064315035,49.111947159762764],[-125.75400604345266,49.111944859355845],[-125.7540115430607,49.11194255926333],[-125.75401714316651,49.111940359662455],[-125.7540227438267,49.1119382594421],[-125.75402844313443,49.11193625933505],[-125.75403424293998,49.111934359719626],[-125.75404004395826,49.11193245968563],[-125.75404604293034,49.111930660079615],[-125.7540519424927,49.1119290593384],[-125.75405794321115,49.11192745928969],[-125.75406404257724,49.111925959354274],[-125.75407014379316,49.111924459796704],[-125.7540763429988,49.11192316015137],[-125.75408254275926,49.11192195988646],[-125.75408884303876,49.11192075951752],[-125.75409504290128,49.111919360072],[-125.75410094258383,49.11191745955266],[-125.75410634297955,49.11191495996061],[-125.75411114282907,49.11191205978295],[-125.75411534276952,49.11190875981625],[-125.75411874297532,49.11190505984956],[-125.75412134278865,49.11190105968204],[-125.75412214369825,49.11189685965094],[-125.75412024267543,49.111892859426625],[-125.7541160428253,49.11188965973779],[-125.75411214307347,49.111887059706525],[-125.75410944365353,49.1118839595567],[-125.75410804321344,49.11188045940208],[-125.754108143305,49.111876859607065],[-125.75410934374267,49.111872959773514],[-125.75411134337895,49.111869259963626],[-125.75411404290762,49.11186575986279],[-125.75411744352093,49.11186255964809],[-125.75412144348611,49.11185965984131],[-125.75412594286018,49.11185705933129],[-125.75413074296843,49.11185505927519],[-125.75413584329733,49.11185335910127],[-125.75414124314743,49.111852259799285],[-125.7541469437739,49.11185155976013],[-125.75415264294037,49.111851459689156],[-125.75415834317596,49.11185175957017],[-125.75416294294318,49.111852659265175],[-125.75416714342994,49.111854259480396],[-125.75417064312,49.111856359336116],[-125.75417554323325,49.111858859405324],[-125.75418154354772,49.11185985953788],[-125.75418734335754,49.111859459585965],[-125.75419284387009,49.11185795980685],[-125.75419744242261,49.111855659383224],[-125.75420084302864,49.1118524591657],[-125.75420284384838,49.11184885953142],[-125.75420434289359,49.11184465965081],[-125.75420624335767,49.11184055915431],[-125.75420844295267,49.111836459183095],[-125.7542110433902,49.111832459810664],[-125.75421384357084,49.111828559233246],[-125.75421704338065,49.111824759672686],[-125.7542205428766,49.111821060018094],[-125.75422434327174,49.11181745985114],[-125.75422844269518,49.111814059389005],[-125.75423274311505,49.111810859910044],[-125.75423734324144,49.11180765974143],[-125.75424204388625,49.11180445946888],[-125.75424674265955,49.11180135941326],[-125.7542515438015,49.111798259631996],[-125.75425644295404,49.111795259167444],[-125.75426144326204,49.11179225939533],[-125.75426644291171,49.111789359421955],[-125.75427144256068,49.111786459448346],[-125.75427664322665,49.1117836598623],[-125.75428184325489,49.111780859479616],[-125.75428704328243,49.11177805909663],[-125.75429244245623,49.11177545931829],[-125.75429784350008,49.111772759322605],[-125.7543032426725,49.11177015954375],[-125.75430874355605,49.11176765983797],[-125.754314243802,49.11176515933546],[-125.75431994385168,49.11176275963857],[-125.75432554272427,49.11176045984418],[-125.75433124332845,49.111758159527405],[-125.75433704323783,49.11175585952465],[-125.7543428424892,49.111753659320506],[-125.75434874345191,49.11175155918936],[-125.75435464320067,49.11174945947606],[-125.75436064281058,49.111747459457476],[-125.75436664241991,49.11174545943853],[-125.75437264322159,49.11174355959641],[-125.75437874269144,49.11174165927176],[-125.75438504315824,49.111739959929736],[-125.75439144338495,49.11173855946195],[-125.75439794345263,49.111737359284135],[-125.75440464320303,49.11173655968661],[-125.75441134285194,49.11173595926831],[-125.7544181435353,49.11173565931706],[-125.7544248435782,49.11173565924428],[-125.75443164280567,49.11173595926031],[-125.75443834324318,49.1117365595331],[-125.75444504355977,49.11173745958041],[-125.75445154337461,49.111738559811315],[-125.75445794310576,49.11174005930146],[-125.7544642434915,49.11174175966777],[-125.7544698437634,49.11174375928198],[-125.75447494304909,49.11174635934416],[-125.75447934339417,49.111749459427045],[-125.75448294308647,49.111752959457576],[-125.75448574343999,49.111756659838],[-125.75448764319749,49.11176075905557],[-125.75448964316001,49.11176415923838],[-125.75449294275225,49.11176705961249],[-125.75449734282627,49.11176925957314],[-125.75450254369514,49.11177065921524],[-125.75450804288405,49.111770959283646],[-125.75451374349325,49.11177025922313],[-125.75451894363837,49.11176875931985],[-125.75452354280016,49.11176645967796],[-125.75452704321613,49.111763459740324],[-125.75452944355253,49.11176005970034],[-125.75453254348618,49.1117560598401],[-125.75453734340844,49.11175285986798],[-125.75454344287218,49.11175095953294],[-125.75455024302057,49.111750459596266],[-125.75455554303925,49.111750659653],[-125.75456084413096,49.1117512596616],[-125.75456614269592,49.11175205968599],[-125.75457124318608,49.11175305905797],[-125.75457304303418,49.11175565950277],[-125.75457034331049,49.111759759165054],[-125.7545677428921,49.11176385914151],[-125.7545651431301,49.11176785931899],[-125.75456244340482,49.11177195898124],[-125.754559843622,49.11177605975408],[-125.75455724320156,49.11178015973046],[-125.75455454347474,49.111784259392714],[-125.75455194305331,49.11178835936907],[-125.75454934328825,49.111792359546484],[-125.75454674286574,49.11179645952283],[-125.75454404313689,49.11180055918503],[-125.75454144335045,49.11180465995781],[-125.7545388429264,49.11180875993413],[-125.75453614385292,49.11181275979735],[-125.75453534378393,49.111816459661135],[-125.75453724379011,49.11181995932845],[-125.75454154323238,49.11182245916672],[-125.75454534324828,49.11182305944269],[-125.75454704348142,49.111823259780685],[-125.75455354317673,49.111823059512815],[-125.75455994313013,49.111822459774494],[-125.75456634322337,49.11182145966522],[-125.75457254361153,49.111820159570456],[-125.75457864360033,49.11181855980425],[-125.75458444272746,49.11181665936025],[-125.75459004278612,49.111814459727285],[-125.75459534383327,49.111811959794856],[-125.75460044266772,49.111809259297814],[-125.75460544283257,49.11180655928288],[-125.75461044365363,49.111803759468806],[-125.75461534395484,49.11180095975861],[-125.75462024306182,49.11179805987102],[-125.75462504286226,49.11179515966914],[-125.75462954353107,49.11179225894311],[-125.75463404362313,49.11178935943157],[-125.7546385430775,49.11178645912339],[-125.7546430431683,49.11178355961149],[-125.75464744275901,49.11178055960819],[-125.7546518435427,49.11177765978191],[-125.75465614382628,49.11177465946424],[-125.75466054341511,49.111771659460445],[-125.75466484369746,49.11176865914245],[-125.7546691440792,49.11176545964466],[-125.7546734431666,49.111762359149196],[-125.75467774354705,49.11175915965109],[-125.7546819427707,49.11175595946057],[-125.75468634313174,49.111752559881836],[-125.75469084337404,49.11174915940229],[-125.75469474276954,49.11174625967728],[-125.75469534240239,49.111745759340785],[-125.75469984262371,49.111742459456266],[-125.75470444401985,49.11173905966847],[-125.7547089435832,49.111735859582524],[-125.75471364297063,49.111732659706185],[-125.75471844343295,49.11172955910606],[-125.75472334318091,49.11172655941508],[-125.75472834344714,49.11172355961964],[-125.75473344291865,49.11172075931755],[-125.75473854304595,49.111717859216334],[-125.75474384353451,49.11171515930057],[-125.75474924267175,49.11171255949742],[-125.75475474354042,49.11170995917151],[-125.75476024317588,49.11170745985888],[-125.75476594255504,49.11170505933981],[-125.75477164376441,49.111702759794014],[-125.75477744364188,49.111700459765416],[-125.7547832440563,49.111698359712506],[-125.75478924365756,49.1116962590724],[-125.75479524323899,49.11169425902729],[-125.75480124280058,49.11169235957718],[-125.75480734409373,49.11169045960417],[-125.75481344286057,49.111688759646796],[-125.75481954349637,49.11168695947197],[-125.7548257427811,49.111685259409526],[-125.75483194325935,49.1116836595238],[-125.75483814373709,49.11168205963772],[-125.75484444286377,49.11168055986398],[-125.75485074320325,49.11167905967163],[-125.75485704288613,49.11167765927778],[-125.75486344306834,49.11167635937449],[-125.75486974273124,49.11167505957517],[-125.75487614291261,49.11167375967108],[-125.75488264295629,49.111672559461],[-125.75488904367502,49.11167145953212],[-125.7548955430619,49.111670359120104],[-125.75490204242945,49.111669359303],[-125.7549085430099,49.11166835906727],[-125.75491514287665,49.11166745974021],[-125.75492164399472,49.11166665947964],[-125.75492824320499,49.111665859950634],[-125.75493484297216,49.11166515980182],[-125.7549411435902,49.1116645597249],[-125.75494744420813,49.11166395964759],[-125.75495374351392,49.11166355916771],[-125.75496014331962,49.11166325917827],[-125.75496644380068,49.11166305947001],[-125.75497284293147,49.111662959873925],[-125.75497914331392,49.11166295934446],[-125.75498554298318,49.11166305972356],[-125.754991842691,49.11166325958753],[-125.75499824411219,49.111663559523656],[-125.75500454314556,49.111663959781005],[-125.75501084273654,49.11166445941862],[-125.7550171435221,49.11166505923302],[-125.7550234429776,49.11166595924008],[-125.75502964297335,49.111667359898775],[-125.75503544310541,49.11166925909349],[-125.7550409433963,49.11167155935011],[-125.75504604390328,49.111674259558704],[-125.75505054360747,49.11167725933306],[-125.75505134321051,49.11167805969515],[-125.75505414399709,49.11168065954257],[-125.75505664339731,49.111684459599985],[-125.75505794381353,49.111688459594],[-125.7550579428764,49.11169265925105],[-125.75505784340604,49.111696459020656],[-125.75505844392835,49.11170025931279],[-125.75505984313068,49.11170395904921],[-125.75506204350063,49.111707559404586],[-125.75506494334347,49.111710859710904],[-125.75506874292475,49.11171425933277],[-125.7550730433306,49.11171755946905],[-125.75507754304138,49.11172055924263],[-125.75508254359538,49.11172335893511],[-125.75508774287803,49.11172585947948],[-125.75509324319778,49.11172805913827],[-125.75509904395976,49.111730059721395],[-125.75510494287033,49.11173175924988],[-125.75511114409181,49.11173315948547],[-125.75511764326804,49.11173435947061],[-125.7551241436393,49.111735659632444],[-125.75513064281625,49.11173685961669],[-125.75513714320678,49.11173805918232],[-125.7551437435405,49.111739259857465],[-125.75515024273697,49.11174035924507],[-125.75515684307143,49.11174155991934],[-125.75516334411891,49.111742659684275],[-125.75516994262223,49.11174375938407],[-125.75517654363155,49.11174475966272],[-125.75518314334872,49.11174585894339],[-125.75518974314552,49.111746859639354],[-125.75519634351873,49.11174785912019],[-125.7552029433161,49.11174885981528],[-125.75520954369001,49.111749859295244],[-125.7552161435063,49.11175075939404],[-125.75522284384186,49.11175165938761],[-125.75522944365873,49.11175255948551],[-125.75523614399488,49.1117534594782],[-125.75524274381233,49.11175435957519],[-125.75524944295402,49.111755159389794],[-125.7552560434272,49.11175595968694],[-125.75526274378261,49.11175675908242],[-125.75526944356213,49.111757559692094],[-125.75527614336002,49.11175825970589],[-125.75528284371617,49.11175905909996],[-125.7552894429955,49.11175975921771],[-125.75529614279407,49.11176045923016],[-125.75530294376702,49.111761059338335],[-125.75530964356602,49.11176175934985],[-125.75531634402033,49.11176235956195],[-125.75532304262454,49.111762959395385],[-125.75532974373428,49.11176345980763],[-125.75533644355208,49.11176405922191],[-125.7553432433309,49.11176455915012],[-125.75534994322794,49.111765059979156],[-125.75535664370126,49.111765559593124],[-125.75536344348059,49.11176605951989],[-125.755370142741,49.111766559551164],[-125.7553769431756,49.111766959678036],[-125.75538364364957,49.111767459290135],[-125.75539044408437,49.11176785941608],[-125.75539714400033,49.11176825964652],[-125.75540394324003,49.11176855959434],[-125.7554106431562,49.11176895982382],[-125.7554174436093,49.11176925935252],[-125.7554242440448,49.11176965947612],[-125.75543094276588,49.111769959527024],[-125.75543774387407,49.11177015925532],[-125.75544454311435,49.11177045920034],[-125.75545124368594,49.111770759628065],[-125.7554580435812,49.111770959773146],[-125.75546484283943,49.11177115912133],[-125.7554715434289,49.111771358952325],[-125.75547834332436,49.111771559096],[-125.75548514387452,49.111771659440244],[-125.75549194377005,49.11177185958297],[-125.75549864316413,49.111771959234865],[-125.7555054437144,49.11177205957771],[-125.75551224362763,49.11177215912363],[-125.75551904417802,49.11177225946551],[-125.75552584353264,49.11177225962974],[-125.75553254292687,49.1117723592793],[-125.7555393434948,49.111772359024386],[-125.75554614284951,49.1117723591872],[-125.75555294341736,49.11177235893128],[-125.75555974342653,49.11177225929423],[-125.75556644347533,49.1117722591425],[-125.75557324348442,49.11177215950446],[-125.75558004349357,49.11177205986591],[-125.75558684286555,49.111771959430506],[-125.75559364408774,49.111771859372816],[-125.75560034357765,49.11177175983803],[-125.75560714360395,49.11177155960222],[-125.75561394363014,49.11177135936595],[-125.75562074365625,49.11177115912919],[-125.75562744316328,49.11177095899713],[-125.75563424382639,49.11177075955587],[-125.7556410438523,49.111770559317705],[-125.75564774401339,49.1117702593853],[-125.75565454349741,49.11176985917008],[-125.75565454349741,49.11176985917008],[-125.75566124377077,49.1117692594617],[-125.75566794284788,49.1117685595757],[-125.75567454394445,49.11176755918298],[-125.75568114326855,49.11176645982729],[-125.75568754345579,49.11176505927375],[-125.75569394308357,49.11176355933908],[-125.75570024286311,49.11176185911496],[-125.75570634291229,49.11175995950306],[-125.75571234311305,49.11175785960177],[-125.75571824281123,49.111755659210004],[-125.75572394277894,49.11175325943063],[-125.75572944359234,49.111750659048965],[-125.7557347428078,49.1117479594969],[-125.75573904342376,49.11174555947799],[-125.75574314367226,49.11174295927525],[-125.7557469436714,49.1117401597904],[-125.75575044334327,49.11173725960781],[-125.75575374384387,49.11173425941859],[-125.75575814400356,49.11173115956648],[-125.75576394371892,49.11172915925353],[-125.75577014340203,49.111727958881474],[-125.75577654408892,49.11172695948907],[-125.75578304279021,49.11172605941162],[-125.7557895439008,49.11172525909263],[-125.75579604379793,49.11172445919146],[-125.75580254369481,49.111723659289844],[-125.75580904359138,49.11172285938778],[-125.75581534299242,49.11172225967217],[-125.75582164362324,49.11172155894252],[-125.7558279442203,49.11172105940319],[-125.75583424362073,49.11172045968635],[-125.75584054358036,49.11171995934976],[-125.75584684352317,49.11171955960817],[-125.75585314282877,49.1117191590697],[-125.75585954327354,49.11171885981717],[-125.75586584377542,49.11171855945505],[-125.75587224292921,49.111718359204204],[-125.75587854341425,49.11171815943661],[-125.75588494256796,49.111717959184915],[-125.75589124361234,49.11171785879718],[-125.75589784378718,49.111717758929075],[-125.755904443962,49.11171765906055],[-125.7559110429235,49.11171755960978],[-125.75591754380905,49.11171735883222],[-125.75592414277052,49.111717259380555],[-125.7559307435988,49.11171705971131],[-125.7559373432303,49.11171675986445],[-125.75594394342131,49.111716559397834],[-125.7559504437469,49.11171625923739],[-125.75595704337812,49.1117159593892],[-125.75596364300924,49.11171565954055],[-125.75597024385344,49.11171535927324],[-125.75597674361893,49.1117149597303],[-125.75598334324977,49.11171465988034],[-125.75598984303147,49.11171415974116],[-125.75599644267841,49.11171375929492],[-125.75600304296236,49.11171335964469],[-125.75600954395676,49.11171285908598],[-125.75601604373786,49.111712358945056],[-125.75602284330247,49.11171175952446],[-125.75602964344304,49.111711158888674],[-125.75603634315802,49.11171035917843],[-125.75604304287268,49.1117095594677],[-125.7560497426034,49.11170865916115],[-125.75605634431844,49.1117076595391],[-125.7560629429859,49.11170655936122],[-125.75606954351956,49.111705358965764],[-125.75607604297386,49.111704059294816],[-125.75608254429432,49.11170265940629],[-125.75608904376399,49.11170125913912],[-125.75609544402077,49.11169965937937],[-125.75610174375818,49.111698059724866],[-125.75610804351123,49.111696359474635],[-125.7561143439169,49.11169455942503],[-125.7561205438192,49.11169265888541],[-125.75612664383917,49.111690759247544],[-125.75613274331452,49.11168865963327],[-125.75613874348365,49.1116865597061],[-125.75614464314931,49.11168435928896],[-125.75615054346738,49.11168205907258],[-125.75615634391907,49.111679659162654],[-125.75616204385122,49.11167725935816],[-125.75616774379871,49.11167475895802],[-125.75617324336088,49.11167215897015],[-125.75617884344113,49.1116695588762],[-125.75618454402358,49.11166705927158],[-125.7561903438183,49.11166475915867],[-125.75619624291792,49.11166245935789],[-125.7562021432142,49.11166025973388],[-125.7562082432574,49.11165815890039],[-125.75621434392127,49.11165615945834],[-125.75622064431629,49.11165435940216],[-125.75622694349755,49.111652559763755],[-125.75623324379896,49.11165095888629],[-125.75623964338965,49.11164945891622],[-125.75624614349864,49.111647958839875],[-125.75625274345732,49.11164665905152],[-125.75625924409434,49.11164545954568],[-125.75626594324967,49.111644459843745],[-125.75627264361786,49.111643459723105],[-125.75627934333302,49.111642559400906],[-125.75628604359264,49.111641859054274],[-125.75629284314189,49.11164125961487],[-125.75629964325147,49.11164075955564],[-125.75630644392143,49.111640358876606],[-125.75631324334677,49.11164015980603],[-125.756319643684,49.11164005970281],[-125.75632604336853,49.11164005939801],[-125.75633254410124,49.1116403595583],[-125.75633894366267,49.11164075962294],[-125.75634524381115,49.11164145914977],[-125.75635154274663,49.11164215909445],[-125.75635784342512,49.11164315919182],[-125.75636404293259,49.11164425919364],[-125.75637014368004,49.111645558858825],[-125.7563761432411,49.111647059023845],[-125.75638204282907,49.111648759270466],[-125.75638784430964,49.1116505593816],[-125.75639354407423,49.1116522594213],[-125.75639944311826,49.111653759690896],[-125.75640544336477,49.111654958864555],[-125.75641154300892,49.11165595917049],[-125.75641774383996,49.11165675897574],[-125.75642394358039,49.1116571588286],[-125.75643024327888,49.11165745919434],[-125.75643654309972,49.111657359189415],[-125.75644274370647,49.1116570596923],[-125.75644904364924,49.11165655931627],[-125.75645514387426,49.11165575895876],[-125.75646134340465,49.11165495891307],[-125.75646744306835,49.11165405917412],[-125.75647354338409,49.1116530596359],[-125.75647954319595,49.11165195960804],[-125.75648554300751,49.11165085957981],[-125.75649194313488,49.111649559569074],[-125.75649824395632,49.11164825924577],[-125.75650464408287,49.11164695923418],[-125.75651094369027,49.11164565932833],[-125.75651734383118,49.111644258720574],[-125.75652364343777,49.11164295881389],[-125.75653004356273,49.11164165880068],[-125.75653634316858,49.11164035889318],[-125.75654264342614,49.1116389591864],[-125.75654904354987,49.111637659171926],[-125.75655534380664,49.11163625946432],[-125.75656164341082,49.1116349595552],[-125.75656794302968,49.111633559050304],[-125.75657434380392,49.11163215923536],[-125.75658064405891,49.111630759526115],[-125.75658694367648,49.11162935902004],[-125.75659324393074,49.111627959309985],[-125.75659954353249,49.11162665939845],[-125.75660584380077,49.11162515909226],[-125.75661214405368,49.111623759381004],[-125.75661844366913,49.11162235887293],[-125.75662474392125,49.11162095916088],[-125.75663104297459,49.11161945927134],[-125.75663734324063,49.11161795896313],[-125.75664364414334,49.11161645945101],[-125.75664994319534,49.11161495956023],[-125.75665624411187,49.111613359451944],[-125.7566624433109,49.11161165927243],[-125.75666864370777,49.11161005926964],[-125.75667484290575,49.111608359089345],[-125.75668104275505,49.111606559109774],[-125.75668714328363,49.11160485941323],[-125.75669334313189,49.111603059432866],[-125.75669944367414,49.11160125914025],[-125.7567055436544,49.111599359466595],[-125.75671154432864,49.11159745948058],[-125.75671764367074,49.111595559009764],[-125.75672364378244,49.111593559642436],[-125.75672954395101,49.1115915591664],[-125.75673554342448,49.11158955900193],[-125.7567414430304,49.11158745914452],[-125.75674744435292,49.11158545935754],[-125.75675324345364,49.1115832590105],[-125.7567591430578,49.11158115915211],[-125.75676494400753,49.111578959182594],[-125.75677074374349,49.11157675963102],[-125.7567765434933,49.11157445948378],[-125.7567822439226,49.111572259619685],[-125.75678794316703,49.11156985898288],[-125.7567936442467,49.11156755931928],[-125.7567993441269,49.11156515947828],[-125.75680494348791,49.111562759743386],[-125.75681054341,49.111560459388855],[-125.75681614398292,49.11155805923509],[-125.7568218432091,49.111555759191695],[-125.75682744311494,49.11155355943155],[-125.75683324405722,49.11155135945818],[-125.75683894384335,49.11154915879451],[-125.75684474291981,49.1115470590376],[-125.75685064372745,49.11154495875565],[-125.75685654330695,49.11154295948693],[-125.75686244346201,49.11154095900319],[-125.75686834425362,49.1115389593155],[-125.75687434306154,49.11153705894168],[-125.75688034370488,49.11153525954101],[-125.75688634372493,49.11153335874825],[-125.75689244302129,49.111531659457434],[-125.75689854354452,49.11152985915272],[-125.75690464405302,49.11152815944295],[-125.75691084442826,49.11152655942511],[-125.75691704295276,49.11152495902874],[-125.7569232433129,49.111523459605436],[-125.75692944303552,49.11152195938529],[-125.75693574327617,49.111520459058255],[-125.75694194298379,49.11151905943264],[-125.75694834372791,49.111517659593545],[-125.756954643302,49.11151635965944],[-125.75696094408886,49.111515059306655],[-125.75696754335324,49.11151385926914],[-125.75697404329786,49.11151275951476],[-125.75698064310961,49.11151175945225],[-125.75698734278828,49.11151085908153],[-125.75699404365206,49.11151015948271],[-125.7570007438784,49.11150945908698],[-125.7570074434396,49.111508959084944],[-125.75701424350517,49.111508559571085],[-125.75702094361432,49.11150825954405],[-125.7570277429399,49.11150815900759],[-125.75703454290256,49.11150805926709],[-125.75704134341352,49.11150815950201],[-125.75704804396831,49.11150835922374],[-125.75705484317756,49.11150865905545],[-125.75706154306785,49.11150905917042],[-125.75706834402523,49.1115096591541],[-125.75707504325116,49.1115102596623],[-125.75708164308355,49.11151105903795],[-125.75708834342085,49.11151195890172],[-125.7570949432263,49.11151295946703],[-125.75710144307605,49.111514059519266],[-125.75710804399326,49.111515359440226],[-125.75711444387393,49.11151665957426],[-125.75712084366678,49.111518158887314],[-125.75712714356503,49.11151975969846],[-125.75713344338914,49.11152145909335],[-125.75713964389485,49.11152325877168],[-125.7571458431743,49.111525159463184],[-125.75715194436222,49.11152705942456],[-125.75715804370046,49.11152895900737],[-125.75716404372034,49.11153095887365],[-125.75717014424575,49.11153305922812],[-125.75717614426685,49.11153505909369],[-125.75718204311939,49.111537158864614],[-125.7571880436907,49.1115393587054],[-125.75719394374414,49.11154155865264],[-125.75719984443529,49.11154375939599],[-125.75720564397145,49.111545959449415],[-125.7572114440709,49.11154825888314],[-125.75721724294438,49.11155065933006],[-125.75722294372635,49.111553059047004],[-125.75722864329575,49.11155545918191],[-125.75723434407901,49.11155785889823],[-125.75723994433102,49.11156035931643],[-125.75724554394658,49.11156285893789],[-125.75725114354951,49.111565459154356],[-125.75725664328492,49.11156795967854],[-125.75726214414658,49.111570658963686],[-125.7572675439276,49.11157325897481],[-125.75727294369595,49.11157595958098],[-125.75727824350916,49.11157875967442],[-125.75728364385509,49.11158145906538],[-125.75728884315116,49.1115842592652],[-125.75729414417971,49.111587058939605],[-125.757299343464,49.111589959734246],[-125.75730444401957,49.11159285900267],[-125.7573095439998,49.11159575948549],[-125.75731464333049,49.11159875976698],[-125.75731964335638,49.11160175973697],[-125.75732464338303,49.11160475970668],[-125.75732954345462,49.11160785916383],[-125.75733444416413,49.11161095941713],[-125.75733924371845,49.1116140589808],[-125.75734404391065,49.111617159340696],[-125.75734874414785,49.111620359188],[-125.75735344317259,49.11162355945336],[-125.75735814397424,49.11162685868096],[-125.75736274433197,49.11163005943114],[-125.75736724409761,49.11163335887234],[-125.7573717438509,49.11163675890876],[-125.75737614373631,49.11164005925307],[-125.7573804436537,49.11164355968022],[-125.75738454311032,49.11164705910659],[-125.75738844336746,49.111650659720404],[-125.757392043195,49.111654459416506],[-125.7573953438933,49.111658258597124],[-125.7573984435285,49.11166225918242],[-125.75740134333992,49.111666259563464],[-125.75740394337176,49.11167035922804],[-125.75740624369787,49.11167445959192],[-125.7574083435499,49.11167865955055],[-125.7574101436221,49.11168295879273],[-125.75741224312459,49.111686359225416],[-125.75741574396426,49.11168915868968],[-125.75742034344547,49.11169125934048],[-125.75742564380815,49.11169235936147],[-125.75743124297634,49.111692459180794],[-125.75743714411297,49.111691258983356],[-125.75744214398061,49.11168885859817],[-125.75744554321084,49.11168535891205],[-125.75744684385018,49.11168145893282],[-125.75744764377107,49.11167735867651],[-125.75744924354007,49.111673459212675],[-125.75745164373298,49.111669759326475],[-125.75745484369968,49.11166635881686],[-125.75745874299501,49.11166315920653],[-125.75746334394593,49.111660459433864],[-125.75746854308238,49.111657859275674],[-125.75747404311173,49.11165545919015],[-125.75747974416524,49.111653159485435],[-125.75748554378728,49.11165115907005],[-125.75749154322031,49.11164925945368],[-125.75749764428546,49.11164765908649],[-125.75750384399315,49.11164625942426],[-125.7575101441327,49.11164505883408],[-125.75751664408351,49.1116439590428],[-125.75752304340344,49.111643259728496],[-125.75752964368695,49.111642658783644],[-125.75753624394497,49.111642259029054],[-125.75754284410394,49.11164215904894],[-125.75754944360048,49.11164225946262],[-125.75755604301081,49.11164255905542],[-125.7575625436539,49.11164315890805],[-125.75756924412158,49.11164375896411],[-125.75757604390755,49.11164425873538],[-125.75758274381202,49.11164475940986],[-125.75758954304735,49.111645059204164],[-125.75759624362675,49.11164525888809],[-125.75760304351185,49.111645458882585],[-125.75760984348297,49.11164545969699],[-125.75761664403016,49.11164545929627],[-125.75762334350739,49.111645259026275],[-125.7576301441405,49.11164505944504],[-125.75763694357272,49.1116447596862],[-125.7576436437117,49.11164435902058],[-125.7576504432419,49.11164375948591],[-125.75765714346633,49.11164315963979],[-125.7576638437029,49.11164245919785],[-125.75767044407002,49.11164165906385],[-125.75767714375468,49.11164075864503],[-125.75768374420689,49.111639759330544],[-125.75769034403395,49.111638658623896],[-125.7576968434152,49.11163745943987],[-125.75770334337216,49.11163625904075],[-125.75770974410872,49.11163485915072],[-125.7577162435133,49.11163345877476],[-125.75772254317866,49.1116318590153],[-125.75772874353792,49.111630258944494],[-125.75773484337803,49.111628658980734],[-125.75774104438563,49.11162695911029],[-125.75774704315431,49.111625159277146],[-125.7577530437849,49.11162325922653],[-125.75775904441498,49.111621359175516],[-125.75776494332469,49.111619359054465],[-125.75777084408412,49.11161735931126],[-125.7577766443364,49.1116152590798],[-125.75778244337492,49.111613159266255],[-125.75778814376855,49.11161085874735],[-125.75779384358553,49.11160855944281],[-125.75779944345925,49.11160625903068],[-125.75780494346283,49.11160385892682],[-125.75781044411488,49.11160135902377],[-125.75781584424766,49.111598859227904],[-125.75782124317851,49.111596259254696],[-125.7578265440165,49.11159365855216],[-125.7578317444081,49.11159095937261],[-125.75783694416204,49.1115882593964],[-125.7578419440912,49.11158555921666],[-125.75784724370138,49.111583059526644],[-125.75785264439371,49.111580659109535],[-125.75785814372999,49.111578459397116],[-125.75786384345393,49.11157635926825],[-125.75786964424813,49.11157445900748],[-125.75787554369835,49.11157265885596],[-125.75788154300585,49.11157105899083],[-125.7578876440328,49.11156955919484],[-125.7578938442801,49.111568258888745],[-125.75790004386634,49.1115671589764],[-125.75790634332192,49.11156615875501],[-125.75791274448544,49.111565359197996],[-125.75791914435104,49.11156475923838],[-125.75792554355586,49.11156435967251],[-125.75793194388929,49.11156415886751],[-125.7579383441993,49.11156415925269],[-125.75794474321171,49.11156435923522],[-125.75795114399016,49.11156475877503],[-125.75795754410831,49.11156535870861],[-125.75796384304766,49.11156615914354],[-125.75797004379926,49.111567258624056],[-125.75797614402089,49.1115684588071],[-125.75798224424294,49.11156965898977],[-125.75798614414364,49.111570459416804],[-125.75798834446532,49.111570859172076],[-125.75799454344053,49.11157185968866],[-125.75800074299207,49.11157285899015],[-125.75800694384117,49.111573658693466],[-125.75801324399599,49.111574458707],[-125.75801954359792,49.11157505874418],[-125.75802584320002,49.11157565878093],[-125.7580321440995,49.11157605921951],[-125.75803854366737,49.111576459171786],[-125.75804494389534,49.11157665872945],[-125.75805124304011,49.11157675901377],[-125.75805764391669,49.11157685877169],[-125.75806404302686,49.11157675897149],[-125.75807064382265,49.111576559156575],[-125.7580772434166,49.111576259164124],[-125.75808374435344,49.11157585906178],[-125.75809034339377,49.11157535909251],[-125.75809694373073,49.11157465952499],[-125.75810344412497,49.11157395885007],[-125.75810994395422,49.11157315879412],[-125.75811634456136,49.11157215924771],[-125.75812274332918,49.111571058727414],[-125.75812914394693,49.11156995858486],[-125.75813544412927,49.111568659370135],[-125.75814174368527,49.11156725876331],[-125.75814794400775,49.1115657592614],[-125.75815414434096,49.11156415916381],[-125.75816014364769,49.11156245868613],[-125.75816624354465,49.11156065951609],[-125.75817214362839,49.111558759547755],[-125.75817804372264,49.111556758983774],[-125.75818384394604,49.11155465872841],[-125.75818954308531,49.111552459199935],[-125.75819514356685,49.11155015956186],[-125.75820064354028,49.11154775943606],[-125.75820614351308,49.11154535930992],[-125.75821144310748,49.111542759005054],[-125.75821694437526,49.11154015928062],[-125.75822254365146,49.11153775946402],[-125.75822834331586,49.11153545923024],[-125.75823424405226,49.1115333588641],[-125.75824024408239,49.1115313594033],[-125.75824644385277,49.111529559324076],[-125.75825264417682,49.1115279592204],[-125.75825904367612,49.11152645911757],[-125.75826544372916,49.111525158990325],[-125.75827204415987,49.1115240590409],[-125.7582785434238,49.11152305899787],[-125.75828524426784,49.1115223593097],[-125.75829194382658,49.11152175862353],[-125.75829864336342,49.11152135912745],[-125.75830534346541,49.111521059011594],[-125.7583120434739,49.11152105867002],[-125.75831884399008,49.11152115881529],[-125.75832554332918,49.11152145946223],[-125.75833224379899,49.11152195886998],[-125.75833834356314,49.1115226592793],[-125.75834434393971,49.11152355855753],[-125.75835024377665,49.11152465913396],[-125.75835604421552,49.11152605917462],[-125.7583616441725,49.111527659406875],[-125.75836714352911,49.11152945892639],[-125.75837304308847,49.11153145882584],[-125.75837904455541,49.11153295924438],[-125.7583853439599,49.11153425940254],[-125.75839164411595,49.11153505939135],[-125.75839814354117,49.11153565960594],[-125.7584047435884,49.11153585934194],[-125.75841134308082,49.11153585910155],[-125.758417943879,49.111535558667704],[-125.75842444303808,49.111534958984905],[-125.75843094405775,49.111534259084586],[-125.7584373434486,49.111533159340084],[-125.75844364354427,49.11153195868968],[-125.75844984385063,49.11153045916868],[-125.75845584377758,49.11152875946935],[-125.75846154401987,49.111526859281604],[-125.75846714374309,49.111524959201674],[-125.75847264359489,49.1115229594307],[-125.75847804358565,49.11152075937344],[-125.75848334427053,49.11151855900579],[-125.7584885438707,49.11151625936536],[-125.7584937441282,49.111513759330556],[-125.75849874456127,49.11151125909357],[-125.7585036432725,49.111508658787464],[-125.75850844396247,49.11150595916864],[-125.75851304362531,49.11150315917065],[-125.75851764393492,49.11150025937365],[-125.7585220432174,49.11149725919752],[-125.75852634384141,49.11149415891236],[-125.75853054339088,49.111490858759296],[-125.75853444388223,49.11148745951004],[-125.75853814392252,49.11148395866711],[-125.75854154369156,49.11148035914633],[-125.75854474364672,49.11147665882833],[-125.75854774321196,49.11147285892789],[-125.7585504442852,49.11146905931197],[-125.75855284382332,49.111465058830156],[-125.7585550441747,49.11146105894295],[-125.75855664429591,49.111457659214466],[-125.75855694361803,49.11145695958161],[-125.7585585432954,49.11145285891203],[-125.75855994378611,49.11144875883715],[-125.75856134436822,49.11144435898756],[-125.75856284361798,49.11143995865165],[-125.75856454389377,49.11143565869457],[-125.75856654329756,49.11143135924932],[-125.75856854391417,49.111427059385896],[-125.75857084358738,49.11142285861838],[-125.75857334372056,49.11141865884909],[-125.75857594437139,49.11141445897154],[-125.75857864367947,49.11141035920281],[-125.75858164389433,49.11140635890816],[-125.75858474341355,49.111402358923485],[-125.75858804396854,49.11139835872222],[-125.75859144317049,49.11139455922497],[-125.75859504341824,49.1113906589159],[-125.75859884404427,49.11138695878423],[-125.75860274397459,49.11138325896247],[-125.75860664325698,49.111379658939455],[-125.75861064425992,49.11137615898496],[-125.75861464405907,49.1113725588534],[-125.75861874436553,49.11136905920868],[-125.75862284403429,49.11136555876742],[-125.75862694433941,49.1113620591224],[-125.75863114331165,49.11135855899081],[-125.7586353434863,49.111355159036094],[-125.75863964297521,49.11135165879591],[-125.75864394366654,49.111348258732555],[-125.758648243144,49.11134485908734],[-125.75865264370485,49.11134155871413],[-125.75865704369893,49.11133815896027],[-125.75866144304523,49.111334859005076],[-125.75866594412203,49.111331558523055],[-125.7586704439849,49.11132825845917],[-125.758675043789,49.11132495950143],[-125.75867954421658,49.11132175881773],[-125.75868424325313,49.11131855875366],[-125.75868884362123,49.11131535917591],[-125.7586935438695,49.1113121586932],[-125.75869824354095,49.111308959424996],[-125.75870304365874,49.11130585863232],[-125.75870784319977,49.11130275905411],[-125.75871264395323,49.11129965905745],[-125.75871754401072,49.11129655937048],[-125.7587224434206,49.111293559482036],[-125.75872734404288,49.11129055917516],[-125.75873234396924,49.111287559177896],[-125.75873734389486,49.111284559180426],[-125.75874234317291,49.1112816589815],[-125.75874744360519,49.11127875947033],[-125.75875244409504,49.11127585885267],[-125.75875764319348,49.11127295885445],[-125.7587627436237,49.11127005934261],[-125.75876804380496,49.111267258615946],[-125.75877324410479,49.111264458793904],[-125.75877864422641,49.11126165917298],[-125.75878394439587,49.11125895904073],[-125.75878934386927,49.11125625921807],[-125.75879484385983,49.111253559286574],[-125.75880034320292,49.11125095915364],[-125.75880584375851,49.111248358602126],[-125.75881144360847,49.11124585895531],[-125.75881704345771,49.11124335930814],[-125.75882274318697,49.111240858755814],[-125.758828442906,49.1112384587983],[-125.75883414447459,49.1112360592187],[-125.75883994349692,49.11123365957032],[-125.7588457442983,49.11123135888387],[-125.75885154388581,49.111229058615336],[-125.75885744398096,49.11122685883313],[-125.75886334407551,49.11122465905059],[-125.75886934404065,49.111222558957905],[-125.75887534400512,49.1112204588649],[-125.75888134396901,49.11121835877154],[-125.75888744444062,49.11121635916437],[-125.75889344375678,49.11121435886906],[-125.7588996440984,49.111212458951364],[-125.75890574392183,49.1112105591419],[-125.7589119442623,49.11120865922344],[-125.75891814395581,49.111206859103376],[-125.75892434364886,49.11120505898295],[-125.75893064384967,49.11120335934864],[-125.75893694341282,49.11120165891756],[-125.75894324361263,49.11119995928249],[-125.75894954317478,49.111198258850585],[-125.75895594324487,49.11119665890483],[-125.75896224400996,49.11119505864904],[-125.75896864407906,49.11119345870248],[-125.75897504414768,49.1111918587555],[-125.75898144421583,49.11119025880804],[-125.75898784363721,49.111188758659],[-125.75899424369517,49.11118725930594],[-125.75900064432878,49.11118575873777],[-125.75900714305324,49.11118425889704],[-125.75901354432303,49.111182759124475],[-125.75902004361348,49.11118135866335],[-125.75902654354067,49.11117995899826],[-125.7590329441629,49.11117855902317],[-125.75903944408923,49.11117715935722],[-125.75904594337794,49.11117575889439],[-125.75905244387037,49.11117445860803],[-125.7590589431493,49.11117315873958],[-125.759065444278,49.11117185924878],[-125.75907194412318,49.11117065875989],[-125.75907854390957,49.111169459376505],[-125.7590850437539,49.11116825888674],[-125.75909164410665,49.111167158882964],[-125.7590981439414,49.111166058987465],[-125.75910474429344,49.11116495898283],[-125.75911134399911,49.11116395877642],[-125.75911794370447,49.1111629585696],[-125.75912454340067,49.11116205895749],[-125.75913124362305,49.111161058640945],[-125.75913784331867,49.11116015902795],[-125.75914454409885,49.111159358686116],[-125.759151143148,49.11115855887097],[-125.7591575442252,49.111157759232945],[-125.75916394401918,49.11115705859681],[-125.7591703432369,49.11115635917495],[-125.75917674423489,49.111155758714894],[-125.75918324332392,49.11115515898204],[-125.75918964310837,49.11115455893941],[-125.75919614340158,49.111154059382606],[-125.75920254375306,49.11115355871959],[-125.75920904340016,49.111153158960626],[-125.75921544374279,49.11115275889193],[-125.75922194338958,49.11115235913214],[-125.7592284436038,49.1111520587524],[-125.75923484393742,49.11115175927756],[-125.75924134415142,49.11115145889694],[-125.75924804353313,49.11115135911017],[-125.7592547441279,49.11115125890467],[-125.75926134355096,49.11115135920155],[-125.75926804349169,49.11115145938904],[-125.75927464404145,49.111151859041115],[-125.75928134389571,49.11115225900205],[-125.75928794380017,49.11115275845196],[-125.7592945436879,49.11115345909179],[-125.75930104418518,49.11115445919624],[-125.75930734404261,49.11115615844754],[-125.75931194421415,49.11115805861049],[-125.75931304432318,49.111158458657556],[-125.75931824369434,49.11116135933929],[-125.75932274356397,49.111164658684],[-125.75932634417114,49.111168358502695],[-125.75932974374373,49.11117205853936],[-125.7593336441325,49.11117555847344],[-125.75933794360672,49.111178858832105],[-125.75934264337968,49.111181959197026],[-125.75934764415511,49.11118475866384],[-125.75935304344831,49.11118725917455],[-125.75935884426154,49.111189458677906],[-125.75936474389806,49.111191259335236],[-125.75937094389131,49.111192858892935],[-125.759377243929,49.111193958591045],[-125.75938364456219,49.11119485900046],[-125.75939014395688,49.111195358552585],[-125.75939664407458,49.11119555912626],[-125.75940324416662,49.11119535842443],[-125.75940964459123,49.11119475916357],[-125.75941614313135,49.11119385884417],[-125.75942234326713,49.1111926590372],[-125.75942844418348,49.11119115914628],[-125.75943434415753,49.111189259103696],[-125.75944004439422,49.11118705908635],[-125.75944534442614,49.11118465869306],[-125.75945044415268,49.11118185894469],[-125.75945514367427,49.11117885882055],[-125.75945944362823,49.11117565911706],[-125.7594632435049,49.11117215934835],[-125.75946674304932,49.11116855889362],[-125.75947014336575,49.1111647589505],[-125.7594739438857,49.11116115938277],[-125.7594781439799,49.11115765879879],[-125.75948254324226,49.111154358808456],[-125.75948734392118,49.111151258775116],[-125.7594923437762,49.11114825874018],[-125.75949764388514,49.11114555857002],[-125.75950314316229,49.111143058993356],[-125.75950884403413,49.11114075917362],[-125.75951484330965,49.11113875884034],[-125.75952094429958,49.11113695916953],[-125.75952724382084,49.11113535929565],[-125.75953364377446,49.11113405908643],[-125.75954014416065,49.1111330585419],[-125.75954674319807,49.11113225869991],[-125.7595534433132,49.111131658723785],[-125.7595601433359,49.11113145911668],[-125.75956684328182,49.11113145868834],[-125.7595735444254,49.11113165903154],[-125.75958014432236,49.111132259056696],[-125.75958684409223,49.11113295877084],[-125.7595934438976,49.1111339591646],[-125.75959994310932,49.111135158846395],[-125.75960634421483,49.11113655899087],[-125.75961264351362,49.1111381588417],[-125.7596188440693,49.111139958358834],[-125.75962484357514,49.111141959284566],[-125.75963074370081,49.11114415908024],[-125.75963614374199,49.11114615940655],[-125.75964184413836,49.11114795863244],[-125.75964754339832,49.11114955909711],[-125.75965344370141,49.111151058747524],[-125.75965944339315,49.111152258932144],[-125.75966554425497,49.11115325861308],[-125.75967164334297,49.11115405873631],[-125.75967784423797,49.11115465915224],[-125.759684543452,49.11115515888404],[-125.75969134382828,49.111155558707196],[-125.75969804312612,49.111155758663685],[-125.75970484357866,49.11115595930675],[-125.7597116440461,49.11115595875893],[-125.75971834342738,49.111155858939625],[-125.7597251439781,49.11115555861655],[-125.7597318440112,49.111155258402405],[-125.75973864463754,49.11115475889914],[-125.75974534410899,49.11115425870842],[-125.7597520436561,49.11115355933805],[-125.75975864390591,49.11115275906322],[-125.75976524359398,49.11115175881236],[-125.75977184391888,49.11115075935744],[-125.75977844361364,49.11114965851052],[-125.75978484419878,49.11114835908109],[-125.75979134345802,49.11114695856844],[-125.75979764417639,49.11114545885377],[-125.7598040442059,49.11114385885226],[-125.75981024384411,49.11114215927075],[-125.75981644348902,49.111140359093625],[-125.75982254447335,49.11113845880866],[-125.75982854373352,49.111136458455974],[-125.75983444376416,49.11113425861506],[-125.75984034379414,49.11113205877377],[-125.75984614395021,49.11112975924297],[-125.75985174308482,49.11112725874068],[-125.75985734406908,49.11112475861623],[-125.75986274466182,49.11112215891192],[-125.7598681440478,49.111119459030455],[-125.75987334425547,49.111116659150895],[-125.75987854446943,49.111113758675934],[-125.7598835442919,49.111110758621244],[-125.75988834372285,49.11110765898679],[-125.7598931431601,49.11110445875697],[-125.75989774341203,49.11110125912437],[-125.75990244418755,49.1110979587868],[-125.75990704443802,49.11109475915386],[-125.75991184387237,49.11109155892326],[-125.75991664330594,49.11108835869251],[-125.75992154324925,49.111085258947035],[-125.75992644440498,49.11108215878305],[-125.75993144422026,49.11107915872619],[-125.75993644403476,49.11107615866917],[-125.75994154436596,49.1110731585022],[-125.75994674399378,49.11107025923872],[-125.75995194419686,49.11106735876033],[-125.75995724369662,49.11106455918541],[-125.75996254377166,49.11106175839553],[-125.75996794378052,49.11105905930555],[-125.75997334436472,49.11105635900057],[-125.759978743735,49.1110536591136],[-125.75998434349543,49.11105105880562],[-125.75998984458805,49.11104845898525],[-125.75999554422043,49.11104595836568],[-125.76000114396531,49.111043559247044],[-125.76000694411367,49.11104105851711],[-125.76001264373063,49.111038759086895],[-125.76001844387099,49.111036358951424],[-125.76002434387746,49.11103415909974],[-125.76003024388997,49.11103185865257],[-125.76003614389516,49.111029658800184],[-125.76004214377323,49.11102755863638],[-125.76004814365072,49.11102545847224],[-125.76005424403832,49.11102345879307],[-125.76006034442527,49.11102145911355],[-125.76006644416792,49.11101955923233],[-125.76007264379008,49.111017658444524],[-125.76007884404238,49.111015859047875],[-125.76008514417418,49.11101405874458],[-125.7600913437817,49.111012359145825],[-125.76009774378603,49.11101065853064],[-125.76010404326614,49.11100905861997],[-125.76011044326297,49.11100745859909],[-125.76011684446608,49.11100595875459],[-125.76012324381838,49.111004458531546],[-125.76012974368102,49.11100305879334],[-125.76013614423917,49.111001658746275],[-125.7601426434574,49.11100035880591],[-125.76014924439926,49.11099915893207],[-125.76015574418638,49.11099795837122],[-125.76016234391426,49.11099675891475],[-125.76016894421149,49.11099565883829],[-125.76017554386495,49.11099465856001],[-125.76018224467235,49.11099365896781],[-125.76018884368176,49.11099275848735],[-125.76019554384517,49.110991858692955],[-125.76020214406088,49.11099105838841],[-125.76020884421753,49.11099025918815],[-125.76021544443269,49.11098945888272],[-125.76022204400432,49.11098875837554],[-125.76022874351692,49.11098805897262],[-125.76023544424237,49.11098735915098],[-125.76024204380718,49.11098675923749],[-125.760248743889,49.11098615921363],[-125.7602554439706,49.11098555918927],[-125.76026214405198,49.110984959164455],[-125.76026884348997,49.110984458937864],[-125.76027554414092,49.11098395829256],[-125.76028224421574,49.11098345886143],[-125.76028894364723,49.110983059228566],[-125.76029564429169,49.11098265917694],[-125.76030234308575,49.11098225874672],[-125.760309043724,49.110981959289276],[-125.76031574373094,49.11098155843986],[-125.76032244372597,49.11098135878018],[-125.76032924424386,49.11098105841487],[-125.7603359442387,49.11098085875425],[-125.76034264423345,49.11098065909316],[-125.7603494441081,49.110980458525106],[-125.76035614410269,49.11098025886311],[-125.76036284345426,49.11098015899928],[-125.76036974384009,49.11098005891483],[-125.76037654378727,49.11097965916578],[-125.76038324443621,49.110979158513025],[-125.76039004381876,49.11097855878751],[-125.76039674333262,49.110977758777906],[-125.76040344348914,49.110976858969195],[-125.7604100437769,49.11097575887634],[-125.76041654419576,49.11097445849941],[-125.76042304404389,49.1109730587417],[-125.76042944338012,49.110971558498626],[-125.7604357434845,49.11096985876794],[-125.7604411431383,49.11096835874915],[-125.76044654407731,49.11096665913271],[-125.76045184386163,49.110964958829776],[-125.76045704312841,49.11096325863675],[-125.7604622436803,49.110961358846126],[-125.76046734371461,49.11095945916542],[-125.76047234445008,49.11095745858131],[-125.76047824385105,49.11095515932219],[-125.76048404388074,49.1109529583387],[-125.76049004315483,49.11095075876739],[-125.76049604420633,49.1109487587529],[-125.76050204404413,49.11094675915631],[-125.76050814376134,49.110944758652735],[-125.760514343984,49.110942959228694],[-125.76052034374803,49.11094115881008],[-125.76052634350604,49.11093945898623],[-125.76053244435117,49.1109378584321],[-125.76053864328655,49.11093625860387],[-125.7605447441254,49.110934758644085],[-125.76055094362505,49.11093335879056],[-125.7605571443375,49.11093195851837],[-125.76056344371086,49.11093065835242],[-125.76056974372098,49.11092935898251],[-125.76057604430133,49.11092815899256],[-125.76058234424423,49.11092695820576],[-125.76058874412249,49.11092585911804],[-125.76059504341694,49.11092485872419],[-125.76060144386521,49.11092385901599],[-125.76060794418778,49.1109229589957],[-125.7606143439931,49.11092205908533],[-125.76062084367271,49.11092125886288],[-125.76062724404304,49.110920558927084],[-125.76063374371704,49.110919859298825],[-125.76064024396155,49.11091925905051],[-125.76064684350979,49.1109186591096],[-125.76065334311167,49.11091815865906],[-125.76065984392136,49.11091775838489],[-125.76066644403484,49.110917358418114],[-125.76067294362602,49.110917059156414],[-125.76067964361407,49.11091675887701],[-125.76068634424414,49.11091635879844],[-125.76069304366095,49.11091595913774],[-125.7606996437738,49.11091555916871],[-125.7607063444086,49.11091505849371],[-125.76071294395018,49.11091455914342],[-125.76071874420822,49.11091405900332],[-125.76071964401363,49.110913959087135],[-125.76072624355986,49.110913359140866],[-125.76073284431908,49.11091275877584],[-125.76073954317374,49.11091205854141],[-125.76074614336147,49.110911358795136],[-125.76075274355395,49.1109105584533],[-125.76075924386629,49.110909759017964],[-125.76076584470022,49.11090885887662],[-125.76077244368359,49.11090795835671],[-125.76077894400007,49.11090705832497],[-125.76078544374508,49.11090605891244],[-125.76079194406572,49.1109050582848],[-125.76079844445205,49.110903959072736],[-125.76080494420087,49.11090285906384],[-125.76081144394936,49.11090175905454],[-125.76081784318534,49.11090055856031],[-125.76082434357502,49.11089935875144],[-125.7608307434521,49.110898058457714],[-125.76083714396592,49.11089675895995],[-125.76084344396715,49.110895358977324],[-125.76084984448487,49.11089395888368],[-125.76085614448519,49.11089255890023],[-125.76086244327664,49.1108910587396],[-125.76086874391794,49.11088955895672],[-125.76087504456335,49.11088795857834],[-125.7608813439952,49.11088635861786],[-125.76088754355136,49.11088465896895],[-125.76089374432013,49.11088295890139],[-125.7608998433629,49.11088115876734],[-125.76090594425551,49.11087935901101],[-125.76091204393893,49.110877459077535],[-125.76091804432257,49.11087545824108],[-125.76092404412964,49.11087345861891],[-125.76093004393613,49.1108714589964],[-125.76093594444275,49.110869358470886],[-125.76094184437731,49.11086715856465],[-125.76094764379434,49.11086495876879],[-125.76095344385234,49.11086265917399],[-125.76095914396883,49.110860358474845],[-125.76096484351314,49.110857958395044],[-125.76097044439021,49.11085555880379],[-125.76097594411262,49.11085315852654],[-125.76098154434692,49.11085085873331],[-125.7609870440681,49.11084845845552],[-125.76099264430115,49.11084615866169],[-125.76099824453355,49.110843858867526],[-125.76100384412818,49.11084155827673],[-125.76100954366304,49.11083925878946],[-125.76101524376897,49.110837058682286],[-125.76102084335749,49.110834858685585],[-125.761026643979,49.110832658466954],[-125.76103234408313,49.110830458358826],[-125.76103804418246,49.1108283588454],[-125.76104384358902,49.11082615904412],[-125.76104964356678,49.11082405862284],[-125.76105544353979,49.11082205879624],[-125.76106124351638,49.1108199583743],[-125.76106704412952,49.11081785874843],[-125.76107294461754,49.11081585881002],[-125.7610788432548,49.11081385849314],[-125.76108474373754,49.11081195914907],[-125.76109064358674,49.11080995841323],[-125.76109654406848,49.110808059068475],[-125.7611025444292,49.110806158816075],[-125.76110844427272,49.11080425867426],[-125.7611144434192,49.11080235883943],[-125.76112044377433,49.110800559181016],[-125.76112654400842,49.11079875861492],[-125.76113274418678,49.110796858557244],[-125.7611388444158,49.11079515858547],[-125.76114504395191,49.110793358325644],[-125.76115124348358,49.11079165866045],[-125.76115744422778,49.11078995857661],[-125.76115944372823,49.110789358563586],[-125.76116374427512,49.11078825879972],[-125.7611699438052,49.110786559133366],[-125.76117624442357,49.110784958736005],[-125.76118254382827,49.110783358756535],[-125.7611888444418,49.11078185895341],[-125.76119514384563,49.11078025897317],[-125.76120144382104,49.11077875837281],[-125.76120784373676,49.110777258875785],[-125.76121414370749,49.11077585886968],[-125.76122054419446,49.11077445875217],[-125.76122694468097,49.110773058634216],[-125.76123334395396,49.110771658934155],[-125.76123984431541,49.110770358503],[-125.76124624415976,49.11076905818244],[-125.7612526446409,49.11076775865784],[-125.76125914378805,49.11076645864371],[-125.7612656441441,49.11076525880584],[-125.76127214449988,49.11076405896756],[-125.76127864421815,49.110762858332464],[-125.7612851439323,49.11076175829192],[-125.76129164428339,49.11076065904735],[-125.7612981439969,49.11075955900595],[-125.76130474358598,49.11075855865167],[-125.76131134381185,49.11075755909331],[-125.76131784409685,49.11075655843096],[-125.76132444432207,49.11075555887172],[-125.7613310439064,49.11075465911066],[-125.76133764470347,49.11075375893084],[-125.76134424365006,49.11075285837251],[-125.76135084444316,49.1107520587868],[-125.76135744338566,49.11075125882255],[-125.7613641440577,49.11075045832844],[-125.76137074420943,49.11074975854002],[-125.7613774436678,49.11074895846329],[-125.76138404381908,49.11074825867395],[-125.76139074384618,49.11074765857164],[-125.7613971435331,49.11074715897907],[-125.76140354436177,49.11074695874174],[-125.76140994390605,49.11074705869618],[-125.76141634337924,49.11074745842418],[-125.76142274341854,49.11074815872208],[-125.76142904408357,49.110749158486385],[-125.76143514428193,49.110750459043054],[-125.76144114389632,49.1107519588895],[-125.76144204419818,49.11075225812089],[-125.76144694362014,49.11075375831365],[-125.76145254472777,49.11075585890842],[-125.7614579447352,49.11075815890429],[-125.76146314364227,49.110760658301274],[-125.76146794411335,49.11076345867319],[-125.7614724441807,49.11076645813926],[-125.76147644401472,49.11076995828889],[-125.76147934358518,49.11077375855944],[-125.76148094428171,49.110777958932],[-125.76148134420379,49.11078225834687],[-125.76148034423237,49.110786558820855],[-125.76147814419679,49.110790558764585],[-125.76147474409672,49.11079425817791],[-125.76147214391433,49.11079795917075],[-125.76147204374594,49.110802059126726],[-125.76147444437393,49.110805858699244],[-125.76147904318036,49.11080865849718],[-125.76148494356858,49.11080995885523],[-125.76149114401323,49.11080965903597],[-125.76149694318165,49.110808358529674],[-125.76150274362719,49.11080695902086],[-125.76150834425809,49.1108053581259],[-125.76151394373983,49.11080365906494],[-125.76151934340689,49.11080175861801],[-125.76152454453361,49.11079965837781],[-125.76152994427,49.110797458156284],[-125.76153544451948,49.11079535841818],[-125.76154084425173,49.110793258791105],[-125.76154634386295,49.11079115825605],[-125.7615518441078,49.11078915911208],[-125.76155734371795,49.11078705857641],[-125.76156294383831,49.11078515911914],[-125.76156854396103,49.110783159066536],[-125.76157414344317,49.11078125881223],[-125.76157974413793,49.11077935813931],[-125.76158544413278,49.11077755836805],[-125.76159114476724,49.11077565879787],[-125.76159684412396,49.11077385822953],[-125.76160284445417,49.110772058541436],[-125.76160894409021,49.11077015856485],[-125.76161504372284,49.11076835918293],[-125.76162104405428,49.1107664588987],[-125.76162714426182,49.11076465830135],[-125.7616332438929,49.110762858918285],[-125.76163934409941,49.1107610583202],[-125.76164544372944,49.11075925893638],[-125.7616515439349,49.110757458337545],[-125.7616576435639,49.110755658952996],[-125.76166374376551,49.11075395894841],[-125.76166984396939,49.11075215834845],[-125.76167604347356,49.110750458649925],[-125.76168214431354,49.11074865884561],[-125.7616882445132,49.11074695883951],[-125.76169444401586,49.110745259139854],[-125.76170054421715,49.11074345853803],[-125.76170674371879,49.1107417588376],[-125.7617129437932,49.11074015851709],[-125.76171904399034,49.11073845850914],[-125.76172524349046,49.11073675880756],[-125.76173144420315,49.110735058687304],[-125.76173764427568,49.11073345836531],[-125.7617438437743,49.110731758662546],[-125.76175004384586,49.110730158339756],[-125.7617562445541,49.110728558812944],[-125.76176244462468,49.11072695848936],[-125.76176864348169,49.11072535858369],[-125.76177434339246,49.1107238585756],[-125.76178014439044,49.11072255843087],[-125.7617859435353,49.11072135850273],[-125.7617917438906,49.11072025875093],[-125.76179764476214,49.11071915888719],[-125.76180364365757,49.110718258927],[-125.76180954446019,49.110717458836454],[-125.76181554392639,49.11071675885085],[-125.76182154460552,49.11071605844658],[-125.76182834442767,49.11071595836994],[-125.76183504352426,49.11071695891614],[-125.7618410448623,49.1107190586635],[-125.76184614441371,49.110721958101834],[-125.76184994381316,49.11072565843405],[-125.76185224388438,49.110729858476724],[-125.7618529441785,49.110734258567675],[-125.76185344350992,49.110738258513074],[-125.76185514419014,49.110742158196935],[-125.76185804386112,49.110745658681815],[-125.76186204443505,49.11074865864768],[-125.7618668437885,49.11075105904908],[-125.761872343831,49.11075285916085],[-125.76187824365645,49.11075375832933],[-125.76188424356057,49.11075395845757],[-125.76189094358136,49.110753358320636],[-125.76189744448894,49.110752358415795],[-125.76190374443284,49.11075095836497],[-125.76190984404995,49.110749158964595],[-125.76191554409614,49.11074695880517],[-125.76192094387476,49.110744358193344],[-125.76192584420068,49.110741458325734],[-125.76193034437951,49.110738158914],[-125.76193434319211,49.11073465845244],[-125.76193764458242,49.11073085891862],[-125.76194044460671,49.110726858335134],[-125.76194304359531,49.11072295857008],[-125.76194594413299,49.11071905846982],[-125.76194914436732,49.11071525825116],[-125.76195274423883,49.110711559017034],[-125.76195654386632,49.11070795856151],[-125.7619606444014,49.110704558164215],[-125.76196494475369,49.11070125855654],[-125.76196954416322,49.11069815862889],[-125.76197444448043,49.1106952587593],[-125.76197944467424,49.11069245857637],[-125.7619847445625,49.110689858869655],[-125.76199024420478,49.11068745853629],[-125.76199594366433,49.110685158992375],[-125.76200174478579,49.11068315869186],[-125.76200774444833,49.110681358182894],[-125.76201394456724,49.11067955866463],[-125.76202024456306,49.11067785883272],[-125.76202644461601,49.11067625849256],[-125.76203274397172,49.11067465845845],[-125.76203904332702,49.110673058423956],[-125.76204544440958,49.110671558453895],[-125.76205174433629,49.110670158393866],[-125.76205814356584,49.110668758639854],[-125.76206454400806,49.11066735846712],[-125.76207094444814,49.110666058888974],[-125.76207744355393,49.1106647588204],[-125.76208394387075,49.11066355892812],[-125.76209044418717,49.11066235903536],[-125.76209694386434,49.110661258940794],[-125.76210334487676,49.11066005874077],[-125.7621097440369,49.11065895875726],[-125.7621160445322,49.110657758668374],[-125.76212244433205,49.11065645829045],[-125.7621287442523,49.11065515882047],[-125.76213504353498,49.11065385855363],[-125.762141343456,49.11065245848789],[-125.76214754349898,49.11065095873506],[-125.76215384405789,49.11064945886996],[-125.76216004346279,49.11064795831995],[-125.76216624414312,49.110646358767404],[-125.76217234366945,49.11064475853005],[-125.76217844383396,49.11064305849377],[-125.762184543998,49.11064135845706],[-125.76219044434198,49.11063965822573],[-125.76219624359466,49.11063785872573],[-125.76220204406141,49.110635958212185],[-125.7622070446722,49.11063415873083],[-125.76220764413353,49.110633958123685],[-125.76221334414691,49.11063185854265],[-125.76221884434023,49.11062975876705],[-125.76222434453437,49.11062755839616],[-125.76222974363706,49.11062525875677],[-125.76223504407449,49.110622859012274],[-125.76224034387413,49.1106204584711],[-125.76224554379534,49.110617958243154],[-125.76225064383821,49.11061535832848],[-125.76225564400262,49.11061265872702],[-125.76226054422608,49.1106099580227],[-125.76226534456983,49.11060725822663],[-125.76227024478949,49.110604758711794],[-125.7622753441908,49.11060225859448],[-125.76228054468115,49.11059995834005],[-125.7622857439578,49.11059765850367],[-125.76229114362678,49.110595558836295],[-125.76229664381142,49.11059345905655],[-125.76230214393189,49.1105915584553],[-125.76230784386993,49.11058975864277],[-125.76231354438231,49.1105880582102],[-125.76231934419621,49.1105864586784],[-125.76232524388755,49.11058495883266],[-125.76233144385041,49.11058365824727],[-125.76233794408274,49.110582758112045],[-125.76234444424921,49.110582258345076],[-125.76235104422909,49.110582158037815],[-125.76235754362732,49.110582458210935],[-125.7623640441723,49.110583258929],[-125.76237034419682,49.11058435843006],[-125.7623765436402,49.1105858584116],[-125.76238244389647,49.11058775826143],[-125.76238814369388,49.1105899589055],[-125.76239334384789,49.11059255842765],[-125.76239824424009,49.1105954584381],[-125.76240274435519,49.11059855845405],[-125.76240544443678,49.11060095821565],[-125.76240664373489,49.11060205867533],[-125.76241064426952,49.1106054589857],[-125.76241504444548,49.110608658493696],[-125.76241994362883,49.110611458326545],[-125.76242524372785,49.11061405894971],[-125.76243084359078,49.11061625848901],[-125.7624367438538,49.11061815833573],[-125.76244284342633,49.110619558626894],[-125.76244924461183,49.1106206588071],[-125.76245564401187,49.11062135824003],[-125.76246214341698,49.110621658406224],[-125.76246874403994,49.11062155888729],[-125.7624752435737,49.11062105831509],[-125.76248164392968,49.11062015907878],[-125.76248784389291,49.11061885848321],[-125.7624942437386,49.11061725830715],[-125.76250064422173,49.110615558332064],[-125.762506944188,49.11061385846892],[-125.76251324415378,49.1106121586054],[-125.76251944424135,49.11061025846029],[-125.7625257448439,49.11060845879739],[-125.76253114437651,49.11060685806917],[-125.76253664448683,49.11060515864445],[-125.76254214453427,49.11060365839823],[-125.76254764400598,49.110602058771455],[-125.7625532445688,49.11060055841226],[-125.76255874340194,49.11059905858341],[-125.76256434396396,49.11059755822364],[-125.7625699445251,49.11059615845843],[-125.76257604402808,49.11059465879091],[-125.76258214474377,49.110593158704695],[-125.76258824360822,49.11059175883501],[-125.76259444356394,49.11059045823271],[-125.76260064479406,49.11058905862794],[-125.76260684474856,49.11058785861986],[-125.76261304470269,49.11058665861136],[-125.76261934453505,49.11058555828861],[-125.76262554448805,49.11058445887427],[-125.76263184431977,49.110583358550706],[-125.76263814415074,49.11058235882173],[-125.76264454386008,49.11058145877835],[-125.76265084426606,49.110580558428744],[-125.76265724397453,49.11057975897954],[-125.76266364425838,49.11057905891011],[-125.76267004454228,49.110578258245376],[-125.76267644482539,49.11057765877006],[-125.76268284447112,49.11057705849797],[-125.76268934341971,49.110576458531206],[-125.76269564439947,49.110575758153956],[-125.76270184434904,49.11057465873474],[-125.76270784454131,49.110573058158366],[-125.76271364439982,49.110571158829295],[-125.76271904468138,49.1105688587448],[-125.76272414468875,49.11056625880563],[-125.76272874460282,49.110563258223706],[-125.76273304487987,49.11055995858367],[-125.76273674454748,49.11055625841357],[-125.76273994412155,49.11055235879087],[-125.76274244435899,49.1105483589026],[-125.76274434334994,49.110544058283025],[-125.76274584455258,49.11053985825023],[-125.76274764487694,49.11053565871631],[-125.76274944456372,49.11053145838608],[-125.76275144406915,49.11052725824902],[-125.76275364460618,49.11052315848173],[-125.76275584329254,49.11051905833638],[-125.76275824364767,49.11051495876227],[-125.76276074388112,49.110510858279156],[-125.76276344393294,49.11050685858408],[-125.76276624386303,49.11050295857494],[-125.76276914494574,49.11049895865465],[-125.76277204475343,49.110495158331354],[-125.76277504386353,49.110491358313766],[-125.76277794430737,49.11048755878681],[-125.76278094462948,49.110483758350824],[-125.76278394373794,49.110479958333094],[-125.7627869446961,49.110476158693416],[-125.7627900443194,49.110472358563],[-125.76279304342616,49.11046855854517],[-125.76279614426139,49.11046475799635],[-125.76279924388298,49.11046105846069],[-125.76280234350405,49.11045725833008],[-125.76280554364041,49.110453558681705],[-125.7628086444734,49.110449758132695],[-125.76281184460866,49.110446058484186],[-125.76281504353018,49.110442258659056],[-125.76281824487738,49.11043855859215],[-125.76282154367645,49.110434858452756],[-125.76282474380943,49.11043115880403],[-125.76282804382043,49.11042745824622],[-125.76283134446808,49.110423758484735],[-125.7628346432648,49.11042005834511],[-125.762838043851,49.110416259090606],[-125.76284144379926,49.11041235844479],[-125.76284484374708,49.11040855839384],[-125.76284814381555,49.110404658656954],[-125.76285144388339,49.11040075892003],[-125.76285474331338,49.11039685838663],[-125.76285794407737,49.11039295834399],[-125.76286114362765,49.11038905871958],[-125.7628643443902,49.11038505808195],[-125.76286744342362,49.11038115857017],[-125.76287054430648,49.110377158841516],[-125.76287364391459,49.11037325811496],[-125.76287664428065,49.110369258498956],[-125.76287974331146,49.11036525839209],[-125.76288264437375,49.11036125847045],[-125.76288564410089,49.11035725805796],[-125.76288844464644,49.11035325824893],[-125.76289124397839,49.11034925885822],[-125.76289404388565,49.11034525825279],[-125.7628968437927,49.1103413582422],[-125.7628996443361,49.11033735843306],[-125.76290234436314,49.110333258141864],[-125.76290504438992,49.11032925844543],[-125.76290764390063,49.11032525886179],[-125.76290854450565,49.1103239586169],[-125.76291034328916,49.11032125836894],[-125.76291294464883,49.11031715856851],[-125.7629154448556,49.11031315867923],[-125.76291804436396,49.110309058500675],[-125.76292054456974,49.110305058611395],[-125.76292304356161,49.11030095854555],[-125.76292544388775,49.11029685897059],[-125.76292794409176,49.11029275848646],[-125.76293034377981,49.1102886581151],[-125.76293264358908,49.11028455865289],[-125.76293504327617,49.110280458281515],[-125.76293734429758,49.11027635840102],[-125.76293954480315,49.110272258633294],[-125.7629417446715,49.11026825866402],[-125.76294394453902,49.11026415809992],[-125.7629461444064,49.11026015813067],[-125.7629482443949,49.11025605847578],[-125.76295034438287,49.110251958820896],[-125.76295244373337,49.11024785836964],[-125.76295454372054,49.11024375871481],[-125.76295654440511,49.11023965875447],[-125.7629586437547,49.11023565889809],[-125.76296064443802,49.11023145834296],[-125.76296254460604,49.11022735849544],[-125.76296454407588,49.11022325895351],[-125.76296644360596,49.11021915830967],[-125.76296834377287,49.11021505846225],[-125.76297014463715,49.11021095830935],[-125.76297204358978,49.11020675828549],[-125.76297384445338,49.110202658132664],[-125.76297564474024,49.11019845859974],[-125.76297744439003,49.11019435886525],[-125.76297914352374,49.110190158648805],[-125.76298084387068,49.11018605860894],[-125.76298254421683,49.11018185797425],[-125.76298424398676,49.1101776585543],[-125.76298594433221,49.11017345791971],[-125.76298754422292,49.110169158814266],[-125.76298904353735,49.110164958405385],[-125.76299064400384,49.1101607586801],[-125.76299214395436,49.1101564584729],[-125.76299364390506,49.110152258860545],[-125.76299504391618,49.11014805814635],[-125.76299644398783,49.11014375884852],[-125.76299784463511,49.11013945833601],[-125.76299924406952,49.110135258836685],[-125.76300054420112,49.11013095843708],[-125.76300184433295,49.11012675863239],[-125.76300304394893,49.11012245834578],[-125.76300434471692,49.11011815874275],[-125.7630054438174,49.110113858569065],[-125.76300664464621,49.110109658459095],[-125.76300774374619,49.1101053582855],[-125.76300884405954,49.110101158288465],[-125.76300994379625,49.110096858911405],[-125.76301094480726,49.110092658608984],[-125.7630120439063,49.11008835843564],[-125.76301304370376,49.110084158551636],[-125.76301404413772,49.110079858869355],[-125.7630149446329,49.11007565868002],[-125.7630158439143,49.11007135831431],[-125.76301674383271,49.11006705874501],[-125.76301764432739,49.11006285855585],[-125.76301854360823,49.11005855819033],[-125.76301934422422,49.110054258315756],[-125.76302024414188,49.11004995874674],[-125.76302094360602,49.11004575878351],[-125.76302174358437,49.11004145811275],[-125.76302254419976,49.11003715823846],[-125.76302324430004,49.11003285847708],[-125.76302394376359,49.1100286585141],[-125.76302454456189,49.11002435844738],[-125.76302514414698,49.11002005879908],[-125.76302564379299,49.110015758048974],[-125.7630261440761,49.11001145809533],[-125.7630264433295,49.11000715836746],[-125.76302684431073,49.11000285810846],[-125.76302704426233,49.109998558075326],[-125.76302724421384,49.109994258042235],[-125.76302734365112,49.10999005871679],[-125.7630273437862,49.10998575849123],[-125.76302734392127,49.10998145826574],[-125.76302724354163,49.109977158153214],[-125.7630271437991,49.109972858837146],[-125.76302694411783,49.10996855841931],[-125.76302664392196,49.109964258114374],[-125.76302624384857,49.10995995871875],[-125.76302584435118,49.109955658108525],[-125.76302534376335,49.10995135882594],[-125.76302474444992,49.10994705802326],[-125.76302424386171,49.109942658146075],[-125.76302374391022,49.109938158470655],[-125.76302344435149,49.10993375836787],[-125.76302314421636,49.109929258885145],[-125.76302304447327,49.109924758380416],[-125.76302304403237,49.109920358775895],[-125.76302314410539,49.10991585846391],[-125.7630233446936,49.10991145863382],[-125.76302364458265,49.109906958514536],[-125.76302404434954,49.109902558080776],[-125.7630245440544,49.10989805815422],[-125.7630251442743,49.109893658709574],[-125.76302594367225,49.109889158066515],[-125.76302674370774,49.10988475881458],[-125.76302764362048,49.109880358653456],[-125.76302864462447,49.109876158354226],[-125.76302964377865,49.10987205827164],[-125.76303074408358,49.109867858277944],[-125.76303184375178,49.109863758082575],[-125.76303304335772,49.109859558394426],[-125.76303424417706,49.10985545888273],[-125.76303544435902,49.10985135857464],[-125.76303674384201,49.10984725857203],[-125.7630381444758,49.10984305865831],[-125.76303954447269,49.10983895854293],[-125.76304104377067,49.10983485873302],[-125.76304254364481,49.10983085830313],[-125.76304414351598,49.10982645860749],[-125.7630457439633,49.10982215829186],[-125.76304744434815,49.10981775848341],[-125.7630490435818,49.1098134585862],[-125.76305074396592,49.109809058777856],[-125.7630523444119,49.10980475846237],[-125.76305264422341,49.109804158199864],[-125.76305404479534,49.10980035865414],[-125.7630557445419,49.10979605864417],[-125.76305744428808,49.109791758634216],[-125.76305914403328,49.1097873580297],[-125.76306084377875,49.10978305801986],[-125.76306254416106,49.10977875880643],[-125.76306434441943,49.10977435808912],[-125.7630660441639,49.109770058079405],[-125.76306784320909,49.1097657583751],[-125.7630695435893,49.10976135856718],[-125.7630713438469,49.10975705844467],[-125.76307314410407,49.10975275832216],[-125.76307484384671,49.10974845831263],[-125.76307664410315,49.109744158190196],[-125.76307844378266,49.10973975868786],[-125.76308034455249,49.1097354584526],[-125.76308214359476,49.10973115874861],[-125.76308394384974,49.10972685862632],[-125.76308574410427,49.109722558504046],[-125.76308764365955,49.10971825868724],[-125.76308944391342,49.10971395856507],[-125.76309134346715,49.10970955815369],[-125.76309324423502,49.109705358513246],[-125.76309514378869,49.10970105869652],[-125.76309704455507,49.109696758461546],[-125.76309904398562,49.10969255833018],[-125.76310104405212,49.10968825840064],[-125.76310304348183,49.10968405826932],[-125.7631050435476,49.10967975833981],[-125.76310714349046,49.10967555809563],[-125.76310924407011,49.10967135864782],[-125.76311144394946,49.10966705891077],[-125.76311364440507,49.10966285855366],[-125.76311584364718,49.10965865861491],[-125.76311804410184,49.10965445825784],[-125.76312034385695,49.109650258206116],[-125.76312264361161,49.10964605815444],[-125.76312494457967,49.10964195827901],[-125.76312734363427,49.1096377585327],[-125.76312974390147,49.109633558368046],[-125.76313214416895,49.109629458798],[-125.76313464373601,49.1096252589387],[-125.76313704336536,49.10962115857228],[-125.7631396434452,49.109616958599986],[-125.76314214358752,49.109612858120606],[-125.76314474366723,49.10960875874289],[-125.7631473443223,49.1096046581505],[-125.76314984388631,49.10960045829118],[-125.76315244396447,49.10959635891348],[-125.76315494474058,49.109592158635806],[-125.76315744430303,49.10958795877652],[-125.76315984456433,49.1095837586119],[-125.76316224418883,49.10957965824552],[-125.7631646432361,49.10957545849916],[-125.76316704349593,49.109571258334554],[-125.76316934324157,49.10956705828298],[-125.7631717441367,49.10956275832018],[-125.76317394336762,49.10955855838164],[-125.76317624311186,49.10955435833009],[-125.76317844419215,49.109550158769665],[-125.76318064342084,49.109545858236594],[-125.76318284450026,49.10954165867616],[-125.76318494321436,49.109537358256176],[-125.76318704377924,49.10953315880881],[-125.7631891443427,49.10952885876693],[-125.76319124426864,49.109524557928644],[-125.7631932443186,49.109520358594416],[-125.76319524436718,49.109516058665605],[-125.76319724441541,49.109511758736865],[-125.76319914331238,49.109507458124796],[-125.76320114335977,49.10950315819609],[-125.7632028442931,49.10949895836446],[-125.76320424368444,49.109494658277534],[-125.76320534459812,49.10949035848951],[-125.76320614396988,49.109485958446164],[-125.76320654371352,49.109481558018466],[-125.76320674428133,49.10947725878955],[-125.76320664388334,49.10947285809063],[-125.76320614328169,49.109468458222054],[-125.76320544471646,49.10946405853944],[-125.76320434403715,49.109459757892495],[-125.76320294430504,49.109455458759214],[-125.76320124418558,49.10945125813028],[-125.76319924437641,49.10944705821854],[-125.76319724323784,49.10944345827017],[-125.76319704411756,49.10944295791278],[-125.76319514355119,49.10943905807887],[-125.76319404408859,49.10943495820295],[-125.76319374324405,49.10943085829964],[-125.76319434395785,49.109426858013805],[-125.76319564341306,49.10942285861001],[-125.76319784378894,49.109418958027206],[-125.76320074469771,49.109415358476944],[-125.76320424435148,49.109412058479315],[-125.7632085444141,49.10940905860456],[-125.76321344380058,49.10940665885119],[-125.76321924457075,49.1094053586266],[-125.76322534364493,49.109405158609114],[-125.76323124394624,49.1094060584871],[-125.76323724343202,49.10940755821495],[-125.76324324413343,49.1094092587131],[-125.76324924419816,49.10941095841447],[-125.76325104419413,49.109411558055484],[-125.7632550444508,49.109412758517955],[-125.76325734395276,49.10941355882257],[-125.76326094458126,49.10941465830607],[-125.76326664368551,49.10941655832012],[-125.7632724438819,49.10941865819504],[-125.76327804426512,49.109420757877594],[-125.76328364407306,49.1094228587745],[-125.76328914452228,49.1094251585439],[-125.76329464375908,49.1094274587313],[-125.76330004427322,49.109429857993106],[-125.7633053436987,49.10943225858244],[-125.76331054440158,49.109434758246216],[-125.7633159442842,49.10943745849435],[-125.76332134353164,49.10944025854035],[-125.76332664347937,49.10944305828097],[-125.76333194342916,49.10944595861581],[-125.76333714407929,49.10944885864527],[-125.76334224421667,49.109451758787735],[-125.76334724441851,49.10945475842297],[-125.76335224462245,49.10945785865246],[-125.76335724418992,49.1094609580854],[-125.76336204336832,49.109464058540894],[-125.7633668443378,49.109467257957725],[-125.76337154358283,49.10947055850044],[-125.76337624404027,49.10947375803008],[-125.76338074468725,49.109477158556764],[-125.7633852434833,49.10948045811069],[-125.76338964361824,49.10948385875032],[-125.76339394381766,49.10948735888283],[-125.76339794363183,49.10949105811465],[-125.76340174426984,49.10949475795097],[-125.76340524394655,49.10949865810132],[-125.7634084432963,49.109502558173084],[-125.76341144404863,49.10950665882378],[-125.76341404453598,49.10951075829451],[-125.76341644399814,49.10951495858633],[-125.76341854371044,49.109519258179496],[-125.76342034436657,49.10952335809786],[-125.76342204450945,49.10952745812954],[-125.76342374401705,49.10953165795937],[-125.76342534364692,49.10953575810441],[-125.76342694449171,49.10953995842569],[-125.76342834430795,49.10954405837904],[-125.76342974348881,49.10954825813058],[-125.76343114452017,49.10955245826023],[-125.76343234452439,49.109556658616526],[-125.76343364440541,49.10956085806318],[-125.76343474389643,49.10956505853286],[-125.7634358446007,49.10956925858428],[-125.7634368441558,49.1095735585472],[-125.76343774441047,49.10957785820516],[-125.76343874396753,49.10958225876279],[-125.76343954370874,49.1095865585342],[-125.76344044396546,49.1095909587869],[-125.76344124370704,49.109595258558414],[-125.76344194414958,49.109599658619544],[-125.76344264337764,49.109603958504486],[-125.7634433438205,49.10960835856574],[-125.76344394374965,49.109612758740354],[-125.7634444443765,49.109617058015466],[-125.76344504430591,49.10962145819021],[-125.76344544442071,49.10962585817332],[-125.76344594383642,49.10963025846153],[-125.76344634395141,49.10963465844478],[-125.76344664418816,49.109638958743204],[-125.76344694378942,49.109643358839875],[-125.76344724396814,49.109647858316556],[-125.76344744426864,49.10965225810837],[-125.76344774387005,49.109656658205274],[-125.76344794417058,49.10966105799724],[-125.7634481444728,49.10966555838386],[-125.76344834356037,49.10966995859429],[-125.76344854386107,49.10967435838646],[-125.76344874416341,49.109678858773336],[-125.76344884395017,49.109683258678935],[-125.76344904425099,49.109687658471316],[-125.76344914340221,49.109692158175314],[-125.76344934434024,49.109696558764256],[-125.76344944412715,49.10970095867013],[-125.7634495432784,49.10970545837435],[-125.76344964427838,49.10970985786209],[-125.76344964418841,49.1097142586779],[-125.76344974333979,49.10971875838234],[-125.76344984433983,49.10972315787029],[-125.76344984424983,49.10972755868631],[-125.76344984410017,49.109732058085974],[-125.76344984401022,49.109736458902134],[-125.76344984449614,49.109740858503656],[-125.76344984434644,49.10974535790353],[-125.7634498442565,49.10974975871991],[-125.76344984474241,49.10975415832165],[-125.76344974471574,49.10975865863141],[-125.76344964468748,49.10976305834663],[-125.76344964396027,49.10976745836693],[-125.76344954393359,49.10977195867694],[-125.76344944390524,49.10977635839233],[-125.7634493438768,49.10978075810781],[-125.76344914397139,49.109785158733054],[-125.76344904330733,49.10978965824698],[-125.76344884461487,49.109794058454064],[-125.76344874458643,49.10979845816984],[-125.7634485440452,49.10980295859364],[-125.76344834350233,49.109807358422835],[-125.7634481448097,49.1098117586302],[-125.76344794363119,49.109816258257844],[-125.76344774372541,49.109820658883656],[-125.76344754409604,49.109823158266316],[-125.76344744388112,49.10982505840816],[-125.76344724455272,49.109829558414106],[-125.76344694470988,49.1098340585334],[-125.7634467441667,49.10983845836309],[-125.76344654362507,49.10984295878756],[-125.7634464441737,49.109847457884115],[-125.76344624426764,49.10985185851043],[-125.76344614424032,49.10985635882183],[-125.76344594427444,49.10986085803184],[-125.76344584424704,49.10986535834338],[-125.76344574421809,49.10986975806031],[-125.76344564419065,49.10987425837201],[-125.76344564467777,49.10987875857048],[-125.76344554464876,49.10988315828762],[-125.76344554392273,49.1098876589045],[-125.7634455437726,49.10989215830679],[-125.76344554425967,49.10989665850554],[-125.76344554353203,49.109901058528024],[-125.76344564453368,49.10990555861361],[-125.76344564438355,49.1099100580162],[-125.76344574417053,49.109914457925555],[-125.76344584395913,49.109918958429695],[-125.76344594374774,49.1099234589339],[-125.76344604411223,49.10992795822346],[-125.76344614389929,49.10993235813312],[-125.76344634420258,49.109936858524286],[-125.76344654386874,49.10994135811908],[-125.76344674417051,49.109945757915646],[-125.76344694447398,49.10995025830701],[-125.76344714414027,49.109954757902045],[-125.7634473438663,49.10995915891353],[-125.76344764404739,49.10996365839543],[-125.76344784435096,49.10996815878707],[-125.7634481439547,49.10997255888907],[-125.76344844413597,49.10997705837117],[-125.7634487437398,49.10998145847335],[-125.76344914322283,49.10998595826059],[-125.76344944403988,49.10999035794458],[-125.76344984415866,49.109994757933656],[-125.76345014376281,49.10999915803608],[-125.76345054388182,49.11000355802528],[-125.76345084348607,49.110007958127845],[-125.76345124360516,49.11001235811718],[-125.7634515432095,49.1100167582199],[-125.76345194332882,49.110021158209406],[-125.7634522441464,49.11002555789395],[-125.76345264426588,49.11002995788353],[-125.76345304438539,49.110034357873204],[-125.76345334399012,49.11003875797632],[-125.76345374410978,49.110043157966146],[-125.76345414422956,49.110047557956044],[-125.76345454434941,49.11005195794602],[-125.7634549444693,49.11005635793604],[-125.76345524407442,49.11006075803945],[-125.76345564419454,49.110065158029634],[-125.76345604431471,49.11006955801988],[-125.76345644443498,49.1100739580102],[-125.76345684455532,49.11007835800059],[-125.7634572434627,49.11008275840938],[-125.7634576435832,49.11008715839987],[-125.76345804370379,49.11009155839046],[-125.76345844382446,49.11009595838111],[-125.76345884394524,49.110100358371845],[-125.76345924406607,49.11010475836267],[-125.763459644187,49.11010915835352],[-125.76346004430806,49.11011355834447],[-125.76346044442916,49.1101179583355],[-125.76346094385235,49.11012235863157],[-125.76346134397369,49.11012675862273],[-125.76346174409503,49.11013115861394],[-125.76346214421646,49.11013555860521],[-125.76346264485312,49.11013995848326],[-125.76346304376167,49.110144358893],[-125.76346344388337,49.1101487588845],[-125.76346394452031,49.11015315876276],[-125.76346434464062,49.110157458159584],[-125.76346474354948,49.11016185856962],[-125.76346524418673,49.110166258448054],[-125.76346564430891,49.11017065843993],[-125.76346614373327,49.11017505873682],[-125.76346654385561,49.110179458728815],[-125.76346704449324,49.11018385860754],[-125.76346744461577,49.110188258599635],[-125.76346794404054,49.11019265889683],[-125.76346844404293,49.11019715857415],[-125.76346894404543,49.11020165825161],[-125.76346944468357,49.11020605813068],[-125.76346994347321,49.110210558226576],[-125.7634704441116,49.11021495810577],[-125.76347094475173,49.11021945857986],[-125.76347144475474,49.11022395825765],[-125.76347204469565,49.110228358442086],[-125.7634725446989,49.11023285811999],[-125.7634731440046,49.110237358102985],[-125.76347364343054,49.1102417584009],[-125.76347424458667,49.110246258762125],[-125.76347484389267,49.11025075874531],[-125.76347544383435,49.1102551589301],[-125.76347604435372,49.11025965849517],[-125.76347664429566,49.11026405868008],[-125.76347724481525,49.11026855824529],[-125.76347784412194,49.110273058228806],[-125.76347854457966,49.11027745830065],[-125.76347914388664,49.110281958284304],[-125.76347984434466,49.11028635835629],[-125.76348044365186,49.11029085834013],[-125.76348114411017,49.11029525841222],[-125.76348184393318,49.110299758282835],[-125.76348254439179,49.11030415835506],[-125.76348324421504,49.11030865822585],[-125.76348394467396,49.11031305829821],[-125.76348464449755,49.1103175581691],[-125.76348534374367,49.110321958659924],[-125.76348614408313,49.11032645841764],[-125.76348684454267,49.11033085849026],[-125.76348754436682,49.110335358361425],[-125.76348834412921,49.11033975873918],[-125.76348914446758,49.110344157902276],[-125.76348984492945,49.110348658570025],[-125.76349064405507,49.1103530581516],[-125.76349144439565,49.110357557909765],[-125.76349224415887,49.11036195828783],[-125.76349304392222,49.110366358665964],[-125.76349384426334,49.11037085842432],[-125.76349464402702,49.11037525880259],[-125.76349544436675,49.110379657966206],[-125.7634962441325,49.11038415893947],[-125.76349714377521,49.11038855840821],[-125.76349794475264,49.11039295836843],[-125.76349884439747,49.11039745843216],[-125.7634996441622,49.110401858810775],[-125.76350054380562,49.11040625827976],[-125.76350144345099,49.11041075834369],[-125.76350234373207,49.110415158609186],[-125.7635031440751,49.11041965836828],[-125.76350404435652,49.110424058633875],[-125.76350494400265,49.11042855869808],[-125.76350584364722,49.11043295816743],[-125.76350674450684,49.11043745781343],[-125.76350764357589,49.110441858497616],[-125.7635085444359,49.11044635814373],[-125.7635095440212,49.11045075871469],[-125.7635104448816,49.110455258360936],[-125.76351134452736,49.110459657830695],[-125.7635122448122,49.11046415869177],[-125.76351314445833,49.110468558161635],[-125.76351414404466,49.11047295873291],[-125.76351504490607,49.11047745837949],[-125.76351594455275,49.11048185784955],[-125.76351694350427,49.11048635821953],[-125.76351784378856,49.110490758486115],[-125.7635188439536,49.11049525843788],[-125.76351974423825,49.110499658704555],[-125.76352074440196,49.11050405806155],[-125.76352164405162,49.110508558126924],[-125.76352264485287,49.11051295828044],[-125.76352364380584,49.110517458650826],[-125.76352454409154,49.11052185891782],[-125.76352554425803,49.11052635887008],[-125.76352654442299,49.110530758227426],[-125.76352754401219,49.11053515879957],[-125.76352844487631,49.11053965844707],[-125.76352944382882,49.11054405822289],[-125.76353044399633,49.11054855817548],[-125.76353144479954,49.110552958329514],[-125.76353244375262,49.110557358105545],[-125.76353344392082,49.110561858058325],[-125.76353444472461,49.110566258212565],[-125.76353544431556,49.1105706587852],[-125.76353644448257,49.11057505814317],[-125.76353754459012,49.110579458602516],[-125.76353854354448,49.11058385837893],[-125.76353954434937,49.110588258533475],[-125.76354064382036,49.11059265819664],[-125.76354164462568,49.1105970583513],[-125.76354274409712,49.11060145801454],[-125.763543844206,49.11060585847422],[-125.76354494367791,49.110610258137605],[-125.7635459444841,49.11061465829251],[-125.76354704459368,49.11061905875241],[-125.76354824458257,49.11062345830254],[-125.7635493446926,49.11062785876255],[-125.76355044480108,49.110632158627645],[-125.76355154427434,49.11063655829139],[-125.76355274490142,49.110640958638136],[-125.76355384437517,49.110645358301966],[-125.76355504500273,49.11064975864883],[-125.76355624378029,49.11065415861772],[-125.76355744377115,49.1106585581683],[-125.76355864439762,49.11066285792036],[-125.76355984381306,49.110667258685766],[-125.76356104380469,49.11067165823657],[-125.76356224443377,49.11067605858379],[-125.76356344442588,49.110680458134624],[-125.76356474435696,49.110684758191894],[-125.76356594498675,49.11068915853928],[-125.76356714376656,49.1106935585086],[-125.76356844427613,49.110697957946336],[-125.76356974420827,49.110702258003734],[-125.76357104414255,49.11070665865624],[-125.76357234465293,49.1107110580941],[-125.76357354406935,49.11071535826512],[-125.76357484400438,49.11071975891775],[-125.76357624445438,49.110724058862026],[-125.76357754496594,49.11072845830007],[-125.76357884489988,49.11073275835787],[-125.76358014419887,49.11073715821433],[-125.76358154464994,49.11074145815879],[-125.76358284458477,49.11074575821675],[-125.76358424440113,49.110750157959956],[-125.76358564364001,49.11075445832286],[-125.76358704409417,49.11075885886255],[-125.76358844454668,49.11076315880726],[-125.76358984436231,49.11076745795563],[-125.7635912448174,49.110771858495426],[-125.76359264405765,49.11077615885859],[-125.76359404451135,49.11078045880351],[-125.76359544433008,49.11078485854711],[-125.76359694408792,49.110789158796955],[-125.7635983445425,49.11079345874202],[-125.7635998448788,49.11079785837228],[-125.76360134463758,49.11080215862225],[-125.76360284439666,49.11080645887229],[-125.76360424421524,49.11081075802116],[-125.76360574397684,49.11081515886631],[-125.76360734361639,49.110819458206656],[-125.76360884458987,49.11082375803855],[-125.7636103443505,49.11082805828879],[-125.76361184411142,49.11083235853912],[-125.76361344438949,49.110836658675986],[-125.76361494472894,49.11084105830676],[-125.76361654500762,49.11084535844372],[-125.76361804476984,49.110849658694185],[-125.76361964441195,49.11085395803486],[-125.76362124469158,49.110858258171966],[-125.76362284497169,49.11086255830909],[-125.76362454392051,49.110866958549785],[-125.76362614420124,49.110871258686984],[-125.76362784436188,49.11087555791439],[-125.76362954394705,49.1108798583565],[-125.76363124474564,49.11088415838038],[-125.76363294433152,49.110888458822565],[-125.7636347437974,49.110892758354936],[-125.76363644459705,49.110897058378875],[-125.76363824470096,49.11090135870772],[-125.76364004416791,49.11090565824017],[-125.76364184427254,49.11090995856909],[-125.76364374425727,49.11091425798809],[-125.76364554436262,49.11091855831702],[-125.76364744377018,49.110922758355755],[-125.7636493443933,49.110927058571264],[-125.76365124437959,49.110931357990445],[-125.7636531444255,49.11093555882563],[-125.76365514492959,49.110939858131346],[-125.7636570443412,49.110944158765285],[-125.76365904426811,49.110948358690656],[-125.76366104477347,49.11095265799642],[-125.76366304470126,49.11095685792186],[-125.76366514393547,49.11096115874721],[-125.76366714386405,49.11096535867266],[-125.76366924431012,49.11096955848461],[-125.7636713441215,49.11097385809529],[-125.76367344456847,49.11097805790729],[-125.76367554380273,49.110982258137646],[-125.7636777447698,49.11098655843126],[-125.76367984400494,49.110990758661615],[-125.76368214427481,49.110994958664925],[-125.76368434402798,49.11099915878178],[-125.76368664487683,49.11100345816553],[-125.76368894393498,49.11100765858718],[-125.76369124420673,49.11101185859054],[-125.76369364378091,49.111015958303554],[-125.76369604457079,49.111020158193355],[-125.76369854466532,49.11102435838796],[-125.76370094424306,49.11102855869606],[-125.76370344433639,49.11103265829552],[-125.76370604494974,49.11103685837653],[-125.76370854383093,49.11104095839431],[-125.76371114508024,49.111045058676616],[-125.76371384499708,49.1110491584672],[-125.7637164437621,49.111053358170125],[-125.76371914431722,49.11105745875709],[-125.76372194475297,49.111061558434066],[-125.76372464409376,49.11106555884422],[-125.7637274445306,49.11106965852115],[-125.76373024496797,49.111073758198096],[-125.76373314413196,49.11107775879931],[-125.76373604508785,49.11108185836259],[-125.76373894425298,49.11108585896376],[-125.76374184399461,49.1110898583502],[-125.76374474437397,49.11109385853295],[-125.7637477452713,49.11109785860213],[-125.76375074431891,49.11110185829317],[-125.7637537440043,49.11110585878054],[-125.76375674490104,49.111109758254464],[-125.76375984510507,49.11111375862814],[-125.7637629446724,49.11111775820541],[-125.76376604487523,49.11112165798387],[-125.76376914386557,49.111125558180625],[-125.76377224407189,49.11112955855418],[-125.76377544479404,49.11113345821887],[-125.76377864430356,49.11113735830184],[-125.76378174393103,49.11114115869966],[-125.76378484477218,49.11114495867908],[-125.76378794376357,49.1111487582804],[-125.76379104460584,49.111152558259775],[-125.76379414423559,49.11115635865736],[-125.76379724444419,49.11116025843538],[-125.76380024477061,49.111164058528274],[-125.76380334440205,49.11116785892575],[-125.76380634409227,49.11117165822217],[-125.76380944430316,49.11117555800003],[-125.7638124446318,49.11117935809271],[-125.76381544496093,49.11118315818541],[-125.76381844465587,49.1111870580768],[-125.76382144498612,49.1111908581694],[-125.76382444410379,49.111194658680276],[-125.76382744501355,49.11119855815326],[-125.76383044413234,49.11120235866406],[-125.76383334452547,49.11120625825068],[-125.76383634485848,49.11121005834308],[-125.7638393445573,49.111213958234224],[-125.76384224373898,49.11121785823906],[-125.76384514476901,49.11122165802672],[-125.76384814446953,49.11122555791778],[-125.76385114417312,49.11122955840396],[-125.76385404457265,49.111233558585525],[-125.7638569443381,49.11123765856586],[-125.76385984473876,49.11124165874736],[-125.76386274450537,49.111245758727684],[-125.76386544445,49.1112498585171],[-125.76386824491306,49.111253958192755],[-125.76387094485878,49.11125805798213],[-125.76387354492446,49.11126215868162],[-125.76387624423664,49.111266358269816],[-125.76387874499865,49.11127045866472],[-125.76388124448933,49.11127465806202],[-125.76388374461774,49.111278858255766],[-125.763886244744,49.11128295785429],[-125.76388854510677,49.11128695867787],[-125.76389094413489,49.11129085841444],[-125.76389334437927,49.1112948583279],[-125.76389594508133,49.11129875863332],[-125.76389854456812,49.111302558761835],[-125.76390124393876,49.111306458575385],[-125.76390394394443,49.11131025859006],[-125.763906743834,49.111314158289794],[-125.76390964487659,49.11131795807691],[-125.7639126446459,49.111321658788],[-125.76391564435723,49.11132545808317],[-125.7639191442886,49.11132905846664],[-125.76392344477551,49.11133225882484],[-125.76392844466294,49.111335058475035],[-125.7639339441865,49.11133735864233],[-125.76393984403839,49.111339058426815],[-125.76394614485564,49.11134015862485],[-125.76395264433037,49.111340758466426],[-125.76395914454267,49.11134055836429],[-125.76396554492125,49.11133985820694],[-125.76397224442458,49.11133905794905],[-125.76397904439578,49.11133865794665],[-125.76398584431993,49.111338758908786],[-125.76399264413585,49.11133935882442],[-125.7639992446583,49.11134045829934],[-125.76400564409532,49.11134195837138],[-125.76401174435844,49.111343958913054],[-125.7640174442895,49.111346358646735],[-125.76402274452587,49.11134915836887],[-125.76402754454956,49.11135235819345],[-125.76403124499647,49.11135535799984],[-125.76403454395358,49.1113585582375],[-125.76403734517939,49.11136195856185],[-125.76403964439417,49.111365458836275],[-125.76404144524024,49.111369158401025],[-125.76404264419422,49.11137295882627],[-125.76404334419728,49.111376758566166],[-125.76404464419642,49.11138095803274],[-125.7640477438662,49.111384758425416],[-125.76405224418887,49.111387858373796],[-125.76405784487544,49.111389958026464],[-125.76406314474659,49.11139135867246],[-125.76406834467586,49.11139275821744],[-125.76407364454471,49.11139405826767],[-125.76407904435293,49.11139525882308],[-125.76408454525867,49.1113965586448],[-125.76409004494849,49.111397758289314],[-125.76409554463864,49.11139895793347],[-125.76410104496634,49.111400158373726],[-125.76410654407806,49.11140125863673],[-125.76411214428728,49.11140245816602],[-125.7641182446614,49.111403657961624],[-125.76412444434091,49.11140485806119],[-125.76413054413665,49.11140595847551],[-125.76413674502996,49.11140715815595],[-125.76414294412814,49.11140815827855],[-125.76414914444304,49.111409258577666],[-125.76415534475488,49.11141025828114],[-125.76416164437217,49.1114112582885],[-125.76416754497716,49.111412158116146],[-125.7641734443726,49.111413158957006],[-125.7641794442285,49.1114142582676],[-125.76418524489871,49.11141535818404],[-125.76418694452764,49.111415658151465],[-125.76419114487429,49.11141645840438],[-125.76419704421637,49.111417658423235],[-125.7641963452326,49.111435858460965],[-125.76404414537195,49.11535125841778],[-125.75352254419435,49.11518335926553],[-125.75308884426805,49.11517635966901],[-125.75307054418774,49.115176059697],[-125.75310414345024,49.115252959625195],[-125.75316404350444,49.1153902598211],[-125.75316704372003,49.11539415968433],[-125.75331284407525,49.115590860272434],[-125.75337854443207,49.11568855975187],[-125.75343824433415,49.115862059294344],[-125.75349994416533,49.11597845953875],[-125.75350344452565,49.116041859832876],[-125.75345134370218,49.116097459782104],[-125.75337104485321,49.11614475975545],[-125.75312634410511,49.116214059518946],[-125.7530460441109,49.11626125986083],[-125.75290184406683,49.11640075954837],[-125.7527014445836,49.11652336003928],[-125.75264924460008,49.11657906031506],[-125.75265224365523,49.11663335965441],[-125.7527109445288,49.116695360353134],[-125.75272204401777,49.116894559870666],[-125.75271474388188,49.117012659640004],[-125.75238844454617,49.1173558601789],[-125.75233774432031,49.117438660292216],[-125.75232974455045,49.117792460247365],[-125.75236234456092,49.117882359695834],[-125.75243524441942,49.1179531601364],[-125.75256094460953,49.11797735993878],[-125.75281024516866,49.117989459897984],[-125.7530532449237,49.11813785944842],[-125.75336524491962,49.118284559461046],[-125.75349494505232,49.11838116034164],[-125.75369854449961,49.118566660149696],[-125.7540361454977,49.118676459783934],[-125.75423274541073,49.11873525943094],[-125.75447074512458,49.11879306005669],[-125.75477624509979,49.11882206011317],[-125.75539704570183,49.11880725923322],[-125.75564634551671,49.11881935926102],[-125.75583214534672,49.118932860159575],[-125.75598114527229,49.119128759736974],[-125.75605414550321,49.11919946000305],[-125.75655554540202,49.119522959777136],[-125.75681134548772,49.11965285926741],[-125.75702374536385,49.11974755945637],[-125.75716474540624,49.11979855979741],[-125.75748854614045,49.11990865968831],[-125.75768514649563,49.11996745916901],[-125.75813164683386,49.12004745962846],[-125.7583553459581,49.12009645919523],[-125.7585376463208,49.120146558829816],[-125.75868014585225,49.12022475978759],[-125.75878174666987,49.12031295966489],[-125.75891644595372,49.12050015944999],[-125.75900274566213,49.12056155920593],[-125.75918504583835,49.12061155916087],[-125.75940774615832,49.120642559167734],[-125.7595472462518,49.12066635958336],[-125.75983944683016,49.1207047588239],[-125.76024454673055,49.12078565910362],[-125.76048154612633,49.12082535945941],[-125.76071804658831,49.120855959191005],[-125.76092654711101,49.12087815920556],[-125.76127334726591,49.12090615888265],[-125.76138574684094,49.12093975904786],[-125.76144444662629,49.121001759321466],[-125.76145404604455,49.121173858972305],[-125.7615122460579,49.12122685900172],[-125.76165214720226,49.12125975903854],[-125.7618330468083,49.12128255938686],[-125.762124247249,49.121302858836856],[-125.76241644634307,49.121341158759655],[-125.76258294767585,49.121355359156425],[-125.76279034787821,49.12135945906377],[-125.76310764711752,49.12135185892575],[-125.76321704733058,49.121331058728494],[-125.76337854734732,49.12125465925385],[-125.76351094760265,49.12115175889868],[-125.76387584656337,49.121007059008136],[-125.76392704695027,49.12093325901404],[-125.76393674727787,49.12086055878572],[-125.76426874746281,49.12037205879827],[-125.76430814682502,49.12033485830629],[-125.76452584770946,49.12027525883209],[-125.76463364687321,49.12022735915551],[-125.76472014731176,49.12004395872923],[-125.76502314701818,49.12002755878311],[-125.76527244660676,49.120039758575665],[-125.76542614702699,49.1200723588353],[-125.76572194775221,49.120174058748326],[-125.76583274705222,49.12018045839497],[-125.76607184717723,49.12025635822722],[-125.76624134791442,49.12032475837403],[-125.7665544468801,49.120489558306915],[-125.7667097471088,49.120549258187104],[-125.76686294802698,49.12057285845075],[-125.7670279482102,49.12055975835121],[-125.76717824759845,49.120528958315184],[-125.76731264759569,49.120462258186365],[-125.76741844689793,49.120378158503605],[-125.76770764740425,49.12036215851333],[-125.76787314685183,49.120358158196964],[-125.76798654814523,49.12040985853928],[-125.76778404753367,49.12074115798618],[-125.7677476471522,49.12083265834507],[-125.76760544710261,49.121008358276185],[-125.7674663485178,49.12123835841297],[-125.76744484733122,49.12134765847572],[-125.76743654824747,49.121447558092534],[-125.76750634758778,49.12170875884124],[-125.7675670483148,49.12180705855477],[-125.76768194791732,49.12188595877879],[-125.7678229483953,49.12193695795423],[-125.76801954836846,49.12199565795651],[-125.76818714791533,49.12202795832122],[-125.7684527484141,49.122085058145714],[-125.76870104763913,49.12207905810983],[-125.7688242473179,49.122057958066115],[-125.76906244782252,49.12187095834134],[-125.76921164810612,49.121822058449624],[-125.76934564777038,49.12174625825491],[-125.76944784770038,49.12159875791232],[-125.76954344809164,49.12157835795966],[-125.76970894860617,49.12157435775659],[-125.77023164860333,49.12153465821291],[-125.7703174487412,49.12158695797955],[-125.77036244868522,49.12164935822005],[-125.77047474814809,49.1216829582324],[-125.77058564799391,49.12168935805563],[-125.77068524772454,49.121741358182256],[-125.77092884804726,49.1218986578648],[-125.77114584840572,49.122074758460165],[-125.77141604815394,49.12221335835698],[-125.7715712485552,49.122273058356015],[-125.77181084819838,49.12235805826143],[-125.77199524838647,49.12244425826538],[-125.7722031482296,49.122457357723455],[-125.77239584880141,49.122443657622405],[-125.77256134834225,49.12243975761598],[-125.77272484898614,49.12239955764328],[-125.77295334929158,49.12228525763368],[-125.77325534875793,49.12225075781468],[-125.77356234887698,49.12230685806151],[-125.77403944816822,49.122440457522586],[-125.77423354853055,49.122453957499616],[-125.77435724911493,49.1224418578715],[-125.77461934971538,49.12243555765685],[-125.7749203483542,49.122383057332826],[-125.77520544938197,49.1222945573497],[-125.77531224899847,49.12222855790041],[-125.77540374948455,49.12213565721248],[-125.7754661482686,49.12201625725077],[-125.77551324920445,49.121870156987605],[-125.77556544902794,49.12181445748722],[-125.77566044882819,49.12178495797613],[-125.7757979495234,49.12177255722773],[-125.7760860487903,49.12173845784402],[-125.77674424858141,49.12165015741588],[-125.77701904924768,49.121625357316326],[-125.77716884995748,49.121585457264125],[-125.77728944955668,49.12151915745637],[-125.77750154968314,49.12135985723808],[-125.7776492490542,49.12128385711607],[-125.77783884926042,49.121215757035465],[-125.7782972487558,49.12101435734987],[-125.77862014913603,49.12086155691046],[-125.77872544888433,49.12076835734382],[-125.77878934917555,49.12067615706565],[-125.77887684936898,49.12051085675958],[-125.77895654905063,49.1204545574769],[-125.77906544966221,49.1204246570351],[-125.77939494879097,49.12038955717348],[-125.77957324963299,49.120367156572684],[-125.77976484999415,49.12033525681317],[-125.77991514898783,49.12030445703809],[-125.78003724947983,49.12026525636233],[-125.78013024918015,49.12019955705968],[-125.78021924904671,49.1200614566748],[-125.78036534894107,49.11995815688426],[-125.78043234915802,49.119920357019495],[-125.78071844983549,49.11984995707122],[-125.78086564907109,49.11976475699327],[-125.78084074887008,49.11956595704946],[-125.78086474943419,49.119501956435144],[-125.7809306495744,49.11944595650008],[-125.78101194899514,49.119416756621675],[-125.78120304936193,49.1193758567212],[-125.78136444969891,49.11929945637844],[-125.78143045002388,49.11924345680955],[-125.7815076489651,49.119141857128604],[-125.78153214969151,49.11908685657103],[-125.78155014882607,49.11891425709745],[-125.78154554879276,49.11883275664336],[-125.78150014880175,49.11876125637783],[-125.78124174890458,49.1185861570641],[-125.7811973493637,49.118532856157294],[-125.7812085489457,49.11848725701917],[-125.78127554905818,49.118449356137084],[-125.78146604956318,49.11839945660874],[-125.78150444934965,49.11834415677915],[-125.78148654897919,49.11827205652744],[-125.78133294938355,49.11799465640498],[-125.78122674820983,49.11782495647392],[-125.78114764937852,49.11764555648393],[-125.78119984872103,49.11758985666128],[-125.78132494901497,49.11760505637405],[-125.78163244828977,49.117670156452405],[-125.78188124888692,49.117673256443],[-125.78196354845878,49.117662156281604],[-125.78200844854695,49.11763045660502],[-125.80447955246366,49.11755045406489],[-125.80496565279175,49.117667853888186],[-125.80514865266024,49.11844755356515],[-125.80541005307812,49.11881195405406],[-125.80539675289431,49.119142553709025],[-125.8108921544052,49.122709152969946]],[[-125.67607410409906,49.011133965051485],[-125.67602300429878,49.01116346455876],[-125.6759631047173,49.011205365012934],[-125.67588430428415,49.011250564852865],[-125.67552020493218,49.01149436433744],[-125.67531960522712,49.011615664725554],[-125.67528100421119,49.01168986498528],[-125.67520720493334,49.01169056512835],[-125.67251980453497,49.01171606484031],[-125.67251820352784,49.00990766475734],[-125.67551840381893,49.00989666497644],[-125.67557990409823,49.00989646480715],[-125.67561900469742,49.0100158644677],[-125.67566290427166,49.01010016514552],[-125.67571740452686,49.01018336495454],[-125.67580800508345,49.01025346482945],[-125.67589120401239,49.01029056509374],[-125.6759515046529,49.01031186480813],[-125.67602340462123,49.010354864878785],[-125.67606180478414,49.01038846502796],[-125.67612950438847,49.01046066505731],[-125.67618910466777,49.0105103643815],[-125.67630270419933,49.010576164533575],[-125.67642620423204,49.01062516507146],[-125.67661960500993,49.01071446503692],[-125.67663210491898,49.01073196481005],[-125.67662210481335,49.01074426470629],[-125.67657150395878,49.010761264557146],[-125.67641240470176,49.010840765135214],[-125.67638810415781,49.01086036491784],[-125.67637580468826,49.01088616458834],[-125.67637680517085,49.01090716476659],[-125.67638630429114,49.01092346495131],[-125.67641830453188,49.01094286465612],[-125.67645690465076,49.010959864610484],[-125.67646740425369,49.01097556447409],[-125.6763840043731,49.011048064370236],[-125.67633610449779,49.01108036488594],[-125.6762842047564,49.011092565130255],[-125.67624280512453,49.01109096469099],[-125.67619600522205,49.011093164669184],[-125.67607410409906,49.011133965051485]],[[-125.72810843345738,49.08984646194079],[-125.72811463427422,49.08985866187275],[-125.72811823349885,49.08988466207879],[-125.72810793347693,49.089958262262236],[-125.72808573348028,49.09001896163061],[-125.728055133597,49.09006476206265],[-125.72800023387857,49.09011326207271],[-125.72795863361705,49.09014456168482],[-125.7279018327279,49.09017856167755],[-125.72779173351398,49.09026836136749],[-125.72770203391515,49.09034816202887],[-125.72765603337545,49.090395661849826],[-125.72759673280916,49.09043466177731],[-125.72750553366896,49.090485462266315],[-125.72721523422742,49.09067816182169],[-125.72706993381253,49.09076496214441],[-125.72689813323242,49.09090046213461],[-125.72686363354983,49.09091646162289],[-125.72676083438623,49.090937062169104],[-125.72668693360569,49.09094166185045],[-125.72662333323576,49.09095186185179],[-125.72656363383209,49.09096696169532],[-125.72651723362948,49.09098766184854],[-125.72641393434738,49.09112076204062],[-125.72629433352104,49.091325361965545],[-125.72618573331567,49.09148406182106],[-125.72613463327458,49.09158666198176],[-125.72607593375545,49.091684662085534],[-125.72606703378075,49.09172476249153],[-125.72601253358513,49.09188576212012],[-125.72600053417807,49.09195066174875],[-125.72599463360066,49.09198266249088],[-125.72597713376808,49.09202736161266],[-125.72597343419253,49.09207976188989],[-125.72593003386362,49.09218006189546],[-125.7259008333119,49.092272862105936],[-125.72585573341581,49.09244086202163],[-125.72581603355007,49.09256526225621],[-125.72579373443976,49.09266226197447],[-125.72575283445535,49.09278736197924],[-125.7256367340941,49.09319166189421],[-125.7255956341624,49.09319176226404],[-125.7206668332334,49.09319316312475],[-125.72063033233925,49.09069006252059],[-125.72062993283166,49.09066796275484],[-125.72062733260552,49.09048566270625],[-125.72062593268238,49.09039036300551],[-125.72061423311483,49.0895901627265],[-125.72612193279006,49.089549361964366],[-125.72619043341034,49.089548861879834],[-125.72609393326834,49.08965966169652],[-125.72604943356511,49.08972476174275],[-125.72594793352913,49.08988426186721],[-125.72591643330442,49.089958362310554],[-125.72586623302672,49.09001616247855],[-125.7258275331704,49.09009706183748],[-125.7257199335053,49.090219661784815],[-125.72571153306376,49.0902514620321],[-125.72566773266996,49.09028586222341],[-125.72563323389035,49.090322862034206],[-125.72554333253241,49.09039836215976],[-125.72550363313846,49.090460961887516],[-125.72543863352529,49.09052586250871],[-125.72539573260296,49.09057846210014],[-125.7253201338064,49.09062836195312],[-125.72531523383263,49.09082496186118],[-125.7253361330834,49.09082546190457],[-125.72540793357149,49.09080156173841],[-125.7255339333518,49.09073966216065],[-125.72565203329133,49.09069236249602],[-125.72573373354184,49.09067636184961],[-125.72596383310966,49.090650462178736],[-125.72602223359547,49.09065436236019],[-125.72607513335699,49.090668061795604],[-125.7261182334658,49.090683061865484],[-125.72613453351165,49.09068546194092],[-125.72618153299817,49.090692362107],[-125.72629703365465,49.090683161951794],[-125.72635323383955,49.0906711619416],[-125.72640863271066,49.09065446186127],[-125.72646613349063,49.090633062086084],[-125.72652033388401,49.09060766162256],[-125.72659743385154,49.09055966165431],[-125.72661863282929,49.090523561845615],[-125.7266219334824,49.09050846153837],[-125.72661413297956,49.09046506189884],[-125.72660653338518,49.09045276181121],[-125.72662513279225,49.090444361669455],[-125.72667583268328,49.09045386179729],[-125.72669443367677,49.09045156158181],[-125.72669933385708,49.090441761880726],[-125.72667353364335,49.09041206209599],[-125.72668613385765,49.09039756210104],[-125.72672143346816,49.09037546178822],[-125.7267836334884,49.090345461682205],[-125.72687493365515,49.090289962028685],[-125.72695213352246,49.09026636157798],[-125.72697553362572,49.09026946228717],[-125.72699513364091,49.09028496189149],[-125.72701533361679,49.09030916179377],[-125.72703423393995,49.09031236217852],[-125.7271288339177,49.0902621621003],[-125.72720493344339,49.09023786173547],[-125.72726303302319,49.090227762177136],[-125.72728333306598,49.09021496187809],[-125.72735923325598,49.09013286142546],[-125.72743913384637,49.09007796148146],[-125.72757173321217,49.09001536149731],[-125.72762503316358,49.08999806190409],[-125.727812634225,49.089918761869015],[-125.72794933278001,49.089871261734494],[-125.7280432327785,49.08984726159886],[-125.72809373311094,49.08984166149678],[-125.72810843345738,49.08984646194079]],[[-125.66669659908447,48.99499306535394],[-125.66679899891281,48.99501366520687],[-125.66689029868509,48.99506156559037],[-125.66713609925449,48.99514366512461],[-125.66713589890041,48.9953055655137],[-125.66712990071119,48.999225465202684],[-125.66712959959709,48.99940296509346],[-125.66486189964716,48.99940336595245],[-125.65937069886716,48.99940436591118],[-125.65897779878104,48.99940446589297],[-125.6589504991336,48.999404466002375],[-125.65893999961419,48.999362566377094],[-125.6589486989829,48.99930616662487],[-125.65894549825515,48.999218066353315],[-125.65887749924775,48.99896336649614],[-125.65877279845441,48.998619166490634],[-125.65869939840479,48.99857076645202],[-125.65853729805335,48.99856346621633],[-125.65840979907277,48.998580266723316],[-125.65834229850773,48.998586366183886],[-125.65830419861511,48.99857456648599],[-125.65825689892375,48.9985158666407],[-125.65818719835018,48.99846496612369],[-125.65807669878714,48.99842956598172],[-125.65791149794691,48.99828726613256],[-125.6578126987515,48.998211166160104],[-125.65774579865905,48.99814366656523],[-125.65772689859324,48.998099365949464],[-125.65771319851062,48.998014466025936],[-125.6577735984231,48.997830766457454],[-125.65777459787685,48.99777366616478],[-125.65781409912258,48.997729966470125],[-125.65791529780317,48.99765876629835],[-125.6579685984593,48.99761686588438],[-125.65801489834381,48.99758916637966],[-125.65807329860033,48.99756416669199],[-125.65823309794725,48.997560666203206],[-125.65828479846887,48.99755686639401],[-125.65833609901009,48.99754396639855],[-125.6584958975475,48.997545566177024],[-125.65863079871687,48.9975434662284],[-125.65871459872109,48.997504766030445],[-125.65875719857421,48.99750406628191],[-125.65881149832781,48.99753356665627],[-125.6588598981785,48.99759356670397],[-125.65898939809414,48.99769916617607],[-125.65924369806865,48.99785626653738],[-125.65940229828394,48.99792146674154],[-125.65947389861033,48.99793666655753],[-125.65955889917271,48.99793066601044],[-125.65964659829274,48.99790126613798],[-125.65967359852087,48.99786346585418],[-125.65966069887315,48.99780066628785],[-125.65963369844616,48.997742666164555],[-125.65961969895098,48.99764956612914],[-125.65965229835533,48.997571966085474],[-125.65968889763218,48.99750366600401],[-125.65972229789494,48.997401766265384],[-125.65972349868191,48.99733636660794],[-125.65973579815108,48.997282465953596],[-125.65979089861855,48.99723726608332],[-125.65979939830663,48.99717646662355],[-125.65984619849371,48.99709636656476],[-125.65991839849872,48.9970321662894],[-125.66018769844207,48.99691816640979],[-125.66044379853643,48.996834766341046],[-125.66051829901248,48.996833566357935],[-125.66056589776218,48.99687256586111],[-125.66061069822247,48.99693246608846],[-125.66072469871001,48.997040465899616],[-125.6608751989255,48.997363365697666],[-125.6609531984572,48.99754476587164],[-125.66097889860755,48.99766576624122],[-125.66103909893627,48.997760565944574],[-125.66110919961973,48.997831766137985],[-125.66117309913862,48.99783076641402],[-125.66122839871073,48.99779026653955],[-125.66161789868549,48.99754076566813],[-125.6618540981371,48.99739696591337],[-125.66207359866151,48.997251466393124],[-125.66218849872614,48.997208765715925],[-125.6622967986396,48.997162866171564],[-125.66230499902355,48.997138866091404],[-125.6622743983227,48.99711386584057],[-125.66227369811979,48.997096865725275],[-125.66229819909223,48.997092165901456],[-125.6623506987895,48.997112665961396],[-125.66237059894252,48.99712676597592],[-125.66250329935932,48.997168566017265],[-125.66277619813357,48.9971961657328],[-125.66296159853383,48.99721876546432],[-125.6631068984249,48.9972101659323],[-125.66324279870899,48.99720796577008],[-125.66334029916715,48.997219265724965],[-125.66344829871788,48.99724946626902],[-125.66347029874848,48.99732256539783],[-125.66384229986053,48.99784566563934],[-125.66400339985154,48.99788026562453],[-125.66421049894771,48.997883166164755],[-125.66444259902192,48.99779916530599],[-125.66456849905614,48.99764246562433],[-125.66481919974757,48.99755196532082],[-125.66496979893272,48.99755576602281],[-125.66517079985938,48.99765156517773],[-125.66534049920594,48.997661265595866],[-125.665507899346,48.99760906566314],[-125.66562429910549,48.997446466021124],[-125.66565329920344,48.99721096534605],[-125.66543949942105,48.99702266578875],[-125.66522829928813,48.99677836510533],[-125.66514989855445,48.99660386523864],[-125.66507299916331,48.996469865474786],[-125.66490699870626,48.996334965657226],[-125.66475839883914,48.99622116516518],[-125.66453329929732,48.996064665882045],[-125.66453539826952,48.9960262654873],[-125.66463679971196,48.99598866573466],[-125.66475569901415,48.99595966591116],[-125.66481469865413,48.995979066026024],[-125.66484619902694,48.99599656552408],[-125.66484899959565,48.99597856573172],[-125.66484419882809,48.995942565404675],[-125.66486039820265,48.995915265333636],[-125.66502949923867,48.99585396500996],[-125.66525649934465,48.99581176509596],[-125.66545699831217,48.99573516541088],[-125.6656136993689,48.99585076533723],[-125.66563329964976,48.995832565353616],[-125.6656349992125,48.99578576508654],[-125.6656959987481,48.99569346576452],[-125.6657913985997,48.99561626542623],[-125.66589039853329,48.995543365376236],[-125.66600369967671,48.99549256543979],[-125.66607429894778,48.99544516515619],[-125.66630209918432,48.995253865485196],[-125.66637519920235,48.99513656497429],[-125.66638899922151,48.99504876490744],[-125.66645009894314,48.995001665769074],[-125.66656599929773,48.99499346485565],[-125.66669659908447,48.99499306535394]],[[-125.77822813630445,49.072468355037756],[-125.7782383362061,49.07208875525625],[-125.77823933566675,49.07190815573903],[-125.77832523633316,49.07190185544359],[-125.77841483539316,49.0718881550066],[-125.77855363601708,49.07186085477823],[-125.77918333578718,49.0716810554569],[-125.77928153583495,49.071650155445866],[-125.77939403600394,49.071607755242425],[-125.77948073659836,49.07158645508448],[-125.77955303604324,49.071574655555374],[-125.77971493653247,49.07154155480658],[-125.7800292358064,49.071401254689185],[-125.78008123607019,49.07138765475842],[-125.78015063613971,49.07137595455454],[-125.78027803679133,49.07136585500371],[-125.7803618362382,49.071354055368005],[-125.78045433603789,49.07133275513909],[-125.78058423638946,49.071284554396414],[-125.78070263609385,49.07125165462951],[-125.78094523561674,49.07117825471283],[-125.78106383600729,49.07115865507111],[-125.78123153579517,49.071125554964254],[-125.78138463612484,49.07108495437265],[-125.78174883656082,49.071009054877855],[-125.78181233586783,49.0709916552139],[-125.78191933558246,49.07097405469998],[-125.78202363625836,49.070965955134945],[-125.78210473662759,49.07096555483053],[-125.78220913647704,49.070974654283226],[-125.78230483646719,49.070993254299715],[-125.78244443608993,49.07104205507776],[-125.78250243678553,49.07105135451413],[-125.78254583646077,49.07104545424353],[-125.78258613698927,49.071016654811345],[-125.7826143362088,49.070940454962205],[-125.78263073568182,49.07085285464855],[-125.78260443612618,49.07054645425321],[-125.78260283660602,49.07039995482021],[-125.78263703582992,49.07034075446393],[-125.78268803620402,49.07023015484374],[-125.78281633596983,49.07003165487347],[-125.78283613592805,49.06998775431506],[-125.78288493589497,49.06994375432346],[-125.78294783614511,49.06984835491484],[-125.78308223650703,49.06970115472437],[-125.78311963595931,49.06967625460108],[-125.78316253624614,49.06961895446932],[-125.78328553546821,49.06947565474998],[-125.78333983625515,49.06940685487317],[-125.78340013573936,49.069353354816705],[-125.78356063617899,49.06918505472868],[-125.7836120362188,49.06911255473322],[-125.78364323626998,49.06904765441324],[-125.78369183590448,49.068994154802496],[-125.78380663578692,49.06888325488132],[-125.78385913578272,49.06885315478616],[-125.78385453547476,49.0689859547402],[-125.78385143610267,49.06907625483617],[-125.78384843541069,49.06916505459512],[-125.78382673618444,49.06980645401726],[-125.7838198358357,49.07001075450295],[-125.78373373724592,49.072554354570634],[-125.78373173747931,49.07342965410424],[-125.78515763822841,49.07396795460034],[-125.78517173800252,49.07397325464033],[-125.78653763776794,49.0750511544042],[-125.78720543793632,49.07466265409018],[-125.78765823807913,49.07439935423461],[-125.78877943787772,49.07374675444079],[-125.78877983758932,49.07258355368822],[-125.78878033741573,49.071325054221724],[-125.78878073744518,49.070179854130835],[-125.78878113669182,49.06898105396218],[-125.79104223689416,49.06955255361679],[-125.79314903769776,49.07008505325384],[-125.79524123797202,49.07061385330373],[-125.79735193839255,49.071147252863035],[-125.79735193854223,49.07116065312774],[-125.79735183885485,49.072303152857735],[-125.79735173916927,49.07347225297022],[-125.79735163834344,49.073677952895615],[-125.79735163902055,49.07376565310504],[-125.79735163940578,49.07459625319602],[-125.79735153972551,49.07524755347967],[-125.79735153991737,49.075656852874644],[-125.79735143995418,49.075810252791726],[-125.79735144039626,49.07592495304658],[-125.79735143934624,49.07619475321948],[-125.79735144006202,49.07646445345563],[-125.79735144050366,49.076786553158364],[-125.79735134046392,49.07711425308624],[-125.79735133989053,49.07728115323572],[-125.79735133985663,49.0774300530057],[-125.79735124029469,49.078193152817676],[-125.79735124063379,49.07889325343117],[-125.79735124078462,49.07896045302202],[-125.79735114042268,49.07959895373333],[-125.7973511406927,49.07974745323641],[-125.79735114123054,49.08023305298883],[-125.79735104137507,49.08050275336319],[-125.79735104102669,49.080616353199844],[-125.7973510414084,49.08077255364476],[-125.79735104135855,49.08104225361043],[-125.7973510407545,49.081312053631976],[-125.79735094108686,49.08166795389487],[-125.79735094135795,49.08192405358054],[-125.79735094152771,49.08193755295069],[-125.79734504216016,49.0819380534091],[-125.7970031415254,49.081968553635825],[-125.79592634122973,49.08206435371755],[-125.79587034078783,49.08206895335152],[-125.79581424138408,49.08207295399292],[-125.7957580416667,49.08207625346487],[-125.79570174170136,49.08207885377816],[-125.79564544130093,49.08208075398973],[-125.79558904067433,49.08208205361586],[-125.7955325415785,49.082082553875836],[-125.79547614194486,49.08208245367565],[-125.79541974067534,49.082081653792294],[-125.79536334148699,49.082080253554146],[-125.7953070416747,49.082078053698226],[-125.7952507408877,49.082075253528906],[-125.79519454077268,49.08207175390777],[-125.79513854114249,49.08206755389283],[-125.79508254054535,49.08206275356488],[-125.79502674163541,49.0820571538514],[-125.79497114088691,49.082051053740244],[-125.79491564074631,49.08204415359418],[-125.79486044162863,49.082036653494384],[-125.79478024137396,49.0820255539719],[-125.79469994104991,49.08201505401364],[-125.79461934048628,49.08200535386442],[-125.79453864169514,49.081996253655916],[-125.7944577412407,49.08198785415872],[-125.79437664146693,49.081980053950694],[-125.79429544168157,49.08197295388894],[-125.79421414124323,49.08196655317712],[-125.79413264153733,49.08196075376393],[-125.79405114040601,49.08195565397352],[-125.79396954045934,49.08195125390955],[-125.79388774124588,49.081947553716645],[-125.79380604039287,49.08194445363143],[-125.79372414090267,49.08194205421288],[-125.79364234162617,49.081940353852964],[-125.7935604410903,49.08193935405577],[-125.79347854087612,49.081938953673564],[-125.79339654124415,49.08193925423121],[-125.79331464059774,49.08194025426628],[-125.79323284078221,49.08194195415658],[-125.79315094082607,49.08194425360616],[-125.7930691411183,49.08194725412589],[-125.79298744038013,49.08195095412378],[-125.79193424056378,49.08200275434164],[-125.79188294021918,49.082004953715256],[-125.79183144045973,49.082006453655836],[-125.79178004141787,49.082007254153666],[-125.79172854149475,49.08200725411364],[-125.79167704064224,49.0820066537657],[-125.7916256405152,49.082005353975156],[-125.79157424059957,49.08200325430028],[-125.79152294020939,49.082000554175195],[-125.79147174048327,49.08199705402353],[-125.79142064092477,49.08199295421816],[-125.79136974070254,49.0819881544512],[-125.79131894051507,49.08198255386229],[-125.79126833973773,49.08197635389675],[-125.79121794015335,49.081969454348155],[-125.7911678397251,49.081961853901156],[-125.79111784004742,49.081953554013914],[-125.79106824061513,49.08194455388332],[-125.7910189410512,49.08193495423625],[-125.79096984020528,49.08192465383465],[-125.79092124069571,49.08191365384574],[-125.79087284061345,49.08190205448381],[-125.79082494059695,49.08188975394374],[-125.79077734102859,49.081876754101856],[-125.7907302403853,49.08186315408622],[-125.79068354007084,49.0818489544167],[-125.79063734046669,49.08183405436816],[-125.79059154055751,49.08181855387105],[-125.79054634066377,49.081802453858],[-125.79050164033985,49.08178575447129],[-125.79045744009524,49.08176835391272],[-125.79041374070184,49.08175045414777],[-125.7903707399262,49.08173195435164],[-125.79032823987109,49.08171275418232],[-125.7902864409923,49.081693154315005],[-125.7902452402213,49.08167285397633],[-125.79020464075253,49.081652054294494],[-125.79016473990586,49.081630654586284],[-125.79012554017172,49.0816087545997],[-125.79008703970116,49.08158635395815],[-125.79004924034055,49.08156335446686],[-125.79001224069039,49.08153985418172],[-125.78997594036993,49.08151595382874],[-125.78994034052283,49.08149145383276],[-125.78990564032277,49.08146655470403],[-125.78987164059873,49.081441154507566],[-125.7898385404557,49.08141525459619],[-125.78980614085332,49.0813889542031],[-125.78977474006489,49.08136215437508],[-125.78974403988086,49.081335054651284],[-125.78971434029604,49.081307453861186],[-125.78968543990813,49.081279454085795],[-125.78965743973683,49.081251053970654],[-125.78963033984554,49.081222354100795],[-125.78960414074128,49.08119315410506],[-125.78957894057535,49.08116375442245],[-125.78955464062112,49.08113395440361],[-125.78953123966534,49.08110375446794],[-125.78950884006726,49.081073354010655],[-125.78948743997408,49.081042654081784],[-125.78946694008675,49.08101155381983],[-125.78944754021008,49.08098025453147],[-125.78942904060163,49.08094875406854],[-125.78941154049082,49.080916954136875],[-125.78939514032054,49.080884854596896],[-125.78937964047674,49.08085265446809],[-125.78936523993193,49.08082015393603],[-125.78935184021648,49.08078755468685],[-125.78933954037021,49.08075465382084],[-125.78932814033111,49.08072175416646],[-125.78931794002615,49.08068855397075],[-125.78930873933062,49.08065535405125],[-125.78930054060098,49.08062195441419],[-125.78929344000706,49.08058845395245],[-125.78928744003271,49.08055485383999],[-125.78928243965804,49.08052125400478],[-125.78927853983413,49.08048745393548],[-125.78927563966865,49.080453754727586],[-125.78927393928167,49.080419954137284],[-125.78927324033339,49.08038615420227],[-125.78926643991355,49.07903355382997],[-125.7892656403394,49.078992554400344],[-125.78926383993877,49.07895145453854],[-125.78926103941657,49.07891045419631],[-125.78925713897327,49.078869554309726],[-125.78925213976022,49.07882865387684],[-125.78924613858453,49.07878775401315],[-125.78923903870911,49.078746954185924],[-125.78923084013698,49.07870625439488],[-125.78922163961256,49.0786656537446],[-125.78921143905012,49.07862515462316],[-125.7892001391629,49.07858475474072],[-125.78918783860752,49.0785445541624],[-125.78917444000763,49.078504454414464],[-125.78916003953324,49.07846455438831],[-125.78914453853398,49.07842475401782],[-125.78912813980266,49.07838515398315],[-125.78911063940345,49.0783457546046],[-125.78909213956433,49.078306554108316],[-125.78907263850121,49.0782675541269],[-125.78905204005125,49.07822875433995],[-125.78903053960948,49.07819025391726],[-125.78900803980015,49.078151954384865],[-125.7889845387772,49.078113953936416],[-125.78896003960332,49.078076153958065],[-125.78893453864563,49.078038654276696],[-125.78890813876785,49.07800145391454],[-125.78888073895935,49.077964554225154],[-125.78885233858512,49.07792795441141],[-125.78882313979659,49.07789175435731],[-125.78879283873391,49.07785575415232],[-125.78876173932278,49.07782025428784],[-125.78872963929037,49.077784953712204],[-125.78869673848823,49.0777501543123],[-125.78866283955429,49.07771565394471],[-125.78862813851654,49.07768145400378],[-125.78859243947426,49.077647754258436],[-125.78855593896742,49.07761445430562],[-125.78851863884579,49.077581554521814],[-125.78848043924829,49.07754905383048],[-125.78844133845118,49.07751705444647],[-125.78737803814366,49.07665715424993],[-125.78608743781888,49.07561335488318],[-125.78587143802771,49.07543865464699],[-125.78590213834374,49.0754208540041],[-125.78628123776087,49.07520035498273],[-125.78494793805169,49.07414805474001],[-125.78373123785,49.073688654772695],[-125.7837300370982,49.074203055079934],[-125.78372593733728,49.0741999551772],[-125.78282333690379,49.073502555282346],[-125.78260263707861,49.073337354788634],[-125.78181993692894,49.07273695506474],[-125.78179153710039,49.07271565487274],[-125.78176243682418,49.07269465449505],[-125.78173273720834,49.0726740551758],[-125.78170233717431,49.07265395482048],[-125.78167123673894,49.072634254858265],[-125.7816396367517,49.072614955024015],[-125.7816073369831,49.072596154947725],[-125.78157443664578,49.0725778549149],[-125.78154093628608,49.07255985455932],[-125.78142443594682,49.07256015462346],[-125.78138793719967,49.072543254723996],[-125.78135093705049,49.07252675456908],[-125.78131343620738,49.07251095468601],[-125.78127533664127,49.07249565521795],[-125.78123673629013,49.07248085485859],[-125.78119763709056,49.072466755146564],[-125.78115803589206,49.07245315496032],[-125.78111803622286,49.07244015470757],[-125.78107753644535,49.07242775493782],[-125.78103663634565,49.07241595472258],[-125.78099533596608,49.07240485464211],[-125.78095363649147,49.072394255126596],[-125.78091163652125,49.07238435481707],[-125.780869336072,49.0723750551432],[-125.78082663650463,49.07236635460258],[-125.78078373692259,49.07235835514612],[-125.7807405362195,49.07235095552766],[-125.78069703681726,49.07234415490988],[-125.78065333675758,49.072338054578864],[-125.78060943667545,49.07233265533052],[-125.78056543567612,49.07232785486035],[-125.78052123586201,49.07232375505382],[-125.7804769357637,49.0723202548212],[-125.7804324368465,49.07231745525172],[-125.78038793621646,49.07231525474718],[-125.78034333597557,49.07231375519303],[-125.7802986366964,49.072312955374514],[-125.7802540367593,49.072312755286106],[-125.78020933656792,49.07231325535174],[-125.78016473696813,49.07231445530988],[-125.78012023670424,49.072316254998476],[-125.78007573660359,49.07231875471053],[-125.78003133647175,49.07232185494934],[-125.77998703692307,49.07232565508126],[-125.77994293653067,49.07233015459836],[-125.77822793599589,49.07251565547295],[-125.77822813630445,49.072468355037756]],[[-125.78780924381005,49.09392765513857],[-125.78369074206752,49.0939243555739],[-125.77264894065856,49.09391585652045],[-125.772648540038,49.09028575678527],[-125.7726487389084,49.08665565617252],[-125.77265633852568,49.08302415623885],[-125.76710853730599,49.08302625700401],[-125.7560631353571,49.0830201580865],[-125.75605363455203,49.07940245841787],[-125.75604933451609,49.07759305751785],[-125.75604913373402,49.073006658038395],[-125.75603473203253,49.07227925762262],[-125.75888703393747,49.07281615729021],[-125.76138723414155,49.07289355752866],[-125.76156503384212,49.07289895674909],[-125.76612623477453,49.07303825649039],[-125.76711083473407,49.07296055610475],[-125.76765003535455,49.07291795646833],[-125.76875223515886,49.07313885668747],[-125.77370563577433,49.07323705534352],[-125.77822703618115,49.07274665501742],[-125.77991233650637,49.07256385537368],[-125.78059223613421,49.0725622547575],[-125.78063113650107,49.072567754836875],[-125.78066993663049,49.07257395507637],[-125.78070843688675,49.07258085532012],[-125.78074663597344,49.072588254825185],[-125.7807846368455,49.072596255215494],[-125.7808223360004,49.07260495523342],[-125.78085963666908,49.07261425518535],[-125.78089653638571,49.07262405532774],[-125.78093313623833,49.07263455547693],[-125.78096933635315,49.07264555539909],[-125.78100503692498,49.07265715459251],[-125.78104033659312,49.07266935455945],[-125.78107523657062,49.072682154881875],[-125.78110953717629,49.07269545482421],[-125.78114343683725,49.07270925496074],[-125.78117673657934,49.07272375508414],[-125.78120953675787,49.07273865533137],[-125.78124173693035,49.072754054404896],[-125.78127333720391,49.07277005489718],[-125.78130433626072,49.07278655463559],[-125.78133473658694,49.07280355479475],[-125.78136443650101,49.07282095534455],[-125.78139353645587,49.07283895530501],[-125.78142193657366,49.072857354442995],[-125.7814496369166,49.07287615476992],[-125.78147663625546,49.07289545527516],[-125.7815029369689,49.07291515454146],[-125.78340593752247,49.07437555494983],[-125.78372913780849,49.074636954288756],[-125.78503403867649,49.07569245450881],[-125.78773643849803,49.077878354330906],[-125.78777013920353,49.07790615439365],[-125.7878029391926,49.07793435396326],[-125.78783483910156,49.077962953836845],[-125.78786603916984,49.07799185437003],[-125.78789623935357,49.07802125471597],[-125.78792563925514,49.078051054434006],[-125.78795413901221,49.07808115387693],[-125.78798173932135,49.07811165442472],[-125.78800843890706,49.07814255448602],[-125.78803413969464,49.07817365420828],[-125.7880590396193,49.07820515452168],[-125.7880829389544,49.07823695470309],[-125.7881059393485,49.078269054195935],[-125.78812793978682,49.078301454354566],[-125.78814893963025,49.0783341543836],[-125.78816903989168,49.07836705435806],[-125.78818813955453,49.07840025420436],[-125.78820623919275,49.0784336541363],[-125.78822343930443,49.0784673545986],[-125.7882395388872,49.078501154703694],[-125.78825463907499,49.07853525426468],[-125.78826873980535,49.078569454126686],[-125.78828183928826,49.078603854495796],[-125.78829393994528,49.07863845453536],[-125.78830503928876,49.07867315449979],[-125.78831503936223,49.07870805427457],[-125.788324038693,49.07874295418807],[-125.78833193938573,49.078778054708714],[-125.78833883932965,49.078813253940965],[-125.78834473922197,49.07884855469204],[-125.78834953970829,49.07888385408866],[-125.78835333950053,49.07891925420832],[-125.78835613974672,49.078954654049426],[-125.78835784006566,49.0789901543344],[-125.78835843911949,49.079025554315415],[-125.78835944026167,49.079309854436524],[-125.7883310392541,49.07937595437533],[-125.78835174051848,49.08300585431525],[-125.7881719416251,49.08663735478254],[-125.78780924381005,49.09392765513857]]],[[[-125.3281651403658,48.96253940320782],[-125.39533863477413,48.90530239324277],[-125.39530363318853,48.90000399261241],[-125.39514552830214,48.88070899267564],[-125.39499082379197,48.862619491389076],[-125.31443450507783,48.8370140994073],[-125.24306741063033,48.90000821076409],[-125.21326411359142,48.92625171512916],[-125.3281651403658,48.96253940320782]],[[-125.29096632005552,48.910363105272914],[-125.29098402139849,48.910471605614646],[-125.29115602089622,48.910619005605746],[-125.29134692054402,48.910623505649944],[-125.29160942140665,48.910802505362376],[-125.29173332183588,48.91100940554864],[-125.29188372138888,48.91124090578115],[-125.29182752124423,48.911401105588595],[-125.29164042104713,48.9114802058444],[-125.29158032093017,48.911556805425064],[-125.29139632143087,48.91170280513175],[-125.29119732094796,48.911798905705275],[-125.29070952049436,48.91197610558908],[-125.29057782082891,48.912154505868145],[-125.29044772036096,48.912366505471105],[-125.29049272129976,48.912516305632316],[-125.29049802182543,48.91263340553318],[-125.29032552074494,48.912754105535676],[-125.29019192090142,48.91289080614305],[-125.28998212155497,48.913028906000136],[-125.28977082059082,48.913133605767776],[-125.28949132046843,48.91313910558308],[-125.28936662157028,48.91319190591387],[-125.28903972042338,48.91327370576027],[-125.28878532091971,48.91327040596216],[-125.28848972062642,48.913200906055714],[-125.28816522159173,48.9130566062198],[-125.28786932082576,48.91297870640811],[-125.28760912096614,48.91284990576342],[-125.28751372052615,48.9127095061857],[-125.28730512031203,48.91259640613933],[-125.28677162028698,48.91260700589411],[-125.28629512107639,48.91247400631903],[-125.28606452087608,48.9124367056427],[-125.28596092024279,48.912354705773],[-125.28602621979651,48.91228150612901],[-125.28615662107684,48.9122256062269],[-125.28645992113987,48.91218600608415],[-125.2866170203643,48.91200710578714],[-125.28689002085946,48.91185930594531],[-125.28712412011318,48.91169550621145],[-125.28723152025754,48.91154270574078],[-125.28748372063974,48.9114958062966],[-125.28776432079975,48.911515405405886],[-125.28803372122569,48.91156860584063],[-125.2884055199214,48.91163660562806],[-125.28856722065461,48.91155800587707],[-125.28879012103243,48.91142800581569],[-125.2891142211839,48.91128760574229],[-125.28951422010215,48.91113730553779],[-125.28978562104724,48.91095600556226],[-125.28996512047641,48.910709605290954],[-125.29004522028322,48.91051540570097],[-125.29028272110602,48.91042700591056],[-125.2907111210289,48.91034310523901],[-125.29096632005552,48.910363105272914]],[[-125.29338921067891,48.87065030353841],[-125.29936271164375,48.87067630303289],[-125.2993484117435,48.87409480294708],[-125.29665281211197,48.87408850299184],[-125.29668541246791,48.87402330362131],[-125.29668921168098,48.87397550345512],[-125.29668261123847,48.873961603504824],[-125.29666931218107,48.87395480342132],[-125.29664661193543,48.87395060311809],[-125.2965784120331,48.873965202933945],[-125.29656521211174,48.87396080343198],[-125.2965528118254,48.873948603270016],[-125.29654641177694,48.87393850355754],[-125.29655171225652,48.87392590344389],[-125.29657611230701,48.8739145036234],[-125.29662291177958,48.873901003590085],[-125.29673131186546,48.873859803242226],[-125.29677401190703,48.873833903382085],[-125.29679421244012,48.87380930344925],[-125.29679781255197,48.8737835032826],[-125.29677491247392,48.87361900352874],[-125.29674671231845,48.873496803356446],[-125.29671221109115,48.87331390329601],[-125.2966949115572,48.873247803871244],[-125.29668041197797,48.87321440328755],[-125.29665041127163,48.87318140359078],[-125.29651001143785,48.87305450304011],[-125.29644361097557,48.87300190351319],[-125.2963695108887,48.87296430336118],[-125.2962780113498,48.872934103401015],[-125.29617381109462,48.87291110314169],[-125.29607121160512,48.872893903206894],[-125.29598891164939,48.872883803822376],[-125.29589661122102,48.8728630036133],[-125.29579091190615,48.87283150318945],[-125.29568491186534,48.872796103169584],[-125.29549231134989,48.87270840337066],[-125.29522211165381,48.8726014037235],[-125.29511901114765,48.87255190370351],[-125.29486671190233,48.872454503769085],[-125.29473481110954,48.872396403660375],[-125.29464301171714,48.87235990334536],[-125.2944146111996,48.87229180333643],[-125.294321010939,48.87226710409733],[-125.29419791066621,48.8722461039515],[-125.29414691125346,48.87224550342623],[-125.2941171112809,48.87224140311905],[-125.29410731099334,48.872234603732934],[-125.29410451150557,48.87222610354595],[-125.29411481140947,48.87221800393247],[-125.2941503114337,48.87221650344434],[-125.2941842112031,48.87220650321841],[-125.29421051119955,48.87218490335901],[-125.29423391137775,48.87215230305164],[-125.29425551070906,48.8721090038726],[-125.2942707110328,48.87205240396414],[-125.29428151060823,48.87200370339024],[-125.29428621146192,48.87195130360973],[-125.2942406104923,48.871788803328926],[-125.29421811101803,48.871736903180896],[-125.29409291120714,48.871591703143196],[-125.2940421110951,48.87154500356476],[-125.29395431159625,48.87151700374917],[-125.29384311084513,48.87149740347744],[-125.29383461058562,48.871492803317594],[-125.29383431087827,48.87148580380464],[-125.29385151126351,48.87147300355288],[-125.29390391131139,48.87145170339355],[-125.29393581036277,48.87142370381219],[-125.29395811121078,48.87139200359653],[-125.29395851049968,48.871349003796595],[-125.29391931055059,48.87124420337564],[-125.2938961100177,48.87120320342785],[-125.29387651128452,48.87117480353341],[-125.2938331110647,48.871133503520454],[-125.29378411019563,48.871097703729035],[-125.29373651029724,48.871069003988595],[-125.29362971056518,48.87096320320001],[-125.29353011059682,48.87087140346394],[-125.29348991071959,48.870822203232954],[-125.29344431105692,48.87075740350951],[-125.29340851082617,48.87072610313227],[-125.29337851090658,48.87069390388793],[-125.2933642108532,48.87066600371373],[-125.29334831055101,48.87065020341646],[-125.29338921067891,48.87065030353841]],[[-125.2441935193518,48.93201921139367],[-125.2441766198292,48.93217171199902],[-125.24402821985285,48.93212281200518],[-125.24395291927668,48.932038812037],[-125.2437762198958,48.931819011687935],[-125.24366521894008,48.93173831194021],[-125.24354811939952,48.931687012149716],[-125.24343021959415,48.93161621205331],[-125.24325692009643,48.93154881207518],[-125.24300561914957,48.9314757116699],[-125.24281811859909,48.93142331193336],[-125.24249721898869,48.93136621203697],[-125.2421678186247,48.931284912076286],[-125.24187121934885,48.93125661200318],[-125.2414557196829,48.93123791210985],[-125.24098871893763,48.93122501194038],[-125.2407427185129,48.93118841270096],[-125.24065961807827,48.931151012030874],[-125.24061631809103,48.93109341223799],[-125.24062861907348,48.93103711186204],[-125.24065171856999,48.930973212308295],[-125.24063721920677,48.93089801221208],[-125.24061131793414,48.93081561215039],[-125.24051421827821,48.930715111898685],[-125.24028261859031,48.93050271252083],[-125.24021051888114,48.9304627120879],[-125.24007821877929,48.930319011732514],[-125.24003251876958,48.930249812192706],[-125.24004641817795,48.93014711250447],[-125.24006591822985,48.93010511244414],[-125.24005821870126,48.93004371227242],[-125.24001361814237,48.92983631268273],[-125.24000731825367,48.929750012680735],[-125.23998251778023,48.929693412397164],[-125.23997371851797,48.92966261225638],[-125.23989781821771,48.92952561252922],[-125.23976231822672,48.92932111178757],[-125.23973251851059,48.92926291233817],[-125.23969551866459,48.92921151206039],[-125.23967391827493,48.92917281192131],[-125.23965081807958,48.92915361194858],[-125.23959631776032,48.9291531123932],[-125.23955621865957,48.92914411217693],[-125.23950941815716,48.92914821189155],[-125.23946281792387,48.92915891181434],[-125.23942281771247,48.929149912383885],[-125.2393871184684,48.929127812315464],[-125.23938661741742,48.929007112149144],[-125.23937571786632,48.92898451179676],[-125.23933001794455,48.92895931181447],[-125.23924441747806,48.9289267125372],[-125.23905731792782,48.928865412321315],[-125.23897711699222,48.9288458120885],[-125.23892741792778,48.92884021264766],[-125.2388693185546,48.92881691218574],[-125.23885831734748,48.928809212408694],[-125.23886481823673,48.92879461239572],[-125.23904061777266,48.92868181222071],[-125.23909741835033,48.92865961222198],[-125.23914511768886,48.92865021186182],[-125.23927551774672,48.928698312518804],[-125.23932721754781,48.928707912408164],[-125.23936231760946,48.9287030121563],[-125.23941861813005,48.928670212400114],[-125.23953981780336,48.928583412399405],[-125.23957331804894,48.928544711921454],[-125.2398980178056,48.92841811251388],[-125.24001131769981,48.928369411841395],[-125.2401337178743,48.92831001244605],[-125.24026201804264,48.92823781186666],[-125.24041881781709,48.92815871167182],[-125.24064031768121,48.928019312112774],[-125.24074821739981,48.92792771181554],[-125.24083871791926,48.927871011967014],[-125.24091131788704,48.92784641215402],[-125.24102331841878,48.927840011898866],[-125.24112951872468,48.92784851215289],[-125.2412490173414,48.92786731169765],[-125.24151671880722,48.92790011213108],[-125.2416519183309,48.92791221184644],[-125.24176081780654,48.927908012389686],[-125.24185091784585,48.927914712061124],[-125.24211741807302,48.927920112038095],[-125.24224881815523,48.927919612318995],[-125.24232611854721,48.92792661140971],[-125.24253271887531,48.92795631204399],[-125.24260441866677,48.927981412067254],[-125.24306021803214,48.92800701141635],[-125.24320301792692,48.927983411492875],[-125.24339241822783,48.92799411172019],[-125.24352281838904,48.927986812059224],[-125.24362901812297,48.92792491158051],[-125.24372711843935,48.92784411160817],[-125.24390281802869,48.92771151203059],[-125.24397221882572,48.92764081145607],[-125.24396601854073,48.92758351143698],[-125.243895718557,48.92747251165677],[-125.24393491790592,48.927424311397196],[-125.24405891790356,48.92735491165724],[-125.24448271900643,48.927167311686304],[-125.2446499183626,48.927087511714724],[-125.24474841808956,48.92701631128431],[-125.2448416185384,48.92690921170329],[-125.24488031841948,48.9267985112669],[-125.24490791762723,48.926685511388875],[-125.24492231852102,48.926601511492606],[-125.24503111862295,48.926518111707445],[-125.24518551810176,48.92641471111606],[-125.24576951835378,48.92607331161352],[-125.24607141831682,48.9259215115274],[-125.24621071792451,48.92586861131493],[-125.24642181803947,48.92587881116638],[-125.24660311886498,48.925872911283726],[-125.24678861852931,48.92587891111282],[-125.24687721825036,48.925911510793725],[-125.24707801818936,48.926027511017296],[-125.24727351883546,48.92617471156581],[-125.24745611881632,48.926335511491565],[-125.24768541834001,48.92648651081687],[-125.24770791810852,48.926534910978106],[-125.24782681845939,48.92663031077896],[-125.24794691885674,48.92660131065217],[-125.2481132188303,48.92654921136082],[-125.24858771841909,48.92645111092507],[-125.24876301885426,48.9264477110483],[-125.24887531842573,48.92639671152842],[-125.24903571917659,48.92636241130446],[-125.24910941925953,48.92635211069126],[-125.24920301895646,48.92633251096852],[-125.24936571885803,48.92635161104189],[-125.24962301896201,48.92637321099672],[-125.24975131910487,48.92637511038315],[-125.2497839185656,48.92635231089215],[-125.24984741819384,48.92626221063162],[-125.24979761896498,48.926205510559925],[-125.24970741868351,48.926149511276456],[-125.24958051858988,48.92602761113243],[-125.24955071856272,48.92596601115382],[-125.249568219154,48.92590351067863],[-125.24975361861385,48.92567781116431],[-125.24988361848322,48.92556861135374],[-125.25002061940587,48.92546381108583],[-125.25017001875413,48.92536951122903],[-125.25039851932938,48.92520071078229],[-125.25060671825128,48.92503231052289],[-125.25075931869422,48.924976110478575],[-125.25092561794716,48.924924010604734],[-125.25101301856154,48.92491781056549],[-125.25118231928266,48.92493231065646],[-125.25139301853282,48.92496811103811],[-125.25159641928661,48.924990810933004],[-125.25193341809366,48.92498421045454],[-125.25212271843601,48.92499391031033],[-125.25229091857696,48.924986110484376],[-125.25244021925248,48.925005410664475],[-125.25260491905607,48.92506881082052],[-125.25267241917085,48.9250564102876],[-125.25275641842467,48.92500071070869],[-125.25286031864263,48.924980710176634],[-125.25327831917622,48.92495751082537],[-125.25333961922043,48.92490241020007],[-125.25343361967579,48.924864510705106],[-125.25348881831229,48.924875410432556],[-125.25360011859505,48.92492131051334],[-125.25371411870039,48.92492201092501],[-125.25389681864893,48.92493351080772],[-125.25404421959576,48.924969610416575],[-125.25426091837707,48.92502831029708],[-125.25439981854629,48.925076610159245],[-125.2544422189615,48.9251088104274],[-125.25444841910098,48.9252466107651],[-125.25447281853305,48.92528221007949],[-125.25450341893885,48.92535351047493],[-125.254524719309,48.925422110699486],[-125.25452131918793,48.92544921024683],[-125.25441081953244,48.925523309996954],[-125.25435461940542,48.92569241071131],[-125.2543198188338,48.92590591028706],[-125.25435771896751,48.92593811051155],[-125.25445891917276,48.925960110410344],[-125.25459111979401,48.92596061033633],[-125.25497051969344,48.92598911045304],[-125.25515412017822,48.92602151013095],[-125.2553064190874,48.926063509963384],[-125.25538641942045,48.926122010038526],[-125.25541772030296,48.92620831030527],[-125.25539051991493,48.92631391064396],[-125.25536222036305,48.92639241038715],[-125.25531981935458,48.92646220999863],[-125.25517251966066,48.92653111027627],[-125.25497151941731,48.92661901001187],[-125.25469411907486,48.92677031015419],[-125.25460341967285,48.926843610481754],[-125.25436981922263,48.92694161051383],[-125.25416611971426,48.927008810103864],[-125.2539357201667,48.927099810566254],[-125.2536461196609,48.92720731033543],[-125.25350811954756,48.92724901084441],[-125.25340141942003,48.92729121010656],[-125.25337141937091,48.92731881102261],[-125.25339381892553,48.92737691045313],[-125.25335671956091,48.92739281053857],[-125.2531918196287,48.927431210349795],[-125.25317261935035,48.927448010726025],[-125.25319331975986,48.9274656108748],[-125.25326181923451,48.92749221063632],[-125.25328021898657,48.9275131105236],[-125.25322371993559,48.927532310289],[-125.25308311909411,48.92756291070129],[-125.25298421920503,48.927581310547986],[-125.25288241969388,48.927589810841454],[-125.25282451918373,48.92757621044122],[-125.25279491974544,48.92752751065449],[-125.25277291963495,48.9274820107522],[-125.25275501966415,48.92747251034125],[-125.25262312004251,48.92747671034379],[-125.25245741897402,48.92750301052683],[-125.25228461945808,48.92753921036294],[-125.25207201914695,48.92763361101907],[-125.25188311927356,48.9277081103475],[-125.25160361936396,48.92777181053938],[-125.25129182015843,48.92779801089978],[-125.25087201936333,48.927844310758886],[-125.25065491940317,48.92785751110076],[-125.25018081907714,48.927907111271956],[-125.24991351956653,48.92792601077456],[-125.24971351886884,48.92794341070785],[-125.24951211853235,48.92792941097014],[-125.24908741958299,48.92794211074909],[-125.2489520192018,48.927956011127606],[-125.24889211958134,48.92798631132984],[-125.2488677188813,48.928049510835386],[-125.24887431947417,48.92812101140535],[-125.24890411953083,48.928176410766994],[-125.24895661841394,48.928209010936634],[-125.24903611844505,48.92823881095851],[-125.249143419697,48.928294311119174],[-125.2490890196743,48.928291210815786],[-125.24463331904774,48.92804171141753],[-125.2441935193518,48.93201921139367]]],[[[-125.14969967481198,48.81561121769524],[-125.14974157456274,48.81563001758301],[-125.14978487456379,48.8157097177787],[-125.1498119749058,48.815727317607646],[-125.14987587477331,48.81575411786947],[-125.14994287494558,48.81577081769294],[-125.15001217420091,48.81578301794615],[-125.15003557392998,48.81424311838755],[-125.149954774267,48.81419041802747],[-125.14729647373667,48.814230518658825],[-125.14728007391409,48.81530481838348],[-125.14744557433026,48.81530691850046],[-125.14753617489652,48.815303318416895],[-125.14766087422618,48.81529001860654],[-125.14770377379277,48.81527091842538],[-125.1477233744105,48.81525211779953],[-125.14774287393429,48.81522241806292],[-125.14775887456699,48.81521311832446],[-125.14777857343726,48.81520791825644],[-125.14779237441041,48.815219718567505],[-125.147803273776,48.81525111868147],[-125.14781627373664,48.81526601813018],[-125.14785167494504,48.81528461839238],[-125.14788077464891,48.81529421811849],[-125.1480572740875,48.815335318589774],[-125.1481473741944,48.815343017804764],[-125.14823807383775,48.81534671855314],[-125.14836527482198,48.81534671826816],[-125.14843607386916,48.81535691847251],[-125.1484693741789,48.81536661794473],[-125.14852547438853,48.81541141789175],[-125.14859007481466,48.81545171817671],[-125.14865237412444,48.81548301794773],[-125.14869297349537,48.81549241792601],[-125.14873517483441,48.81549771820953],[-125.14884897393154,48.815500317778664],[-125.14891937383112,48.815506418365935],[-125.14898837447967,48.81551731848147],[-125.14909087441337,48.81554981815558],[-125.14922967386713,48.81560551772825],[-125.14927397487922,48.81561881813783],[-125.14932047425539,48.81562821770994],[-125.14941267406145,48.8156319183569],[-125.14947187491393,48.81563111766627],[-125.14953097418439,48.815628418344296],[-125.149684574739,48.81560881767776],[-125.14969967481198,48.81561121769524]]],[[[-125.15003917442874,48.814009217566664],[-125.1500310730647,48.812228017898505],[-125.14459827230371,48.81228431825535],[-125.144620573372,48.81408321877867],[-125.14553247338971,48.814066218301285],[-125.14728877411262,48.81404251806547],[-125.14746577362376,48.814039218047654],[-125.15003917442874,48.814009217566664]]],[[[-124.39508999886192,48.58039759486199],[-124.39508119933632,48.58044799448361],[-124.39521769923078,48.58044889439848],[-124.39540089823134,48.580456694295066],[-124.39556489826857,48.5804703941351],[-124.39565539841304,48.58047359448865],[-124.39568309803705,48.58046609419069],[-124.39569759911856,48.580445894065555],[-124.39565149850365,48.58041079420048],[-124.39550649888406,48.58038249465444],[-124.39540109924934,48.58038519468451],[-124.3953105990865,48.58038209446769],[-124.39523289862689,48.58037589407277],[-124.39510119906554,48.58033749410395],[-124.39509969839429,48.58034549457515],[-124.39508999886192,48.58039759486199]]],[[[-124.39616939914396,48.58056579374295],[-124.39613009841848,48.58059669442872],[-124.39608429863974,48.580653494532775],[-124.39605579862456,48.580712894611096],[-124.39604669960165,48.58079959450071],[-124.39603869853795,48.580820694481396],[-124.3960173993355,48.58084289387934],[-124.39602879926926,48.58091099390533],[-124.39604369843387,48.580936894045315],[-124.396088899698,48.58096329430262],[-124.39614089931814,48.580983593968675],[-124.39619769876712,48.58099689489944],[-124.39625729877642,48.58100289398417],[-124.39632449864064,48.58099289453825],[-124.39639029864014,48.580979194201895],[-124.3964541984792,48.580961994442916],[-124.39651569930513,48.580941393946546],[-124.3963845985355,48.58089829423021],[-124.39632189936219,48.58088629449579],[-124.39629929967771,48.58087319440386],[-124.39627059919701,48.5808492942412],[-124.39625279968192,48.58082659448632],[-124.39623539864807,48.58079539487263],[-124.39622589839017,48.580762694204104],[-124.39622819964102,48.58074029453876],[-124.3962537991785,48.580707594387036],[-124.39627829873778,48.580685894765864],[-124.39633129886536,48.58064949405975],[-124.3963793984445,48.580625094278375],[-124.39642259837483,48.580606094296904],[-124.3965668984567,48.58055429452821],[-124.39665339917563,48.580544694474185],[-124.39667979827527,48.58053909413169],[-124.39672139874993,48.58053769398612],[-124.39678569882263,48.58052789414784],[-124.39688199836233,48.580508094058146],[-124.39694829882228,48.58049069399632],[-124.39698409948308,48.58049489385479],[-124.3970862989864,48.58043029431283],[-124.39709809923018,48.58041969370397],[-124.39710469911617,48.580407194115615],[-124.39710549874113,48.580393993853015],[-124.3970650989356,48.580365994018514],[-124.39701189985477,48.580355694382604],[-124.39685289904112,48.58030349370431],[-124.39681689854568,48.580317094269915],[-124.39674829856463,48.58032649401792],[-124.39660989835346,48.58035379443155],[-124.39657829934605,48.580353294007594],[-124.39642239830997,48.580372294321435],[-124.39635109947947,48.58038839423534],[-124.39628449849522,48.58042159436392],[-124.39616939914396,48.58056579374295]]],[[[-124.39498489812667,48.58086439424622],[-124.39497659930998,48.580894594349495],[-124.39523549960244,48.58087479453296],[-124.39551739929165,48.58086129401334],[-124.39555729861834,48.58082179471875],[-124.39556959859813,48.580800194760705],[-124.39556259887785,48.58077889441763],[-124.39553629847178,48.58076209462472],[-124.39548879847229,48.58075839490489],[-124.39532099858526,48.58076039477414],[-124.39520249854729,48.58075609415549],[-124.39510319851159,48.58074449474811],[-124.39502579853448,48.58073919465033],[-124.39498489812667,48.58086439424622]]],[[[-124.39306859903218,48.580977794392105],[-124.39318329892106,48.58096579429413],[-124.39312859844968,48.580948294781145],[-124.3930147986292,48.580919995099336],[-124.39291579758533,48.58090689450546],[-124.39255789890183,48.58074459464685],[-124.39242239809482,48.580709295090614],[-124.3922765986886,48.58068969441823],[-124.39216779779966,48.580646894956956],[-124.39206279773462,48.580610094957464],[-124.3918866980988,48.58060039488317],[-124.39179159846726,48.58060029466337],[-124.39173039823477,48.580590294583175],[-124.39135809831328,48.58048889453623],[-124.39116809872114,48.580430494757444],[-124.39103219779325,48.580379795186545],[-124.39077449762104,48.58026979515119],[-124.39071419817364,48.58023009494438],[-124.39063079757472,48.58013229508165],[-124.39060279824298,48.580092194559256],[-124.39058289759538,48.58001979513749],[-124.3905680985468,48.58000449482955],[-124.39050829845439,48.57991839493662],[-124.39033949777956,48.579713294596],[-124.39028909833198,48.57964009476076],[-124.389943998041,48.57935389528331],[-124.38988779817636,48.57933199519346],[-124.38983709707276,48.5793170950354],[-124.38974489762464,48.579306095052395],[-124.38964149761892,48.57934719493871],[-124.38960859710355,48.57936669529568],[-124.38955359784492,48.57941239481771],[-124.3895322980621,48.57943799498989],[-124.38951029709301,48.57947739486217],[-124.38949759818907,48.57951859527115],[-124.38949459709535,48.57956059489071],[-124.38950129744754,48.57960239559023],[-124.38955309792892,48.57969029512441],[-124.38961219697123,48.57977609487804],[-124.38967819814104,48.57985959487028],[-124.38975109771265,48.5799405947305],[-124.39010959810537,48.580265294546635],[-124.3902179982054,48.5803502951172],[-124.3903371984113,48.58042859457264],[-124.39042909835243,48.580511894551044],[-124.39052559819011,48.580571494875976],[-124.39063019831407,48.58062449482507],[-124.39074209824162,48.5806705952143],[-124.39086019781666,48.580709294994264],[-124.39106239748101,48.580745394935924],[-124.39128569813266,48.580764995266044],[-124.39150759878122,48.58079049493938],[-124.39172779840113,48.58082179488594],[-124.39194599838484,48.58085879523823],[-124.39243579795047,48.58097939493621],[-124.3926015982828,48.58097819465095],[-124.39276639885905,48.580966095012926],[-124.39306859903218,48.580977794392105]]],[[[-124.3943731987484,48.5803433947136],[-124.3946307989082,48.58039459438636],[-124.39476229814352,48.5804243941943],[-124.39477299899713,48.580364294172064],[-124.39479379851046,48.580258194770664],[-124.39479489840926,48.58025269487141],[-124.39471649854634,48.580226394491056],[-124.39464639843057,48.580180194628106],[-124.39441989779796,48.58000719454803],[-124.39438789911122,48.57994049435628],[-124.39434489876,48.57986389487984],[-124.3942944982213,48.579828794927536],[-124.39425209902556,48.57978709467895],[-124.39389899818809,48.57971679444469],[-124.39374739851623,48.57969749415219],[-124.39364649801676,48.5796965945182],[-124.39354579841763,48.57969149405826],[-124.39359469865538,48.579741594215704],[-124.39363039803791,48.579788295097806],[-124.39365909827009,48.57989359507488],[-124.39370409849647,48.579963094303636],[-124.3937059982031,48.58003159469042],[-124.3936894982402,48.58013749456232],[-124.39368709839935,48.58020609502836],[-124.39371889891726,48.58026569432763],[-124.39377379832368,48.58030639495346],[-124.39384579810834,48.58034269471019],[-124.39392169896283,48.5803616943504],[-124.39415149892781,48.58034329462205],[-124.3943731987484,48.5803433947136]]],[[[-124.39036729803308,48.578793395189756],[-124.3903127974413,48.57880339485946],[-124.39027039684389,48.57882759465046],[-124.39023869732172,48.5788580951776],[-124.39027189813,48.578874294869145],[-124.39034569815018,48.578897594715905],[-124.39043969730616,48.57894789497147],[-124.3904730971187,48.57899039477618],[-124.39054409790629,48.57906809464477],[-124.39062799844966,48.579142695124716],[-124.39071449718031,48.57915879459984],[-124.39086319812482,48.579165594659734],[-124.39092099786974,48.57915489467042],[-124.3910404972319,48.57911629469196],[-124.39115499746292,48.57905499447958],[-124.39138669777823,48.579026494440214],[-124.39149159799068,48.579003795103716],[-124.39154189751086,48.5789988950978],[-124.39133389773151,48.578956294883625],[-124.3911220979761,48.578923094242946],[-124.39083199712407,48.57885299459051],[-124.39053569767403,48.578795294387945],[-124.39047989791655,48.57878929496791],[-124.39042339758016,48.57878859500205],[-124.39036729803308,48.578793395189756]]],[[[-124.3942829992063,48.58091859479265],[-124.39456649897313,48.58089309409163],[-124.39466999956797,48.580896894631636],[-124.39467829864222,48.58084649405783],[-124.39470539832516,48.58070859442913],[-124.3947062989284,48.580703994895785],[-124.39455449871905,48.58067539476351],[-124.39433979822938,48.580616594591746],[-124.39424239914,48.580596394386625],[-124.39406309860532,48.580571394164956],[-124.39373389853785,48.58049969431506],[-124.39351369873836,48.580476694889654],[-124.39332789818283,48.58045179470833],[-124.39322789842068,48.58041439442662],[-124.39307879870275,48.58031619445541],[-124.39303089891256,48.58029679472139],[-124.3929297987097,48.580296594752646],[-124.39269749839842,48.580303694689555],[-124.39266279901433,48.580295594956425],[-124.39254059811202,48.58023559428793],[-124.39247869804987,48.58017499489538],[-124.39245559814174,48.580118095009325],[-124.39243189747135,48.58003989476089],[-124.39240469836537,48.57998729439667],[-124.39236939813215,48.57995779503275],[-124.3923125985678,48.57992699477683],[-124.39230829800496,48.57984849449384],[-124.39233629734774,48.579769694583696],[-124.39236879763475,48.57962359460467],[-124.39245969733467,48.57956249451639],[-124.39253029806706,48.579547394565125],[-124.39269229823016,48.57956829415998],[-124.39271439750632,48.57958659478905],[-124.3928042981958,48.57964689450676],[-124.39315639827387,48.57977259469429],[-124.39322219822569,48.57981609470481],[-124.39335969771491,48.57996439448411],[-124.39341929897631,48.58001649471114],[-124.39344819869822,48.580050394092325],[-124.39346549832382,48.580054494955355],[-124.39348139814237,48.580005694325806],[-124.39347689857344,48.57992149493634],[-124.39346259785918,48.57986889434566],[-124.39343549875105,48.57982489460473],[-124.39328309828504,48.5796838948281],[-124.39327419840264,48.579651195014925],[-124.39279149830794,48.57946959473548],[-124.39241299848335,48.579266294814765],[-124.39226949808918,48.57922229490265],[-124.39212219760941,48.57918389463315],[-124.39209799723078,48.57920209468894],[-124.39195159769983,48.57920099502763],[-124.39179739828313,48.57916569477015],[-124.391688898383,48.57913419478849],[-124.39149629747706,48.57909799471212],[-124.39137129706852,48.57909089461349],[-124.39124899756293,48.579105194800206],[-124.39118289717828,48.57913029465476],[-124.39114479746608,48.579153595151034],[-124.39109209741066,48.57919429479081],[-124.39103049744236,48.579220694477584],[-124.39100059799897,48.57922959435442],[-124.39080259846521,48.57923199488532],[-124.39059129730317,48.5792174947222],[-124.39053499738633,48.57920809488252],[-124.390493797574,48.579194395072335],[-124.39047079775486,48.57914179470582],[-124.39041009749526,48.57904679480124],[-124.39034809749322,48.5789846953906],[-124.39030679776755,48.57896809495821],[-124.39023149742147,48.578968994818595],[-124.39018479781683,48.57899379473675],[-124.39015359748764,48.578998095379134],[-124.39008259804648,48.57911509470359],[-124.3900373983824,48.57916389511941],[-124.39001939715581,48.57917439513991],[-124.39001489795994,48.579256595151065],[-124.39004289775814,48.579296794489174],[-124.39018579779592,48.579341494929665],[-124.39026689793504,48.57942139510345],[-124.39035499793165,48.579495295289526],[-124.39043249752277,48.57957299537547],[-124.39050789752656,48.57964109489927],[-124.39062849827212,48.57972169465602],[-124.39070239799011,48.57980059453219],[-124.39075259741053,48.57986309473078],[-124.39086389787484,48.579933094499395],[-124.39104479758271,48.57999049519378],[-124.39114169789464,48.58005589491385],[-124.39122069828858,48.58012279483971],[-124.39131369801224,48.58017999447248],[-124.39148909810669,48.58023029490436],[-124.39175219861872,48.58027589497349],[-124.39235019851715,48.580429294265606],[-124.39286259771384,48.580602794507676],[-124.39309589813288,48.58067379497984],[-124.39326219814086,48.580718194515455],[-124.39335959862944,48.58073849449753],[-124.39367139908026,48.58079419456992],[-124.39406499815888,48.58088459437592],[-124.3942829992063,48.58091859479265]]],[[[-124.39496829824094,48.57966899488929],[-124.3952781979357,48.57967569423729],[-124.39532249866487,48.57961659382977],[-124.3967870982664,48.577661693900524],[-124.40127479768894,48.57166609292364],[-124.40127419745494,48.57166499348328],[-124.40155539678568,48.57128959351633],[-124.40153999669573,48.56902739320886],[-124.4014573970047,48.56890109331546],[-124.40105769723161,48.568299093231296],[-124.40079149673174,48.567638193341836],[-124.40046819570158,48.56682989298022],[-124.395394995663,48.56679869372159],[-124.39423999573785,48.5670303939895],[-124.39246869503373,48.567620693920794],[-124.39242169464099,48.56757599418184],[-124.38990539541074,48.56853069459482],[-124.38947969479945,48.56890429425994],[-124.38945149496352,48.568979694901515],[-124.38940859438388,48.56907589467221],[-124.38935299455106,48.56916929429276],[-124.38928489500887,48.569258895050126],[-124.38920509483822,48.569344195099426],[-124.38880779465526,48.56972909482765],[-124.38872099565243,48.56980489480173],[-124.38862329458172,48.569874594529196],[-124.38851569530709,48.569937594417695],[-124.3883991946971,48.569993194897826],[-124.38827499424386,48.57004089455513],[-124.3877332947083,48.57022589486335],[-124.3877347955268,48.570321294960635],[-124.38773079524918,48.57041129517376],[-124.38776569551514,48.57050659515847],[-124.38791319485932,48.570706194935454],[-124.38797229494446,48.57074109439558],[-124.38814989560616,48.570940394656034],[-124.3881858953888,48.57099709463655],[-124.38817909539027,48.57114139479502],[-124.38812989575537,48.5713090946162],[-124.38806489534915,48.571452694984835],[-124.38796849478818,48.571545294886036],[-124.38793419562253,48.57155279484495],[-124.38784689555823,48.57150819506045],[-124.38780079531706,48.57147589499641],[-124.38778069487464,48.571446094849854],[-124.38777329553709,48.57125769487572],[-124.38776549515563,48.57120779533859],[-124.3877270954274,48.57114109507452],[-124.38761209550964,48.571026794834296],[-124.38746659585354,48.57090009493612],[-124.38738869508381,48.57080819508178],[-124.38727719498254,48.570663794706206],[-124.3872262944708,48.570612995090514],[-124.38711659509599,48.57043639437109],[-124.38699459542502,48.57047809498525],[-124.38701779532205,48.5734681948762],[-124.38701839567302,48.573549294789885],[-124.38707449510294,48.573539895147846],[-124.38712519620422,48.573537294946405],[-124.38794009559481,48.57367739516006],[-124.38816029620948,48.57372229466844],[-124.3882413960723,48.573749494386384],[-124.3884081965091,48.57382689490621],[-124.38858429612002,48.57389479448887],[-124.3887106964592,48.573969394756766],[-124.38884589567607,48.57403689498372],[-124.38916839696995,48.57426959486172],[-124.38933079612632,48.574420894801605],[-124.38950589683998,48.574565794900955],[-124.38974569713976,48.574809194812765],[-124.38984249619264,48.57501679456956],[-124.38992089645446,48.57512719493714],[-124.38993059694984,48.57518289504119],[-124.38999909665763,48.57535189499875],[-124.39002579621473,48.575470295032524],[-124.39004739633006,48.57571499457763],[-124.39005129625696,48.57596009489816],[-124.3900670963965,48.575997894802235],[-124.39008749746029,48.57607519483249],[-124.39009259727086,48.57615409442559],[-124.39008409661922,48.57623329532417],[-124.39007509727038,48.57627249491332],[-124.38999519724442,48.57641699503407],[-124.38999079680674,48.57649949460793],[-124.39000359727316,48.576581594344205],[-124.39007939704058,48.57677599437714],[-124.39014759666635,48.57687479451115],[-124.39026339742468,48.57696779515627],[-124.39038579757715,48.57711619459568],[-124.39048019725234,48.57728649493385],[-124.39053059653891,48.57742389455983],[-124.39055229727063,48.577561694617536],[-124.39056379671977,48.577721094797745],[-124.39054989693663,48.57799739498046],[-124.39051109760611,48.5780884949481],[-124.39050159719923,48.578174294480604],[-124.39046719722427,48.57821269531726],[-124.39041829700108,48.57846599509317],[-124.39043489765709,48.57849339525011],[-124.39057909721905,48.578531095357725],[-124.39072059807475,48.578572994947045],[-124.39085909710786,48.578619094920285],[-124.39099439793462,48.57866929471282],[-124.3912785969401,48.57873889465266],[-124.39155509796954,48.57882099457285],[-124.39247949762229,48.57918229455743],[-124.39286219772953,48.57939179442831],[-124.39291939775646,48.579412594485824],[-124.39307539792489,48.57944399461171],[-124.39407789869286,48.57960189487413],[-124.39417519899824,48.57960659466117],[-124.39421269828091,48.579596294175914],[-124.39425249789475,48.57959059440372],[-124.39429309795811,48.57958969418062],[-124.39433329917296,48.579593594707156],[-124.39453779779703,48.57965959420658],[-124.39460949888773,48.57967569419985],[-124.39472549855951,48.579673094811305],[-124.39483869803813,48.57965629453872],[-124.39496829824094,48.57966899488929]]],[[[-124.38997819517114,48.56801729467401],[-124.38978679514652,48.56807159424881],[-124.38968329515808,48.56811719454759],[-124.38957209501068,48.56815409404974],[-124.3893741941338,48.5681923943992],[-124.38930849511907,48.56821319442894],[-124.38928419528528,48.56826629483324],[-124.38927529450548,48.568321494469004],[-124.38902849406608,48.568552194469426],[-124.3889492941314,48.5686640947672],[-124.3888536946513,48.56877009421916],[-124.38866509471123,48.568928194572905],[-124.38856809446047,48.56898159440429],[-124.3884813942757,48.56904229494182],[-124.3883240943586,48.56923999514724],[-124.38825359542528,48.56930879480078],[-124.38815529492265,48.56948779455548],[-124.38801669509141,48.56969229495001],[-124.38793369458855,48.56980329510146],[-124.38782509515065,48.56999219453033],[-124.38815099483041,48.56988099524694],[-124.38825199486348,48.569842194818925],[-124.38834669506916,48.56979699466401],[-124.38843419548515,48.569745794527265],[-124.38851369452678,48.56968909503413],[-124.38858429504623,48.569627394299886],[-124.38898149467919,48.56924249513732],[-124.38904849458592,48.56917089449382],[-124.38910569451907,48.56909559456153],[-124.38915249538292,48.5690171945464],[-124.38921669533956,48.56886099448339],[-124.38925669448135,48.56877549421875],[-124.38931119535893,48.56869369456945],[-124.38937959479368,48.56861659416732],[-124.38946089459135,48.568545194834336],[-124.38955399556612,48.56848049466934],[-124.38965779516191,48.56842339460731],[-124.38977079509499,48.56837459442378],[-124.39229349560844,48.56741749418924],[-124.39408189525375,48.56682149408748],[-124.39428879526017,48.56675929421029],[-124.39450239500732,48.56670809364218],[-124.3947214944044,48.56666819384619],[-124.39494459493594,48.56663999395987],[-124.39517029579777,48.566623493757355],[-124.39539729532278,48.56661899423823],[-124.4003959959049,48.566649693108275],[-124.40035179670517,48.56653929341135],[-124.39960759611584,48.56654179288861],[-124.39401909487526,48.56656049403717],[-124.39397209527164,48.56656059428894],[-124.39397699505771,48.566694794086914],[-124.3939313949219,48.56678719387411],[-124.393890094708,48.56682359392476],[-124.39384339516404,48.56685699383487],[-124.39379189523963,48.56688709429389],[-124.39373589529409,48.566913494114054],[-124.39367539494833,48.566902193671325],[-124.39364519510798,48.56684749347601],[-124.39360999513008,48.56679409423441],[-124.39356989475986,48.56674229394177],[-124.39352489536185,48.56669229373542],[-124.39349439482021,48.56667659408411],[-124.39339239458796,48.56669389430847],[-124.39311739427968,48.5667770938567],[-124.39300809446443,48.56682739417327],[-124.39290409527344,48.56688239393428],[-124.39280589477211,48.56694199369997],[-124.39271389517474,48.56700569445778],[-124.39245569568223,48.56712779430241],[-124.39212669484571,48.567302494491415],[-124.39204049454361,48.567341694081925],[-124.39195049507461,48.5673767937408],[-124.39185709473009,48.56740769389741],[-124.39170259451487,48.56748949437992],[-124.39158509420615,48.567598794093556],[-124.39149569502985,48.567647294328275],[-124.39141919417796,48.567704694328604],[-124.3913359948928,48.56774559473984],[-124.39108449466727,48.5678045944321],[-124.39096679499829,48.56784139399079],[-124.39072579510866,48.567906094352224],[-124.39048739527131,48.567957994696606],[-124.39036899550476,48.56797439456351],[-124.39024879398508,48.56798299435146],[-124.3901278952588,48.567983594471116],[-124.38997819517114,48.56801729467401]]],[[[-124.38699109512724,48.570028795086635],[-124.38699299565,48.57027629501711],[-124.38705229457815,48.570256094519806],[-124.38704449422295,48.57018249485245],[-124.38704859492515,48.570095295233685],[-124.3870541946166,48.570066695263186],[-124.38703209459547,48.570044095248235],[-124.38701589426793,48.57001679457467],[-124.38699109512724,48.570028795086635]]]]},"properties":{"OBJECTID":639,"adminAreaId":"PRIM","adminAreaNameEng":"PACIFIC RIM NATIONAL PARK RESERVE OF CANADA","adminAreaNameFra":"RÉSERVE À VOCATION DE PARC NATIONAL PACIFIC RIM DU CANADA","adminAreaNameAlt1":null,"adminAreaNameAltLang1":null,"distributionType":"NPR","distributionTypeEng":"National Park Reserve of Canada","distributionTypeFra":"Réserve à vocation de parc national du Canada","absoluteAccuracy":"<10m","absoluteAccuracyEng":"Better than 10 metres","absoluteAccuracyFra":"Meilleure que 10 mètres","adminRegion":"WROC_BC","adminRegionEng":"British Columbia Region","adminRegionFra":"Région de la Colombie-Britannique","jurisdiction":"BC","jurisdictionEng":"British Columbia","jurisdictionFra":"Colombie-Britannique","NID":"5bf78d80ba3611d892e2","representationPurpose":"legal","representationPurposeEng":"Legal","representationPurposeFra":"Légal","sourceGeoDB":"PE_WROC_UTM10","webReference":"https://clss.nrcan-rncan.gc.ca/data-donnees/sgb_datasets/BC","SHAPE_Length":426372.34897642455,"SHAPE_Area":516669412.8304978}},{"type":"Feature","id":1129,"geometry":{"type":"MultiPolygon","coordinates":[[[[-123.29010452710787,48.58406502007943],[-123.28992422625272,48.5843335200097],[-123.28967022678712,48.58454112026347],[-123.28960262644743,48.58467742004339],[-123.28951882699,48.58474752010406],[-123.28949722732453,48.58502422041552],[-123.28955942607173,48.58514641986282],[-123.28957642650947,48.58528622052057],[-123.2895073270296,48.585371119754726],[-123.28948762710917,48.585608720308784],[-123.28956122717015,48.58580091990125],[-123.28985492688345,48.58592392038899],[-123.2900353266954,48.58596832009495],[-123.29038202716514,48.585994520200266],[-123.29059552717447,48.58594661979527],[-123.29075592710589,48.585857319590154],[-123.2908356275865,48.585786219906524],[-123.291185626892,48.58571262004542],[-123.29118362704627,48.585364619637296],[-123.2911962269389,48.585202620010335],[-123.29119532677164,48.58503452017061],[-123.29119432734709,48.58487531944951],[-123.29116372704895,48.584541619925034],[-123.29112732689056,48.58440021946521],[-123.29078772718393,48.58419262012967],[-123.29076562632852,48.58418901996277],[-123.29066482707464,48.58401711998057],[-123.29010452710787,48.58406502007943]]],[[[-123.34432235399268,48.65489661704282],[-123.34647065429584,48.65532191674004],[-123.34820185366515,48.65433611667968],[-123.3478938535496,48.652978616457226],[-123.34564675306247,48.6519958169691],[-123.34178194929102,48.63863901676437],[-123.34272734925521,48.63794351700851],[-123.34311314806313,48.636781816232116],[-123.34319764813087,48.63522521672631],[-123.34247534757463,48.632798416436195],[-123.33807464545328,48.62621721643841],[-123.33588824450175,48.62393851692259],[-123.33316764339101,48.62293891680756],[-123.32962234261909,48.62239361714123],[-123.32201134220209,48.62458641814992],[-123.3208469416598,48.624921818676405],[-123.31514944079709,48.626562819096144],[-123.31275814129462,48.62725141947321],[-123.31368854217942,48.63066731949378],[-123.3215888445791,48.63731171874624],[-123.32796084854162,48.64240361872213],[-123.33288164960086,48.64548421780284],[-123.33606745110802,48.648884517974025],[-123.34432235399268,48.65489661704282]],[[-123.34628435385763,48.65316781696742],[-123.34631345283972,48.653182817181516],[-123.3463838532883,48.65324021700151],[-123.34645105347751,48.653282817316544],[-123.34657685353096,48.65337441648139],[-123.3465979541312,48.65339451699553],[-123.34663375371454,48.65344711666583],[-123.34669245344197,48.65351481648552],[-123.34670725411895,48.65355051703858],[-123.34671205318578,48.65359191711606],[-123.34670765329254,48.65362501730706],[-123.3466959539033,48.653654816658204],[-123.3466764531494,48.65368271707153],[-123.34663155362976,48.65372481698731],[-123.34657705407595,48.65376161716725],[-123.34651445336719,48.653792217220676],[-123.34644515279015,48.653815716799805],[-123.34637115386468,48.65383161676379],[-123.34629415411506,48.653839517182796],[-123.3461701533677,48.653839216723846],[-123.34597955317628,48.65382191683893],[-123.34582095367387,48.65378611651866],[-123.34577055360555,48.65377061740594],[-123.3455471531469,48.65363971711101],[-123.34549225388686,48.65359001737406],[-123.34586385298326,48.653369616764785],[-123.34623535356049,48.6531492169857],[-123.34628435385763,48.65316781696742]],[[-123.32606544495766,48.63272461850898],[-123.32441134453666,48.632729218164236],[-123.3244043439047,48.6316329181269],[-123.32469574427962,48.63163211876951],[-123.32239934325071,48.63096051853341],[-123.31615814293805,48.63097781895141],[-123.31613624298365,48.63097181889795],[-123.3161142425614,48.63096611924774],[-123.31609204230823,48.630960719587456],[-123.31606964344635,48.63095561953026],[-123.31604654339309,48.63094821907426],[-123.3160239426165,48.63094031945189],[-123.31600164361453,48.630931919450234],[-123.31597994243832,48.63092291947089],[-123.31595864240053,48.63091341952626],[-123.315937942866,48.630903419246465],[-123.31591784261244,48.6308929190186],[-123.31590694233893,48.630886919458945],[-123.31589644249344,48.630880619147],[-123.31588634243677,48.63087401928002],[-123.31587664339145,48.63086711947152],[-123.31586884188776,48.62860711977831],[-123.31586184253622,48.626593919292944],[-123.32035754239101,48.6265814183659],[-123.32044024283603,48.62658121875699],[-123.3224726422224,48.62657551831858],[-123.32248604289805,48.62865511865196],[-123.32250074459795,48.63096021863844],[-123.32479714414146,48.63163181841784],[-123.32605834409797,48.63162821830829],[-123.32606544495766,48.63272461850898]]],[[[-123.28854012672382,48.58631861990396],[-123.28828362652276,48.58649012061711],[-123.28823512714214,48.586687620706485],[-123.28823622714052,48.586876819945275],[-123.28826242758495,48.58709202040327],[-123.28864682732512,48.58731982056395],[-123.28902532680026,48.58723512049692],[-123.2892105270392,48.58704932068224],[-123.28926002768519,48.58684742021766],[-123.28919142637368,48.58666842013693],[-123.28915442774911,48.586512620252165],[-123.28895682671548,48.586317620305756],[-123.28854012672382,48.58631861990396]]],[[[-123.28819852652522,48.58398091986766],[-123.28827062683796,48.58427662010585],[-123.28838902621851,48.584509420604704],[-123.2887860262804,48.584541320183895],[-123.28905562678429,48.5844810202103],[-123.28926532633349,48.58425642036679],[-123.28920432651562,48.58411022000979],[-123.28922332677521,48.58403272020679],[-123.28912322685618,48.58390102036314],[-123.28897492590542,48.58375471985949],[-123.28856622665567,48.58371052050722],[-123.28819852652522,48.58398091986766]]],[[[-123.28889112635451,48.58282652006182],[-123.28889252614314,48.583066020438864],[-123.28891272615151,48.58335052003855],[-123.28930302657861,48.58367502008814],[-123.28957352687559,48.583734120349305],[-123.28991702643178,48.583733219954844],[-123.29018022572554,48.58362121982123],[-123.29038232693657,48.58348611963436],[-123.29035722681775,48.583250220317225],[-123.29033832612396,48.58304942014044],[-123.29015662667908,48.58282381995097],[-123.2899783267554,48.58270642008715],[-123.28965332605641,48.58266621954251],[-123.28954292551803,48.5825777200055],[-123.28899952573833,48.582534020524285],[-123.28889112635451,48.58282652006182]]],[[[-123.27727682069008,48.57086042081549],[-123.27739062086152,48.57090472096035],[-123.27747902109535,48.570932220479826],[-123.27754652183023,48.57097262093518],[-123.27761492100039,48.57104412126244],[-123.27771912146017,48.57120592112713],[-123.2780826214821,48.571342621089244],[-123.2783972212427,48.571272920710214],[-123.27852602170117,48.57115812077672],[-123.27864372125318,48.57102682027355],[-123.27871892060357,48.57098372050214],[-123.27879742189779,48.57094622046037],[-123.27884372139613,48.57093492059616],[-123.27894912140864,48.57091462100199],[-123.27910712219864,48.57089212086621],[-123.27929582128351,48.57086892114904],[-123.27952602134384,48.5708486208825],[-123.27968792213768,48.57086352035274],[-123.2799548216727,48.57087272059449],[-123.2802240215187,48.57078622089352],[-123.28044762172625,48.57074912046496],[-123.28065992115957,48.570729720596454],[-123.28076382205731,48.57073762063341],[-123.28097402167235,48.57076201995986],[-123.28113792236674,48.57080732034007],[-123.28129582252146,48.570833120378055],[-123.28148552169576,48.5708762207616],[-123.28158042235405,48.5709146205766],[-123.28169522170909,48.57095622043916],[-123.28180352125462,48.571014620217625],[-123.28205802211552,48.57113291989171],[-123.28239112221587,48.5711321202139],[-123.28254172204778,48.57106972070167],[-123.28267012251136,48.57103842032931],[-123.28268382273974,48.57103982022077],[-123.2827988219919,48.57109442023472],[-123.2830193220485,48.57114522070167],[-123.28321892178158,48.57122482032718],[-123.28360872203609,48.57128501976933],[-123.2838302222695,48.571299220587974],[-123.28404202285823,48.57129872004767],[-123.2842745225378,48.571287819790825],[-123.28444332267863,48.57126941946099],[-123.28470382243184,48.5712303200126],[-123.2849328220596,48.57109451982024],[-123.28507902253894,48.570940620314566],[-123.28508952226576,48.57079012046064],[-123.28511542248886,48.57073792016401],[-123.28515092204049,48.57064221990854],[-123.28517482271458,48.57059672020854],[-123.28529312297134,48.570517619701185],[-123.2853638218084,48.570410919790305],[-123.2854456221422,48.57035952022632],[-123.28552222192533,48.570327519617564],[-123.28580402223388,48.57027512021075],[-123.28608002242125,48.57013401960668],[-123.28622482252342,48.56991691963371],[-123.28629682176134,48.56973251990689],[-123.28640622170059,48.56952091972491],[-123.28648032247277,48.5694402197623],[-123.28661922198432,48.569337719904276],[-123.28671262297755,48.569156419828374],[-123.28670422229393,48.56904761931069],[-123.28670722289817,48.56901471961951],[-123.28675462253956,48.56892151930779],[-123.2868086219846,48.5687618200591],[-123.28680682250015,48.56855471989859],[-123.28681852164296,48.56845971951768],[-123.28681202161987,48.568345519751354],[-123.28681912239269,48.56815631990326],[-123.28671922118711,48.56794271954276],[-123.28641552262003,48.567835319842864],[-123.28634892220266,48.567806020024825],[-123.28634222248814,48.567795019908914],[-123.2863650222099,48.56763921964128],[-123.2864215217125,48.567525420115935],[-123.2863806220705,48.56727771967746],[-123.2862910214802,48.56717702014558],[-123.28624892107356,48.56705731939032],[-123.28614002137418,48.56695372009602],[-123.28603642114771,48.56673471948877],[-123.2859012212106,48.56658211975401],[-123.28570072123533,48.566473619738574],[-123.28560002119254,48.56641561923141],[-123.28573562158314,48.56625581964401],[-123.28573472190135,48.56608971966283],[-123.28574472159583,48.56598481948696],[-123.28570562136181,48.56578341976418],[-123.28570522070714,48.565718219360626],[-123.28562442135666,48.56552781991752],[-123.28545782048758,48.565408119567],[-123.2853713217486,48.56535631974539],[-123.28530272117244,48.56529421994028],[-123.28511642062013,48.56517151979715],[-123.28493222087045,48.56511092012372],[-123.2847570205254,48.56507561993681],[-123.2845401209871,48.56505921997434],[-123.2843077210408,48.565070119834466],[-123.28414512102133,48.56512172010851],[-123.28395682037994,48.56511002015301],[-123.28367602116143,48.565110719808146],[-123.28357002044174,48.56509442009022],[-123.28344732127375,48.565069719785534],[-123.28329142100989,48.56504831970197],[-123.28316922045694,48.5650139198057],[-123.2830998211657,48.565002619609906],[-123.28302192015218,48.56497932022926],[-123.28295862125808,48.56493921999946],[-123.2828634202223,48.56485572015831],[-123.2826801205089,48.5647651203377],[-123.2825404204577,48.564727320329105],[-123.2821374198044,48.56448532004404],[-123.28198022000409,48.56441942037235],[-123.28187012024235,48.564363919816266],[-123.28177302078473,48.56427342013096],[-123.28162542035649,48.56417611966774],[-123.28153132039212,48.56408992010784],[-123.28143012048747,48.563929420237564],[-123.28135161956833,48.56383362002106],[-123.28135031981834,48.563739520293815],[-123.2813670204772,48.563618019939106],[-123.28140782044022,48.563479919768625],[-123.28150542020991,48.563287820157235],[-123.28153701983499,48.56325832037812],[-123.2816643200382,48.56315771967526],[-123.28182002034882,48.56299561971767],[-123.28181911979257,48.56283212037675],[-123.28173622047645,48.56273202018446],[-123.28168502024398,48.56261212007056],[-123.28167871989882,48.562556919558844],[-123.2816993197585,48.56250841945833],[-123.2817334200499,48.56239971971272],[-123.28173881938613,48.562350019528765],[-123.28182181965603,48.56225601957733],[-123.28188932002446,48.56219291951063],[-123.28198601951762,48.56201971995224],[-123.28198511948553,48.561852019438994],[-123.28194772040284,48.56164762008652],[-123.28175951972494,48.56152361992059],[-123.28163821875837,48.561470419667145],[-123.28153011949018,48.56139921990521],[-123.28130081916197,48.56129262001096],[-123.28091881875248,48.56119422005784],[-123.28077461909194,48.56111701986261],[-123.28051151931417,48.561024720004404],[-123.28030911869197,48.561033620362885],[-123.28009631949774,48.56099882028559],[-123.27978771908299,48.56107932004772],[-123.27962801930049,48.56114622043959],[-123.2794961192576,48.561263719640785],[-123.27947531951264,48.56127512000929],[-123.27942761887039,48.56128371997981],[-123.27921821922065,48.56129451963716],[-123.27910031887131,48.56128801974629],[-123.27906751896947,48.56127411976927],[-123.27898901868811,48.56121842055915],[-123.27894661876489,48.561173720128416],[-123.27886571842616,48.56110581999254],[-123.27885961858209,48.56109231992486],[-123.27893591903329,48.56103772060752],[-123.2789950194235,48.56079652025514],[-123.27879471896726,48.56062051985025],[-123.27864041880092,48.560534520187964],[-123.27852561881852,48.56046571999623],[-123.27841811883447,48.560410720429886],[-123.27819361871148,48.56030832043739],[-123.27786861885761,48.56030912063137],[-123.27766111866879,48.56031821981161],[-123.27742701786902,48.560364520180784],[-123.27724241877738,48.56042642026538],[-123.27700441787101,48.56053252029042],[-123.27681161919418,48.560689020443654],[-123.2767050187883,48.56074242013387],[-123.27656571837389,48.56083562060934],[-123.27644971878418,48.56086892036581],[-123.27640741895661,48.56087472023033],[-123.27624711788253,48.560881720668476],[-123.27595101830858,48.56092342054807],[-123.27574901788013,48.560982220214214],[-123.27559331804737,48.56098672046697],[-123.27546691810619,48.56097592055565],[-123.27521281875835,48.5609604209131],[-123.2749292177602,48.560986820691376],[-123.27462371838347,48.561048420780885],[-123.27439521850697,48.561201220440154],[-123.274288817627,48.56130082060558],[-123.27419401894113,48.56137482077318],[-123.27413151761542,48.5614123207237],[-123.27403101843112,48.56145562030448],[-123.27384061892984,48.561519321002265],[-123.27361711825003,48.56160482090722],[-123.27338021815879,48.56170582130328],[-123.27326721843737,48.56175982038921],[-123.27310851816306,48.56181292052171],[-123.27309291862926,48.56181542107068],[-123.27300611828754,48.56175872063358],[-123.27291751880858,48.56167372101697],[-123.27273921836529,48.56160772106098],[-123.27252911823317,48.56155282120431],[-123.27215121788379,48.56159802134817],[-123.27191571782923,48.561733021443686],[-123.27170931848454,48.56186902095452],[-123.27161611828156,48.562179920650884],[-123.2719997177616,48.56242462091773],[-123.27234241828728,48.5623617213236],[-123.27246191879996,48.56236142112631],[-123.27259021801301,48.562369921380835],[-123.27264331752896,48.56238602082242],[-123.27267781796522,48.56240512147026],[-123.2729461188555,48.56261142078426],[-123.27314161817019,48.56264802080179],[-123.2732154190346,48.56267232085999],[-123.27337331908005,48.562823820776316],[-123.27342001835389,48.56293832068812],[-123.27342191847356,48.56329332077868],[-123.27338881903461,48.56346262097559],[-123.27335621913902,48.56366422118868],[-123.27329921948822,48.56379842105531],[-123.27319781861517,48.56394402056739],[-123.27299821902479,48.56412602115324],[-123.2728456192664,48.564345121242305],[-123.27276621930257,48.564539021192],[-123.27275351862808,48.564595021327534],[-123.27270271814498,48.56469742085681],[-123.27270341838941,48.56482232083261],[-123.27279281844227,48.56497892111453],[-123.27292311936087,48.56506982105147],[-123.27296681871425,48.56513342080526],[-123.27296391939164,48.565174421143375],[-123.2729771196042,48.56521222133521],[-123.27297211878006,48.56526552107539],[-123.27273501926072,48.56541292061656],[-123.272717119354,48.565683021090166],[-123.27294831988219,48.56589092107695],[-123.27302561929936,48.56600182155389],[-123.27311691947939,48.56608872109122],[-123.27317321973008,48.56613252060392],[-123.27320281914214,48.56617872101472],[-123.27324411916646,48.566273620959265],[-123.27336931863663,48.566380820846575],[-123.27347031969546,48.56644732109882],[-123.2736523199197,48.566512220786386],[-123.27370281974227,48.56654152047274],[-123.27374481971951,48.56659052092511],[-123.27373371938319,48.56663752099062],[-123.273659019581,48.566780020832475],[-123.27357611968155,48.56690052086956],[-123.27339761910174,48.567125820911805],[-123.27330821947628,48.56719412105203],[-123.27321151896727,48.56727602105042],[-123.27314031903056,48.56731302127509],[-123.2730688197846,48.56733252060311],[-123.27292072029918,48.56731202141288],[-123.27265741972158,48.56726652069723],[-123.27246821914251,48.567237921720164],[-123.27220621929898,48.56728502089953],[-123.27203841988359,48.5673691212068],[-123.27190981932748,48.56751252114673],[-123.27191081909288,48.567692821591805],[-123.27203032031842,48.56781522135563],[-123.27214021953036,48.56794372104546],[-123.27214891955315,48.56799862148974],[-123.2719997197225,48.568119920779885],[-123.27190101929732,48.56827202134172],[-123.27185741909497,48.568407921211225],[-123.27196031999719,48.56864372171853],[-123.2721513199611,48.568738121272936],[-123.2722074197758,48.568803621490424],[-123.27235132009181,48.56890442089929],[-123.27244781982264,48.56898492096519],[-123.27251162053263,48.569053121074454],[-123.27265562003404,48.56925712147404],[-123.27291052010348,48.569341020814385],[-123.27314101977538,48.569355721384454],[-123.27334762034312,48.56937482084025],[-123.27356892013347,48.569351721495494],[-123.27374042079207,48.56931982103922],[-123.27386412062398,48.56930582074769],[-123.27390022039383,48.56931172153094],[-123.27401161969291,48.56936222122493],[-123.27415742053213,48.56945832144801],[-123.27430762050976,48.56952752098136],[-123.27442132048596,48.56963612148906],[-123.27462901983208,48.56974012080836],[-123.27478832108373,48.56980002136095],[-123.27497782021946,48.569901421007344],[-123.27513562046049,48.569959021497056],[-123.27540792082793,48.57011082135578],[-123.27560102078198,48.570211521028206],[-123.27576592135655,48.57025562092759],[-123.27584052144472,48.57029742081672],[-123.27594622056672,48.57036702067225],[-123.27606482131235,48.570498520836274],[-123.27623352152787,48.570614721131776],[-123.27636342062284,48.57070032074596],[-123.27667712058086,48.5708714206029],[-123.27707782058584,48.570878320811204],[-123.27720072087598,48.57084662077023],[-123.27727682069008,48.57086042081549]]],[[[-123.26414571760078,48.5645881218565],[-123.26414621813785,48.56469612221083],[-123.26424161765374,48.56479482155895],[-123.26430961698112,48.56483972202462],[-123.26449971836573,48.5649022221058],[-123.26473021782697,48.56491972215881],[-123.26493341803453,48.56490122159842],[-123.26494611785955,48.564730221992654],[-123.26491871769814,48.56466732216889],[-123.26470131724668,48.56456892247312],[-123.26452501761848,48.56455132215018],[-123.26414571760078,48.5645881218565]]],[[[-123.27020062006129,48.5740472216328],[-123.27010592159205,48.57408342189153],[-123.27005212131395,48.57416452190084],[-123.27005282127004,48.57429942150909],[-123.2702975210407,48.57442482169468],[-123.27041962142079,48.57445152201215],[-123.27048772075403,48.57449632154451],[-123.27050242111993,48.574721221629375],[-123.27050362148539,48.57494612147602],[-123.27054462156693,48.575009021653074],[-123.27069382085084,48.57502662219054],[-123.27099202107004,48.57501692221112],[-123.27119522111973,48.57497152203562],[-123.27123552165223,48.57491742191819],[-123.27124792109427,48.57470152169496],[-123.27104342140375,48.57448602163275],[-123.27097452089542,48.57427032221905],[-123.27073022082561,48.57421692161112],[-123.2706621211026,48.57415412121237],[-123.27051252144433,48.57407352202172],[-123.27029552017896,48.574047021581585],[-123.27020062006129,48.5740472216328]]],[[[-123.2712110215217,48.57539432135189],[-123.27111622147007,48.57541252197265],[-123.27110292147465,48.57546652124397],[-123.27115762198582,48.5755563217035],[-123.27123912184214,48.5755921215444],[-123.27146962175436,48.575591621820976],[-123.2715507207736,48.57554642166874],[-123.27152302181538,48.57542952130438],[-123.2714686212825,48.575393721965774],[-123.2712110215217,48.57539432135189]]],[[[-123.28105352471393,48.58249122098056],[-123.28101042475653,48.58269692134372],[-123.28106512437776,48.58308092086472],[-123.28100212520899,48.5832508210415],[-123.28100312451018,48.58343222074758],[-123.28108152542274,48.58363722092323],[-123.28140952484247,48.58373302074972],[-123.28177432538706,48.583749421223764],[-123.28210232533951,48.583603120789924],[-123.28210052585523,48.58327122110365],[-123.28208312486709,48.58301652117737],[-123.28201702476578,48.582895220902806],[-123.28201582521743,48.582674220967],[-123.2818879242491,48.582506020792984],[-123.28144462538496,48.582360320979],[-123.28105352471393,48.58249122098056]]],[[[-123.33967945884609,48.67882211886119],[-123.34013845944817,48.678820818793334],[-123.3402911591336,48.67851301894417],[-123.34025855881531,48.678306618533945],[-123.34003915859329,48.67813391894054],[-123.34002835845693,48.678132918600916],[-123.340012758456,48.67805311847084],[-123.33966755881434,48.677940018659484],[-123.33939155896327,48.67787641859757],[-123.33916075828843,48.67784851928794],[-123.33892615878544,48.677807819334184],[-123.33848155904728,48.677809119154915],[-123.33828385856205,48.67807381941809],[-123.3384871583578,48.67844561904839],[-123.33881425888819,48.678742719478045],[-123.33907415964627,48.6787173191184],[-123.3390823592799,48.67872541928719],[-123.33941565873887,48.67881881871829],[-123.33957285901448,48.67876621937034],[-123.33967945884609,48.67882211886119]]],[[[-123.27741934505534,48.66399892486182],[-123.27759364514917,48.66397922510857],[-123.27777774551988,48.66393812559598],[-123.27785194560273,48.663888624788335],[-123.27789824583512,48.66386802550751],[-123.27793044499077,48.663859324873656],[-123.27801834472002,48.6638512254365],[-123.27815734534873,48.66385082488751],[-123.27834284567489,48.66379572537956],[-123.27848144499127,48.66370322525254],[-123.27855814558217,48.6636586245749],[-123.27858654605218,48.66364812514547],[-123.27868884546321,48.66367192538429],[-123.27876874506217,48.663715625091356],[-123.27904164612728,48.663727025267086],[-123.27918304606864,48.66369992501265],[-123.27931124485188,48.663653124770484],[-123.27938724529945,48.66361632532449],[-123.27950064580999,48.66357492500401],[-123.27955304521336,48.66353292488587],[-123.2795852449864,48.66352502512012],[-123.2799887453862,48.6635255253963],[-123.28016944626802,48.6633444250471],[-123.28024184463375,48.66324762471413],[-123.28024144563614,48.66316922512098],[-123.28027004546558,48.66309792533192],[-123.28030504495156,48.663048225008],[-123.2803801458698,48.66296632493923],[-123.28045884487801,48.6628535251278],[-123.28048004541557,48.66273802527897],[-123.28049164521714,48.66260722456004],[-123.28042694585567,48.66250122467814],[-123.28033544474721,48.66239302457986],[-123.28023084553556,48.66230142505129],[-123.28013024551444,48.66225052434902],[-123.28015954511655,48.66213122444158],[-123.28015894511287,48.66202572514664],[-123.28007104518521,48.661853024414555],[-123.27992334482224,48.661764725405085],[-123.27976624469896,48.661678625022084],[-123.27955034499476,48.66165242474731],[-123.27951114567132,48.661650525020676],[-123.27931094515799,48.66158212529222],[-123.27906334493237,48.66159762521775],[-123.2789333453167,48.66164652494134],[-123.27880774535659,48.66166532483683],[-123.27857524458219,48.661754125543915],[-123.27853984543137,48.661899024911],[-123.27851114464835,48.66189612535343],[-123.27828054542081,48.66182172497473],[-123.27816744401733,48.66179502507198],[-123.27813424419685,48.661774925216825],[-123.27805604539986,48.66171882536372],[-123.27787024524376,48.66161412492298],[-123.27772054487998,48.66155362542278],[-123.27751224462712,48.661513624997],[-123.27732854521729,48.66151402511993],[-123.27719214407142,48.6615273252823],[-123.27697524465604,48.66161002508732],[-123.27692784388341,48.661705425244016],[-123.27667084445045,48.66176282525727],[-123.27671184399918,48.662022724966114],[-123.27659794474388,48.66202742488495],[-123.2764905444071,48.66205822542924],[-123.27638684501817,48.662029925452444],[-123.27609254405748,48.66207182573868],[-123.27602954464145,48.662071924794006],[-123.2758146439524,48.66202662503307],[-123.27565354433568,48.66202702519683],[-123.27553334490499,48.66205712519967],[-123.27540084418294,48.66209522586134],[-123.27523234454166,48.662170125103835],[-123.27511164481932,48.662347825396466],[-123.27516754383967,48.66251172524947],[-123.27522054410987,48.662556525673864],[-123.27516304522914,48.66272432557759],[-123.27526514444769,48.66288062510165],[-123.27525124537115,48.66294662553992],[-123.27523764492204,48.66304962495547],[-123.27530704448627,48.663185725927285],[-123.27547694479503,48.66329752518902],[-123.27563534458545,48.66335992503148],[-123.2757724453011,48.66337612556722],[-123.27583094548038,48.66336632563572],[-123.27596184495559,48.66338282542451],[-123.27601494546467,48.66341132529776],[-123.27605164466172,48.66344942519769],[-123.27609214471947,48.66352612501573],[-123.27611974417974,48.663633525274506],[-123.27629164529435,48.663746525538706],[-123.27641574489311,48.66378722567932],[-123.27652524576868,48.66382832549999],[-123.2765976456486,48.66384732546144],[-123.27674964526109,48.663914124812315],[-123.27692534518198,48.663985124939785],[-123.27702134522434,48.66399822549254],[-123.27729014446857,48.66398342506807],[-123.27741934505534,48.66399892486182]]],[[[-123.32969005918514,48.684847020045524],[-123.32981705861222,48.68482982021123],[-123.3302925597256,48.68478002044047],[-123.33025795874207,48.68443812020716],[-123.33025755878965,48.68437032051361],[-123.33021375886227,48.68421901989001],[-123.33019395853721,48.684034920631284],[-123.33005045948894,48.68390042033958],[-123.33002335906221,48.683870720107706],[-123.33002175845763,48.6836293200941],[-123.3299666589229,48.68351252009235],[-123.32996625940302,48.68345982034159],[-123.3300925579436,48.68340362020952],[-123.33017865818616,48.68313162000479],[-123.33003155908109,48.68281182023959],[-123.3299860586986,48.68269361969376],[-123.32973375867277,48.682500320369385],[-123.329513557846,48.682413719992915],[-123.3291422585273,48.6823411204591],[-123.3287963575145,48.68257212025625],[-123.32865725798834,48.682720920897],[-123.32865765881516,48.68279132058988],[-123.32859635810644,48.682855120134086],[-123.32848395821308,48.68295521991532],[-123.32841535816686,48.683124820527404],[-123.3284159584532,48.683227520769265],[-123.3284932582812,48.68355382054248],[-123.3285243590245,48.683624720527845],[-123.32856015923316,48.683725520514066],[-123.32858865849019,48.6838624202035],[-123.328664958693,48.68406092081294],[-123.32899215861309,48.6847454201054],[-123.32939505849906,48.68484672062211],[-123.32960135896738,48.68483562046909],[-123.32969005918514,48.684847020045524]]],[[[-123.33341166218712,48.69367642043189],[-123.33309676141356,48.6937227204049],[-123.33291886100416,48.69373162020202],[-123.33261896166516,48.693760820109695],[-123.33224246242112,48.69397642056627],[-123.33207286159818,48.69410382091633],[-123.33196876215983,48.69431362007378],[-123.33187966220186,48.69451752066511],[-123.33192786207782,48.69473422007836],[-123.33204936231115,48.694873620409545],[-123.33229076165512,48.69499472050815],[-123.33234146230711,48.695044520659],[-123.33249946134373,48.69513092025166],[-123.3326961613583,48.69518612026485],[-123.3330448617425,48.695197220396466],[-123.33322676179291,48.69518162073995],[-123.33347466191915,48.69511512023074],[-123.33372836238222,48.69504232052389],[-123.3338890628347,48.69493502015632],[-123.3340589618796,48.69473042077904],[-123.33416596205254,48.69453912059154],[-123.33417586246843,48.694426520321144],[-123.33433416193596,48.694280020669666],[-123.33440256212062,48.69407972006372],[-123.33436086155756,48.69386611990268],[-123.33402626147095,48.693719920482586],[-123.3337437612964,48.693663220011004],[-123.33341166218712,48.69367642043189]]],[[[-123.33859485919463,48.67902321856875],[-123.33834765911989,48.679221419037745],[-123.33834895935668,48.67941081893711],[-123.33849755876587,48.67964411924888],[-123.33877245955841,48.67972121884749],[-123.33910195971661,48.679735819212624],[-123.33933435894083,48.679776518633425],[-123.33947855959059,48.67989471901429],[-123.33992085962232,48.67999781878833],[-123.34034935971228,48.67980681845686],[-123.34020495896065,48.67947781858624],[-123.34001595902072,48.67932891877253],[-123.33968845904408,48.67928181868244],[-123.33939805904829,48.67924531895121],[-123.33924115884113,48.67914241936742],[-123.33913755904035,48.67910841927158],[-123.33896225919976,48.67902221903202],[-123.33859485919463,48.67902321856875]]],[[[-123.36780127835792,48.738604218752734],[-123.36844467935046,48.73874691883154],[-123.36885357914672,48.738946218620086],[-123.36910897979017,48.739034118195036],[-123.36952077912048,48.73911551885477],[-123.36984737882936,48.739152718264556],[-123.3700543793534,48.73918501884809],[-123.37074067979331,48.739194418553346],[-123.37130887937087,48.739159218485646],[-123.3721179789039,48.73901891787073],[-123.37288197983,48.73884151830659],[-123.37357497969259,48.73856971827489],[-123.3740291805371,48.73835461790678],[-123.37472848056314,48.73788751771959],[-123.37561607992363,48.73771101744837],[-123.37618057963937,48.73753451782747],[-123.3768036802197,48.73721691784033],[-123.377171979997,48.73700321718234],[-123.37747177944709,48.73675111710031],[-123.37781068019368,48.736511816771646],[-123.37818848057586,48.736272417202734],[-123.37842067961189,48.73608491695912],[-123.37865258016792,48.73586531701843],[-123.37883578032482,48.735639316950376],[-123.37899968033494,48.735426417255226],[-123.3790012802066,48.73528311695784],[-123.37941267968402,48.734725317013066],[-123.37972757960515,48.73448211683048],[-123.38033957900217,48.73427061676015],[-123.38151277926018,48.73368411650997],[-123.38225307997992,48.73323731676673],[-123.38316587982087,48.73258461606562],[-123.3850063793512,48.731151416476486],[-123.38533478008615,48.730870716451925],[-123.38586157942174,48.73018531579798],[-123.38620737947302,48.72992021579328],[-123.38654417939838,48.729828216556584],[-123.38786068031,48.72971571568295],[-123.3889522804531,48.72943171541209],[-123.39022107998099,48.72896341559409],[-123.39065377997109,48.72875551554562],[-123.39137277998753,48.7281532152661],[-123.39168928053708,48.727785315388346],[-123.3919776799469,48.727398715318905],[-123.39216948004176,48.72708391510202],[-123.39240357989813,48.72664751496992],[-123.39252077950962,48.72645431494345],[-123.39263708007891,48.726139714699954],[-123.39265267926469,48.725952815302705],[-123.39265007969351,48.72561701519727],[-123.39263097910302,48.725414515069616],[-123.39255887927752,48.725148514879294],[-123.39242347914181,48.724610614633896],[-123.39230287923215,48.724312814657225],[-123.39210447905988,48.72397201532583],[-123.39203227951806,48.723836915205005],[-123.3918525785646,48.72360801502885],[-123.391565479251,48.72330291516408],[-123.3913059782561,48.722926515597095],[-123.39012997836056,48.72165211540212],[-123.38985817799194,48.7209837149884],[-123.39002197742386,48.72089241534799],[-123.39021957830487,48.72072171530922],[-123.39037147843656,48.72058391514882],[-123.39056147802535,48.720378414568394],[-123.39071067863283,48.72011281530847],[-123.39075667696416,48.71998061484926],[-123.39080407738443,48.719800015379036],[-123.39081847779052,48.71949111530197],[-123.39080367741215,48.71935821489462],[-123.39077757701529,48.7192575147893],[-123.39070637803297,48.71905971487819],[-123.3906348777453,48.71887151479921],[-123.39053217766866,48.718729015335256],[-123.39032747758395,48.71853641524473],[-123.39006367660093,48.7183288147945],[-123.38995667656788,48.71820161504889],[-123.38990147687478,48.717898214662924],[-123.389851777538,48.717773415406846],[-123.38977457651376,48.71763921506126],[-123.38967187670558,48.71748841507299],[-123.38957697725967,48.71738931519219],[-123.38944177688782,48.71729591460421],[-123.38918687650224,48.71717911562667],[-123.38889377584874,48.71703731496936],[-123.38875357687031,48.71692921486043],[-123.38870177710005,48.71683631523098],[-123.38862487729679,48.71675401534644],[-123.38857327590955,48.71663501494657],[-123.38840657640837,48.71642551509613],[-123.38823707688658,48.71626471526599],[-123.38803587589311,48.71610751493594],[-123.38767837559497,48.715856615221824],[-123.38739807661567,48.71572311540683],[-123.38716877551506,48.71562311539317],[-123.38687127557425,48.71550461511607],[-123.38662137582178,48.715440114988574],[-123.38631617593815,48.71538231581599],[-123.38596027628263,48.71533311527598],[-123.3855499757217,48.71531671578122],[-123.38524917596966,48.71532701543069],[-123.38498267644792,48.715344715659654],[-123.38458967585434,48.715430115295305],[-123.38424187536776,48.715523515552306],[-123.38384227552304,48.71565101601634],[-123.38360197486321,48.71577791550118],[-123.38337977538784,48.71594231613387],[-123.38327577547736,48.7160258152826],[-123.38186607486064,48.715586016049016],[-123.38016857515589,48.71493381619492],[-123.37926887432035,48.714531616408635],[-123.37846987444209,48.714181016551635],[-123.37788577379393,48.71400151623404],[-123.3770310743249,48.71380301661149],[-123.37622257406508,48.71365651647441],[-123.37592477326332,48.71363071672254],[-123.3750356737345,48.71358931684281],[-123.37322747344703,48.713597816802704],[-123.37269077323288,48.71364661708019],[-123.37190157359802,48.71377971726908],[-123.37127797318601,48.71390861656803],[-123.37057487318387,48.71401991671221],[-123.36928697339788,48.71413371739705],[-123.36859437294174,48.714277617652826],[-123.36834317215734,48.71436861732687],[-123.36784117265668,48.714592217563165],[-123.36756207317737,48.71473331710442],[-123.36707547232402,48.71508541759358],[-123.36675237231597,48.71533211755783],[-123.36646107293362,48.71573741800571],[-123.36636707284264,48.715935917683645],[-123.3660570728121,48.71627381754189],[-123.36588017295617,48.71655531791195],[-123.36545197367573,48.71683771790149],[-123.36505907209116,48.71705971771881],[-123.36454897219825,48.7172531178522],[-123.36335177299425,48.717695918215234],[-123.36294477286937,48.71788451853287],[-123.3624912731375,48.718108717977834],[-123.36213077358879,48.71833631830936],[-123.36179367311223,48.718623217773214],[-123.36145727329648,48.7189638181302],[-123.36113857344007,48.7193410184606],[-123.36088207221368,48.71967941819633],[-123.36056897332998,48.72019471878119],[-123.36040507337924,48.720447518553726],[-123.36030747289082,48.72071101887042],[-123.35943347387182,48.72134991873229],[-123.35880667366447,48.72177951900797],[-123.35789777363262,48.722166219183855],[-123.35703867306432,48.722574719504216],[-123.35657707394058,48.72292711923454],[-123.35609417278219,48.72331921886088],[-123.35555767268461,48.72409801911396],[-123.35545167311352,48.72423351971792],[-123.35528867375484,48.724568619231675],[-123.35518317309425,48.72477481962703],[-123.35512647385652,48.72505721938267],[-123.35503957373155,48.725456319754485],[-123.35501597298556,48.72576181910694],[-123.3549614739142,48.726203319168604],[-123.35484767402735,48.72651281968434],[-123.35476117389716,48.72684601960156],[-123.35533117452619,48.728231419356646],[-123.35541917483482,48.72933981916208],[-123.35543557422197,48.73031131964496],[-123.35558407485983,48.730783319586514],[-123.35596817541827,48.731292019913035],[-123.35677407597004,48.73208681979151],[-123.3571769761397,48.73252151908322],[-123.35844947555312,48.733496019187],[-123.35872607637971,48.733682319137365],[-123.35956547569273,48.734128719200974],[-123.35984647626141,48.73450441936451],[-123.36000707699226,48.735123819340885],[-123.3601657763983,48.735427819022505],[-123.36022737770104,48.73588011949684],[-123.360422277352,48.7363098190587],[-123.36073377789096,48.73671161918973],[-123.36110347687405,48.73708011925023],[-123.36129097727687,48.737275219247095],[-123.36184027790682,48.7376551189759],[-123.36210777861069,48.73783031940099],[-123.36253277861042,48.738017719183],[-123.36290807812557,48.73817121883999],[-123.36306787852423,48.73823341917999],[-123.36357557824142,48.738386019297494],[-123.36383337845534,48.73845071851619],[-123.36475487857422,48.738609319231095],[-123.36502207815144,48.73864231916512],[-123.36714207839758,48.73862121881658],[-123.36739657814361,48.73858571851023],[-123.36780127835792,48.738604218752734]],[[-123.36613957374406,48.71980591826233],[-123.36600387352452,48.71980221776939],[-123.36595087359134,48.71973811783878],[-123.36601137396599,48.719593917943605],[-123.36626557359484,48.71941041829272],[-123.36635177323697,48.71921491804387],[-123.36647017440981,48.71915331781019],[-123.36669137325308,48.71921511776891],[-123.3667738745649,48.719172217846555],[-123.36694847292138,48.71890061759785],[-123.36698487376539,48.71868841805241],[-123.3669789735075,48.718475017739124],[-123.36692477319748,48.71833141815942],[-123.3669436737181,48.71819061802271],[-123.36731807306575,48.71848561786784],[-123.36744187383563,48.71850411748477],[-123.36757187331533,48.718456017528645],[-123.36765227368672,48.71838331807339],[-123.36764407342513,48.71829491723561],[-123.36766977343342,48.718211418084465],[-123.36777677366595,48.71816241756421],[-123.36787027427255,48.71809001773462],[-123.36778827388198,48.71794391765703],[-123.36785777356029,48.71785441797167],[-123.36799787389182,48.71783251760182],[-123.36811747313358,48.71795361745852],[-123.36823757317754,48.71813531756094],[-123.36822247305183,48.71828531751268],[-123.36813137362147,48.71837491766399],[-123.36807857445,48.71853931776127],[-123.36814537457532,48.71869841779254],[-123.368141374369,48.71908201790565],[-123.36809217375176,48.71919771734403],[-123.3680606732978,48.71928961740827],[-123.36795397357828,48.7194991174422],[-123.36781367449814,48.71965931741247],[-123.36764797376492,48.71975341772786],[-123.36730947369867,48.71969161768711],[-123.36729837424954,48.7196053175352],[-123.36711987393329,48.71947251743735],[-123.36676627423549,48.719437617556274],[-123.3665818735882,48.719576018230384],[-123.36613957374406,48.71980591826233]],[[-123.3730712733764,48.716192316915176],[-123.37293327353292,48.71597901653234],[-123.37326077364898,48.71595321711641],[-123.37295767393279,48.71582771731385],[-123.37268357420888,48.715907817188224],[-123.37239847373797,48.71590881694746],[-123.37189787353937,48.71599561696272],[-123.37174627342037,48.71591901675973],[-123.3717132734242,48.715813916871106],[-123.37153017361476,48.71559161697932],[-123.37155577309444,48.7154603167174],[-123.37169167362654,48.71541201666441],[-123.3719035738242,48.71526191719992],[-123.37198817339612,48.715174217344845],[-123.37208717362923,48.71508801694585],[-123.37233587336037,48.714967517201764],[-123.37261787292789,48.71488701680526],[-123.37273347415216,48.71489281696629],[-123.37306057348219,48.714759517135995],[-123.37329457375009,48.71472771631591],[-123.3734759739572,48.714745717028165],[-123.37359927299657,48.71481641666608],[-123.37374297373974,48.715030916828034],[-123.37382317438168,48.71524961709322],[-123.37381687330465,48.715385616981806],[-123.37363137373946,48.7155049172581],[-123.37323147345361,48.71570071730674],[-123.37343237430491,48.7158733169138],[-123.37363527422005,48.715870516911004],[-123.3737289734492,48.716005116576774],[-123.3730712733764,48.716192316915176]],[[-123.3766151793671,48.73481481691068],[-123.3766927798136,48.734922917045395],[-123.37674397932798,48.73522951775673],[-123.37678297888077,48.73527541723882],[-123.37698907905558,48.73531661733545],[-123.37719037900514,48.735485517372624],[-123.37715447968742,48.73570271747831],[-123.37690267934428,48.7358876179284],[-123.37685888030082,48.735987317242056],[-123.37640437925961,48.73624911726054],[-123.3762248796705,48.73629651765621],[-123.37586617972244,48.73631431766093],[-123.37534417930368,48.736386818126945],[-123.37490397972509,48.736463217261694],[-123.3747847790777,48.73651361798224],[-123.37457717929706,48.736543417344194],[-123.37444477937666,48.736510517896235],[-123.37367927915204,48.73612161776846],[-123.37364517949338,48.73590811812352],[-123.37388777878877,48.73577131798064],[-123.3741108784847,48.735579317659365],[-123.37437957914102,48.735408517929706],[-123.37467607945348,48.73528381780622],[-123.37490217904508,48.735132717971005],[-123.37563857982292,48.734831817302506],[-123.37598157902899,48.73473361710391],[-123.37642577986799,48.734718317540754],[-123.3766151793671,48.73481481691068]]],[[[-123.3572508599772,48.670528516427005],[-123.35714275960692,48.67060981614361],[-123.35708905929472,48.67070891688634],[-123.35707575983463,48.670745016903965],[-123.35710326031938,48.670789916744965],[-123.35733495954607,48.67089711657641],[-123.35785296061434,48.67116541656585],[-123.35792105946281,48.67119221677584],[-123.35808476075371,48.67129061669663],[-123.35842505996841,48.6713885161532],[-123.35850646013958,48.67137931652806],[-123.35862816053483,48.671297916303544],[-123.35864135960402,48.67125291665542],[-123.35851796051718,48.67109131670277],[-123.35844966083843,48.67102861661074],[-123.35821756024735,48.67085841619257],[-123.35793105959685,48.67068831624753],[-123.35763116005941,48.67053631646559],[-123.35756315909086,48.670518616256814],[-123.3572508599772,48.670528516427005]]],[[[-123.42433847101663,48.67473370919384],[-123.42442097168131,48.67494860954719],[-123.42465217116738,48.675139609013065],[-123.42512517152616,48.675350308646074],[-123.42544657204786,48.674974809019204],[-123.42567557099298,48.67479090910416],[-123.42603527176988,48.67467770885946],[-123.42645027137041,48.67466510931584],[-123.42680427197047,48.67477670832446],[-123.42705647183638,48.67491860890346],[-123.42764317227095,48.675306208596396],[-123.42767667176412,48.67527540886229],[-123.42770947225247,48.67524420851627],[-123.42774157178873,48.67521270876691],[-123.42777277274887,48.67518080901005],[-123.42780327217284,48.6751486090417],[-123.42783297190454,48.675116008555406],[-123.42786177225081,48.67508320850534],[-123.427889872375,48.675050008236674],[-123.4279170718938,48.6750166087941],[-123.42794357241569,48.67498280874633],[-123.42796907228156,48.674948808418876],[-123.42799387242883,48.67491450830725],[-123.42801777197703,48.67488000902484],[-123.42804077228897,48.67484520855494],[-123.42806297219674,48.674810108393736],[-123.42808427273367,48.67477480867579],[-123.42810477278239,48.67473930888923],[-123.42812437165506,48.67470360912544],[-123.42814307188658,48.674667608987505],[-123.42816087266777,48.67463150891666],[-123.42826427182484,48.67463150900195],[-123.42828847208168,48.67459930834912],[-123.4283117717481,48.67456690852837],[-123.42833417163612,48.67453410909973],[-123.42835547264116,48.674501108712384],[-123.42837597202791,48.67446780902525],[-123.42839547208855,48.6744342090567],[-123.42841397151538,48.674400408816865],[-123.42843147211971,48.67436640872803],[-123.4284480715606,48.6743322086662],[-123.42846357149433,48.674297808847776],[-123.42847817157828,48.674263109048084],[-123.42849177217575,48.67422830821303],[-123.42850437201564,48.67419340873923],[-123.42851587177171,48.67415830870109],[-123.42852647160049,48.6741230083047],[-123.42853597243626,48.67408760858571],[-123.42854457204014,48.67405210851846],[-123.42855207207008,48.67401650831945],[-123.42855857199386,48.67398080828575],[-123.42856397162599,48.673945108939925],[-123.42856837179403,48.67390930856181],[-123.4285717718636,48.67387340834964],[-123.42857417233725,48.67383750873447],[-123.42857547144389,48.673801508566946],[-123.42857577209654,48.67376560822941],[-123.42857507193818,48.6737297088771],[-123.42857337233119,48.67369370849307],[-123.42857057236773,48.6736578084183],[-123.42856667205068,48.67362200865276],[-123.42856187225698,48.67358620858284],[-123.42855597211488,48.673550508821734],[-123.42854907181419,48.6735148088472],[-123.42840097163472,48.672801308337895],[-123.42822777166253,48.67258330844144],[-123.42768557151969,48.67258270843953],[-123.42532297146771,48.67258000922255],[-123.42421667020977,48.67257880887827],[-123.42422957086558,48.672849308835424],[-123.42423047057186,48.67285880900003],[-123.4242323711651,48.6728682086092],[-123.42423527078623,48.67287750924898],[-123.42423897114766,48.67288670911862],[-123.42424367078189,48.6728956087694],[-123.4242491705206,48.672904408847785],[-123.4242555706565,48.672912909215626],[-123.42426287070039,48.67292100944211],[-123.42427097158314,48.67292890927695],[-123.42427977051388,48.67293630871308],[-123.42428937096633,48.67294340894637],[-123.4242995705902,48.6729500092891],[-123.42431047119751,48.672956208886724],[-123.42432197107244,48.672961808972644],[-123.42433407060815,48.67296700959787],[-123.42434657112243,48.67297160891039],[-123.42435957021772,48.67297560879739],[-123.42437287068101,48.67297910869874],[-123.42438657158078,48.67298190886429],[-123.42440047135301,48.67298420870893],[-123.42441457018934,48.672985808991385],[-123.42442877156203,48.672986809064646],[-123.42444317067871,48.672987209584285],[-123.42531887134378,48.672990908618075],[-123.42531707065665,48.67317190899298],[-123.42445167057855,48.67316820907948],[-123.42443767156188,48.67316850915214],[-123.42442387084448,48.673169409557396],[-123.42441017131242,48.67317100883876],[-123.42439657129727,48.673173109340894],[-123.42438337026982,48.67317590881279],[-123.42437037115722,48.67317930946135],[-123.42435787122747,48.6731833085624],[-123.42434577032925,48.67318790902104],[-123.42433417051815,48.67319300873362],[-123.42432317052422,48.67319870882053],[-123.4243127711766,48.67320480884232],[-123.42430307061933,48.673211409109484],[-123.42429407139453,48.67321840922521],[-123.42428577037414,48.67322590877678],[-123.42427837093237,48.67323370877107],[-123.42427177057435,48.67324180887334],[-123.42426607120949,48.673250208608835],[-123.42426127039258,48.67325890875402],[-123.42425737076258,48.67326770929115],[-123.42425447110104,48.673276709332704],[-123.42425247072222,48.67328590896544],[-123.42425147050591,48.67329510886113],[-123.42425137098923,48.673304308718485],[-123.42427637140791,48.67382540879443],[-123.42429457195666,48.6742061092238],[-123.42432897161423,48.674620408976125],[-123.42433847101663,48.67473370919384]]],[[[-123.42874297223374,48.67578260900826],[-123.42882697167519,48.67575550863813],[-123.42888337177172,48.67575190880729],[-123.42889997279876,48.675745608471026],[-123.42894207284009,48.67574610854285],[-123.4290744727544,48.6757269087811],[-123.42916987287397,48.6756895083357],[-123.42925957269043,48.67564140806882],[-123.42932687212942,48.67556980870177],[-123.4293713721757,48.67554250868184],[-123.42943577309377,48.675530508560534],[-123.42946867262201,48.67551930832023],[-123.42949797277247,48.675489308721374],[-123.42951237222336,48.675466308830345],[-123.42954947226896,48.67543610900796],[-123.42955687197075,48.67482350853855],[-123.43050887191207,48.674828508355795],[-123.43051107305138,48.674628908580424],[-123.43052367185471,48.67351180839155],[-123.4305211725755,48.67258580843989],[-123.42901087160774,48.67258420821003],[-123.42903767154439,48.6726224081036],[-123.4290636712225,48.672660908856706],[-123.42908877131389,48.67269960854536],[-123.42911297168087,48.67273860879892],[-123.4291363719193,48.672777808285815],[-123.42915877182898,48.67281720881047],[-123.42918037160592,48.672856808569925],[-123.42920107165024,48.672896708897184],[-123.42922087209506,48.672936808164415],[-123.42923967170037,48.67297700804163],[-123.42925767233648,48.67301740877602],[-123.42927477214327,48.67305800884034],[-123.42929087224137,48.67309880874901],[-123.42930607158964,48.67313970836805],[-123.42932037249628,48.67318080855031],[-123.42933367196193,48.67322200853601],[-123.42934617135631,48.67326330814133],[-123.42935767161515,48.67330480840339],[-123.42936817164777,48.67334640808196],[-123.42937787227198,48.6733880085704],[-123.42938647189352,48.673429808189105],[-123.42939427210136,48.673471608618165],[-123.42940107207198,48.67351350846507],[-123.42940707192955,48.67355680864107],[-123.42941207154456,48.67360020823573],[-123.42941607208631,48.6736437088691],[-123.4294190719617,48.673687108869764],[-123.42942107158534,48.67373060828961],[-123.42942207162447,48.673774108317595],[-123.42942207199181,48.67381770857478],[-123.42942097280164,48.67386120871334],[-123.42941887162233,48.67390470822858],[-123.42941587161809,48.67394810863859],[-123.42941177187829,48.67399160817178],[-123.42940667211761,48.67403490826086],[-123.4294005726663,48.67407830857866],[-123.42939337191345,48.67412150873422],[-123.42938527165025,48.67416470859487],[-123.42937617249248,48.67420780824331],[-123.42936607199154,48.67425080845551],[-123.4293548719013,48.67429370854693],[-123.42934277187162,48.67433640828994],[-123.42932967221441,48.67437910863843],[-123.42931557192327,48.67442160872981],[-123.42930047221823,48.67446390817533],[-123.42928437173845,48.67450610899177],[-123.42926737194239,48.67454810825928],[-123.42924927189958,48.674590008600504],[-123.42923027198293,48.674631608968326],[-123.42921027255413,48.67467310830854],[-123.42918937252522,48.67471440849339],[-123.42916747192551,48.67475540879476],[-123.42914457239183,48.67479630887622],[-123.42912077247107,48.67483680854942],[-123.42909607185582,48.67487720868565],[-123.42907037188314,48.674917308546945],[-123.42904377201813,48.67495710842867],[-123.42901617156839,48.674996608421836],[-123.4289877724136,48.675035908773175],[-123.42895837216908,48.6750748088027],[-123.42892807193903,48.67511350847039],[-123.428896972583,48.675151808440724],[-123.42886487263242,48.67518980851751],[-123.42883197224441,48.67522750890457],[-123.42879817267173,48.67526480848474],[-123.4287634719675,48.675301808464745],[-123.4287279721301,48.67533840874221],[-123.42869157238124,48.675374709029114],[-123.42865437291064,48.67541060880139],[-123.42861627180285,48.67544610853757],[-123.42857737155744,48.67548120856675],[-123.4285376721734,48.675515908887796],[-123.42849717184089,48.67555020907787],[-123.42845597247386,48.675584108656395],[-123.42841387205114,48.67561760900269],[-123.42862407283133,48.675689008841495],[-123.42874297223374,48.67578260900826]]],[[[-123.4306774858315,48.72840081073298],[-123.43026718617338,48.72842701121649],[-123.43003058644285,48.728532610833454],[-123.4299239867475,48.728699911058854],[-123.4299266861895,48.72901711078121],[-123.43009098678536,48.72926681142213],[-123.43027858690454,48.729450710677554],[-123.43061588655279,48.729535110766314],[-123.43103918638953,48.72953351096987],[-123.43136088733404,48.72943381118304],[-123.4319656863254,48.72922421116177],[-123.43239838626513,48.729107810966006],[-123.4326123871904,48.72888481070462],[-123.43267508637499,48.728671111234036],[-123.4326280861503,48.72844761070954],[-123.43246828621281,48.72829101064652],[-123.43203198683739,48.72818291030038],[-123.43162628653955,48.728167710776106],[-123.4306774858315,48.72840081073298]]],[[[-123.43069848627734,48.729707810717244],[-123.43040688679811,48.729791810809346],[-123.4303064871959,48.72999491110319],[-123.43035638690128,48.73018621082923],[-123.43059358660851,48.73031541107146],[-123.4308881875694,48.73036621097667],[-123.43119038666701,48.73039581108267],[-123.43140028719161,48.73032541101652],[-123.43160338744688,48.73021671123914],[-123.43164178683158,48.73000331088429],[-123.43154028724466,48.729805511116865],[-123.4311370864419,48.729693011375986],[-123.43069848627734,48.729707810717244]]],[[[-123.40605528778158,48.750229214973366],[-123.40634928738349,48.75025241455636],[-123.40670298813849,48.750229915062235],[-123.40686728883425,48.75020761480009],[-123.40705488863226,48.75017381435761],[-123.40726278863107,48.75015931421224],[-123.40748848820306,48.75017611491664],[-123.40775408840085,48.75016341403897],[-123.4081761877561,48.75009201455778],[-123.40847448804526,48.74994241488509],[-123.40873228864626,48.74986051438141],[-123.40898008876717,48.74973631422531],[-123.40907888839838,48.749617113927],[-123.40921648858374,48.74946641386861],[-123.40944468848744,48.74925651405242],[-123.40952988879242,48.749130814319145],[-123.40962288842519,48.74897021403092],[-123.40983098753681,48.748668714248225],[-123.41019548802095,48.748594014730344],[-123.41035698861623,48.74853991449243],[-123.41060328850051,48.74841271459085],[-123.41078228819964,48.74824301371034],[-123.41090788861092,48.748147913621786],[-123.41101248788952,48.748147513789405],[-123.41109578779485,48.74815341386667],[-123.41134588858797,48.74819131439424],[-123.41165388871352,48.748190214418045],[-123.41198508879911,48.74814031362879],[-123.41214618822634,48.74807871417443],[-123.41232838897706,48.74798301397659],[-123.41234248891706,48.74797821409601],[-123.41266388895872,48.747966513817886],[-123.41294528897349,48.74779711342943],[-123.4130520888672,48.747625014059274],[-123.41312998873495,48.7474007133909],[-123.4130688884494,48.747242813639154],[-123.41283258805666,48.74698911386415],[-123.41263828804729,48.746849413789704],[-123.41239348804393,48.746756113862645],[-123.41222408777068,48.74672381369142],[-123.41192208845244,48.74651641426248],[-123.41177828819025,48.74644921414747],[-123.41161818835356,48.74639701422488],[-123.4114543874667,48.746385513926036],[-123.41116918776552,48.746343713964464],[-123.41097748773556,48.7463191143483],[-123.41078978840261,48.74628161407323],[-123.4106656876338,48.746271114384996],[-123.4104513879513,48.74613971358828],[-123.41024828801159,48.74611811417284],[-123.41000398760741,48.746111214499855],[-123.40979788696237,48.74605371420384],[-123.4093568879454,48.74606851387997],[-123.40902268710582,48.74616821460866],[-123.40888338712487,48.74623471424314],[-123.40853888822572,48.746445014368675],[-123.40826288702478,48.74667051448861],[-123.40807828731052,48.74688401472019],[-123.40799538746221,48.747097014097264],[-123.40795858802014,48.74727411459796],[-123.40802468762038,48.747486714526254],[-123.4080475870092,48.74759091428172],[-123.40797718727814,48.747703114102606],[-123.40780028783341,48.74789061431758],[-123.40772438738477,48.748106514276785],[-123.40766658800331,48.74822321451179],[-123.40753238815145,48.74831921454027],[-123.40750538781519,48.74832821446216],[-123.40718718719025,48.74839351463317],[-123.40698608827825,48.74846701425295],[-123.40687828740872,48.74852101495214],[-123.40658258727748,48.74846041481763],[-123.40635028833321,48.74849971476011],[-123.40603558751377,48.74859641488214],[-123.4058436872456,48.74861951479332],[-123.40551738733176,48.74866391491713],[-123.40539878811026,48.748707214731574],[-123.40536498777038,48.74870731503033],[-123.40515338763417,48.748729114370065],[-123.40489098760615,48.748643414499874],[-123.4047488873644,48.748615114361755],[-123.40470308795699,48.74859111495408],[-123.40432178734694,48.748466714977255],[-123.4037877869612,48.74835451545985],[-123.40341168735166,48.74834501476129],[-123.40317128692286,48.74835581541724],[-123.40294728719967,48.74837011477899],[-123.40264218721826,48.74829231452472],[-123.4022097862685,48.74830531510527],[-123.40208358764468,48.74831971530869],[-123.40158228661177,48.748428815570776],[-123.40132318723981,48.74845421483851],[-123.40102428737981,48.74848821536087],[-123.4006266865099,48.74862141511551],[-123.40048288759654,48.74876571547004],[-123.40045528712258,48.74887881524243],[-123.40043878665143,48.74906911525636],[-123.4004914864636,48.74920551527282],[-123.40069338702244,48.74943331504959],[-123.4010682872828,48.749656315172444],[-123.40124328681037,48.74971341544212],[-123.40155818710097,48.74977841498058],[-123.40179858736182,48.74983931560263],[-123.40204418712972,48.74989571504841],[-123.40237668702939,48.749958515111786],[-123.40266018822359,48.75001671534392],[-123.40290878762877,48.75003771489762],[-123.40324428728407,48.75004621549114],[-123.40352958808221,48.75004521537334],[-123.40382898822406,48.75005311494113],[-123.40417088686989,48.75005191478662],[-123.40478628815471,48.75003131523396],[-123.40503168859578,48.750014214861025],[-123.40509938727511,48.75001891454669],[-123.40537498763763,48.750059315406006],[-123.40563128853907,48.750102614626535],[-123.40576628838673,48.75015871448418],[-123.40605528778158,48.750229214973366]]],[[[-123.3143932842222,48.791093926806326],[-123.3148458839023,48.791304727547086],[-123.31514708373844,48.7914954272483],[-123.31535908470146,48.79143112719354],[-123.315494584944,48.79137082702571],[-123.31573518415622,48.79120292698592],[-123.31577508426078,48.79119672701716],[-123.31595498435507,48.79119622674358],[-123.3161440845151,48.79115402685586],[-123.31631018471123,48.79106792671305],[-123.3164912842281,48.79112362645798],[-123.31668108437154,48.791144027001316],[-123.3168760839907,48.79111772694131],[-123.31709158414132,48.79102192670363],[-123.31723598526538,48.790911926846654],[-123.31731568380593,48.790823326781066],[-123.31740018515353,48.790619026758236],[-123.3174335847934,48.79047182692555],[-123.31743218513486,48.79025622691071],[-123.31736458467917,48.790124026284346],[-123.31720508416781,48.79000652633295],[-123.31698628483295,48.78985462669499],[-123.31677028440822,48.78965872620427],[-123.31649728392402,48.78979292703646],[-123.31615458384755,48.79002962646269],[-123.31396718339015,48.78966312682659],[-123.31251738323405,48.789420227241706],[-123.31035108311168,48.789057227830575],[-123.31029798298876,48.78904832779433],[-123.31012578343343,48.78930192743116],[-123.31044908307541,48.789848527167855],[-123.3104140835376,48.79012832706494],[-123.31179118377202,48.790314227436305],[-123.31219788422106,48.79010402755163],[-123.31294988365305,48.79042162709456],[-123.3143932842222,48.791093926806326]]],[[[-123.38081289763691,48.801564319694684],[-123.38104959745479,48.801626019572225],[-123.38111019736631,48.80165241997526],[-123.38130469711108,48.8016838198922],[-123.38147719726854,48.80184272021456],[-123.38180199792906,48.80210821970336],[-123.38209169743234,48.802221720045345],[-123.38220309767678,48.80224581997085],[-123.38253619841612,48.80232711973749],[-123.38286889820095,48.80239051952779],[-123.3832836975842,48.80232052018666],[-123.38335079800198,48.802045919721074],[-123.3831895982456,48.80184711990736],[-123.38318009798402,48.80182561990057],[-123.38314889819685,48.8016389198359],[-123.38304019740751,48.80147941970015],[-123.38292169792709,48.80141301960006],[-123.38287319784189,48.801365519255796],[-123.38281179780451,48.80119101990884],[-123.38272029769593,48.801042019475794],[-123.38250009709067,48.80089811978219],[-123.38223349806454,48.80084622002876],[-123.3819704978983,48.80084712018519],[-123.38175779780343,48.80092832005614],[-123.38140429766517,48.800823020163456],[-123.38117749671329,48.80069942008564],[-123.38080659743274,48.80071951951818],[-123.3807427969503,48.80073781979918],[-123.38057429669615,48.80067181980722],[-123.38035009717439,48.80067251953704],[-123.37996319659042,48.8007698198936],[-123.37996519688144,48.80102762033675],[-123.38004159703509,48.80116672010455],[-123.38005969709128,48.801258719868926],[-123.38022139760535,48.80144362031736],[-123.38052919674313,48.80149331982253],[-123.38068749768094,48.8014823198898],[-123.38081289763691,48.801564319694684]]],[[[-123.38324939741088,48.79962701919505],[-123.38335659784464,48.79974371969346],[-123.38352699714417,48.799869119862116],[-123.38377769758254,48.79995831999647],[-123.38383959757282,48.799965620067084],[-123.38383049734955,48.80002861925708],[-123.38385899682672,48.80004831959163],[-123.3838936981014,48.80015991986625],[-123.38408389787934,48.80028431947398],[-123.38427399785691,48.80037131904472],[-123.38455339722474,48.800449319507926],[-123.38472309799485,48.800534619302965],[-123.38491069770225,48.80059581926836],[-123.38509069832283,48.8006348195909],[-123.3852050985764,48.80064281941854],[-123.3852057981371,48.8007399199118],[-123.38538699805545,48.80092581952409],[-123.38579459838762,48.80113521890235],[-123.3863690983163,48.80094301918027],[-123.3861975982399,48.80064551967939],[-123.38602679813691,48.80051351944222],[-123.38604389804776,48.80045531959203],[-123.3859895974471,48.80033201934628],[-123.38587619847817,48.80013181950621],[-123.38584629825145,48.8001006190949],[-123.38613399806471,48.80004531941446],[-123.38624489789093,48.799821719161706],[-123.38618849762541,48.79964051897841],[-123.3859754977185,48.799524419372055],[-123.38574619832454,48.7994604192747],[-123.38539809780572,48.79949451978106],[-123.38523989793808,48.79940581928202],[-123.3851603970618,48.79940611957816],[-123.38497789747662,48.79925691994621],[-123.38479559792323,48.799177519112135],[-123.38459949804982,48.79915231974773],[-123.38444639745917,48.79896461907975],[-123.38421119770526,48.79875601971005],[-123.38401619661485,48.79865681924971],[-123.38386719781094,48.79861531972406],[-123.38356239708018,48.79854931985447],[-123.38336339737234,48.798510519084644],[-123.38316819643828,48.79851881945554],[-123.3830309974236,48.79847061938578],[-123.38276819689894,48.79843671976544],[-123.38238309738821,48.798620419876556],[-123.38245909651638,48.79892841953858],[-123.38248259718166,48.79898372003063],[-123.38248359742052,48.799117519357644],[-123.38260229728148,48.79924671923632],[-123.38277699756824,48.7993447197597],[-123.38295139701447,48.79939632004333],[-123.38313459737763,48.79947041975211],[-123.38324939741088,48.79962701919505]]],[[[-123.37250030569544,48.84141712272365],[-123.37307580645648,48.841263022997694],[-123.37315690625269,48.84116302278588],[-123.37321640640899,48.84100272325045],[-123.37352540667865,48.84096082240322],[-123.3738689066915,48.84073192227001],[-123.3736057067431,48.840491222920384],[-123.37346670633535,48.840415522815015],[-123.37328560576108,48.8403479224734],[-123.37284770623384,48.840313222862584],[-123.3727797071311,48.84024322298334],[-123.37258770581995,48.840067622891674],[-123.37216790571243,48.83996142330721],[-123.37189460651423,48.83998352251948],[-123.37187240616946,48.83998162269884],[-123.3717457061817,48.83987342324443],[-123.37141420578972,48.83972902289654],[-123.37130570586599,48.839705523122724],[-123.37109630612517,48.83959612277156],[-123.37090120542871,48.839511123438854],[-123.37086760568977,48.839340322979474],[-123.3707490052777,48.83920492327228],[-123.37055730535597,48.83909752281424],[-123.37039410595729,48.83906212277994],[-123.37019110486159,48.838996023127294],[-123.36994100526962,48.83888362279472],[-123.3696315058621,48.83883362336315],[-123.36921150521779,48.83900882286327],[-123.36928510582104,48.83932242334995],[-123.36930960601953,48.839669323203616],[-123.36976290559176,48.83979152301771],[-123.36978460579971,48.83983392283864],[-123.37014100569986,48.839899923111254],[-123.37035580547948,48.83998052343366],[-123.37044420542203,48.84015272345802],[-123.37074300561098,48.840304523126655],[-123.37081220663134,48.84035692301952],[-123.37085190581273,48.84039592311172],[-123.37094110666933,48.84056012318554],[-123.37113050621146,48.84070862312228],[-123.37143570594539,48.840741223002084],[-123.37154870607911,48.84070882261446],[-123.37161330586379,48.84071112298382],[-123.3716697069287,48.840758023152524],[-123.37161850690954,48.84089632314492],[-123.37170750642852,48.84121072324231],[-123.3720012067311,48.841402722593386],[-123.37227110697658,48.841342422893845],[-123.37250030569544,48.84141712272365]]],[[[-123.40410361318467,48.849772619704645],[-123.40424891373436,48.849924319764305],[-123.40455941388012,48.85003141985058],[-123.40477081349857,48.85010791969899],[-123.40489981415509,48.85018161986451],[-123.40533351390746,48.85028721994941],[-123.40558881358639,48.85000291916359],[-123.40550751361826,48.849775919888806],[-123.40534721308737,48.84954641941718],[-123.4051084134507,48.849281119493924],[-123.40492431323271,48.84905961944607],[-123.40482041375002,48.84895791958149],[-123.40451871337295,48.84873411965941],[-123.40445911385086,48.84867571919324],[-123.40430931297922,48.84848951995743],[-123.40409381391657,48.848268519851494],[-123.40382521375527,48.84807371958912],[-123.40359611238834,48.84791521936622],[-123.40337341377065,48.847742619598286],[-123.40313041333569,48.84758391936952],[-123.40274921270787,48.84738481988328],[-123.40257461255993,48.84732361978384],[-123.4025527120897,48.84731171946474],[-123.40251481225422,48.84727701982963],[-123.40261301219917,48.84713841960003],[-123.40261121195402,48.84692371955532],[-123.40255941206883,48.84686031946002],[-123.40284141299222,48.84675561996954],[-123.40253991319561,48.846436019833156],[-123.40235221250886,48.846252319199465],[-123.40236141273763,48.846183919563764],[-123.40234081195179,48.846018419719506],[-123.40223221216554,48.84580721988341],[-123.40207931225639,48.84564092011989],[-123.401851812034,48.84544602000392],[-123.40160711201128,48.845220519370926],[-123.40127671266944,48.84499571985904],[-123.4011847124638,48.844913219843754],[-123.40093171235361,48.84465721959518],[-123.40075991172931,48.84440321958625],[-123.40063011158561,48.84432901976845],[-123.40036331170857,48.84404322014482],[-123.4001862113391,48.843960920001365],[-123.40015201189168,48.843938619590396],[-123.39998561144833,48.843779819624245],[-123.39977101218342,48.8435996199859],[-123.39949511090423,48.84342951992956],[-123.39939491198822,48.84337711980453],[-123.39910321089833,48.84326842046644],[-123.3988117115183,48.843127420244365],[-123.3986939114323,48.84298161952224],[-123.39842191036279,48.84276841978256],[-123.39839211110174,48.842729519950524],[-123.39818081104725,48.84250311979009],[-123.39794131091108,48.84230761962627],[-123.3978020112264,48.84220651975775],[-123.39756181004859,48.84205832018844],[-123.39741021106784,48.84193652010206],[-123.39733421074423,48.841858619895675],[-123.39727321068426,48.84177901998462],[-123.39712181074127,48.84164721988874],[-123.39702991054831,48.841476820175856],[-123.39694371082481,48.84138682043066],[-123.39670401081226,48.84111881978767],[-123.3963773096473,48.84100732014642],[-123.39608541050347,48.840807519840965],[-123.39594611048162,48.84073751995122],[-123.39582170962454,48.84058351988912],[-123.39559171017996,48.84042392043545],[-123.39545111018572,48.84028202009058],[-123.39537520966819,48.84021602019015],[-123.39512651016585,48.84008962017253],[-123.39508250991696,48.84005272027453],[-123.39498330992306,48.839907420197264],[-123.3949082097521,48.83981841996922],[-123.39495431012902,48.83978262041192],[-123.39535900929091,48.839503120261824],[-123.39545750951893,48.839412720236815],[-123.39557791003809,48.83934391972895],[-123.39559170988291,48.83934312034833],[-123.39566090922453,48.83936042004448],[-123.39600011019917,48.83952202019465],[-123.3960873101948,48.83957261989894],[-123.39626290951128,48.839722620426556],[-123.39648470930906,48.83985841982581],[-123.39661241063993,48.83996262003633],[-123.39672980961139,48.840013719745386],[-123.3971304104167,48.84021441988117],[-123.39740570960903,48.84034681992916],[-123.39772611057556,48.84047892018116],[-123.3978835105748,48.840501419763356],[-123.3981695103618,48.84057101967567],[-123.39844611058814,48.84066482008809],[-123.3988278108732,48.840904520128056],[-123.39929691088992,48.84112842003321],[-123.39945431107553,48.841299519807315],[-123.39963201010298,48.84139901951791],[-123.40003661035645,48.84151181975797],[-123.40032951064755,48.841218419595755],[-123.40021781099425,48.84093001950864],[-123.40015351041588,48.84081861977704],[-123.40002781073846,48.84070371970909],[-123.39984071021566,48.84061211946776],[-123.39982501053242,48.840601819639204],[-123.39973621007366,48.84049431945426],[-123.39962331023865,48.840405820077855],[-123.39943091039184,48.84030531929048],[-123.39949070996212,48.840265419617225],[-123.3995883107845,48.84021042010228],[-123.3997548103186,48.84018881942565],[-123.39983071038368,48.840188620137965],[-123.39998021048207,48.84036422015165],[-123.40025661077851,48.84023042005846],[-123.40025831037637,48.83666981955638],[-123.40032161021415,48.836444719346964],[-123.4002436099899,48.83644501896914],[-123.40015010997833,48.83641741977646],[-123.40000140935442,48.83638111913484],[-123.39986050991067,48.83636471951188],[-123.39972690932345,48.83632671916526],[-123.399715409698,48.83630441899146],[-123.39972070939781,48.836284320030195],[-123.39978600932406,48.83617491933561],[-123.39978450970871,48.83598341891272],[-123.39965960983857,48.83583681956519],[-123.39948880915004,48.83569351990148],[-123.39942690974283,48.83556721937463],[-123.39942660909627,48.83552851957501],[-123.3995262096922,48.835361519656985],[-123.3995470090313,48.83524691905951],[-123.39954610991002,48.8351393194444],[-123.39950290891117,48.835062119934],[-123.39911520906217,48.83506111940927],[-123.39502310811613,48.83505122033737],[-123.3895130077566,48.83503752057126],[-123.38947110889751,48.842339520913285],[-123.38514390919205,48.84234262146338],[-123.3849569087027,48.842534221989816],[-123.38525080869748,48.84271022192811],[-123.38547010907907,48.84278172165775],[-123.38576260945264,48.84295542176165],[-123.38599780936359,48.843045721120475],[-123.3860451091612,48.84307272135408],[-123.38621330972971,48.84324832160776],[-123.38654470928998,48.84333912113664],[-123.38672151008156,48.84341382146302],[-123.38679160919901,48.843459621483376],[-123.3868680096248,48.84353942124983],[-123.38712121016277,48.8436793213528],[-123.38740110984607,48.843765121398945],[-123.387640609817,48.84383012124016],[-123.38766550970018,48.84385442155277],[-123.3878809096382,48.84397172117904],[-123.38812940986917,48.84397082101094],[-123.38836540961093,48.84403362168557],[-123.38853730964429,48.844153920867036],[-123.38880491011062,48.84426202061807],[-123.38887351014695,48.84432472150475],[-123.38919981061265,48.844456521150065],[-123.3893691099367,48.84454702106801],[-123.38978731022877,48.84466672142084],[-123.39007221030053,48.844703420548925],[-123.39017991073848,48.84472832121945],[-123.39044880967704,48.84488002110947],[-123.39085351037225,48.84506462138996],[-123.39107831097637,48.84519512073949],[-123.39121891085418,48.84528702048423],[-123.39150980985288,48.845486520674704],[-123.39169031044997,48.845574921280765],[-123.39200171113124,48.845742920494565],[-123.39298741108233,48.846254320635836],[-123.39307331139217,48.84631042036136],[-123.39311491111182,48.846351220234155],[-123.39317581088424,48.84645662116256],[-123.39360951207908,48.8466832208267],[-123.39370881086305,48.846722020456625],[-123.39405071142221,48.84683342070994],[-123.39438821204556,48.8468940206753],[-123.3946640116374,48.8468765206345],[-123.39484001207244,48.846817720749414],[-123.39494151231011,48.84682852068651],[-123.39516231178274,48.84688432090667],[-123.39539191174956,48.846933920251196],[-123.39572261162948,48.84711562060361],[-123.39589991139268,48.84718502056926],[-123.39608271136997,48.847237820389566],[-123.39642231237238,48.847272520321745],[-123.39650241253061,48.84729622028099],[-123.39678911236952,48.847426320244686],[-123.39706701264521,48.847557420509126],[-123.39732851234211,48.847623519950915],[-123.39732931184697,48.84772602016253],[-123.39746161236427,48.84789832003085],[-123.39771651281185,48.84800922004707],[-123.39801461196866,48.84804752035658],[-123.39811601209674,48.84802202056961],[-123.39823541223711,48.848077620718364],[-123.39848511227564,48.84802961989006],[-123.39869351307546,48.848154820024625],[-123.39893421204314,48.848277020444804],[-123.39921781316846,48.84846221995051],[-123.39932121280366,48.8485185198846],[-123.39966131224276,48.84867832023195],[-123.40015131345744,48.84894151980731],[-123.4004701135844,48.84904532012773],[-123.40100901320973,48.8491167194774],[-123.4010323130037,48.849123820058246],[-123.40106351332645,48.84919932016111],[-123.40122411278897,48.84933912004299],[-123.40172751280079,48.849544319883265],[-123.40185471382601,48.84945941957529],[-123.40198031258669,48.84954151963058],[-123.40237101306003,48.84950321962382],[-123.40245761312431,48.84943582034391],[-123.40246471296803,48.84943751965984],[-123.4026218132739,48.84951731961874],[-123.40270631366393,48.84960391935378],[-123.4029319130058,48.8497512195935],[-123.40309651382684,48.84984671923749],[-123.40334571297821,48.8499279197682],[-123.40364891422922,48.849926819819764],[-123.40387671441928,48.849774919776195],[-123.40389321397831,48.84975501986278],[-123.40401311359979,48.84975461953518],[-123.40408421361994,48.84972491991191],[-123.40410361318467,48.849772619704645]]],[[[-123.35799380197285,48.832548624157795],[-123.35835920273841,48.83261772410338],[-123.35894090150738,48.83269462419612],[-123.35912200160544,48.83269402422983],[-123.35960710195266,48.83256582424361],[-123.35980300225147,48.83253442425558],[-123.36002120189858,48.83255772432024],[-123.36031260204808,48.83229872368014],[-123.36035360181634,48.832159724068944],[-123.3605086024405,48.83221292345259],[-123.36075490251808,48.83221212397197],[-123.36097990233269,48.83213702401522],[-123.36117670226808,48.83196202365869],[-123.36117630198252,48.83189602403097],[-123.36138380201704,48.83189532386453],[-123.36141240202346,48.831897924147846],[-123.36151920224457,48.831926923841024],[-123.36175810209598,48.832012723453374],[-123.36187360227473,48.832067023617256],[-123.36207210257277,48.83188442374854],[-123.36200380143465,48.82776622373423],[-123.35562820003493,48.8277650238798],[-123.35532950043276,48.82787282384278],[-123.35539210067321,48.827927223825384],[-123.3555826996261,48.82810632403611],[-123.35583280053339,48.82842322368617],[-123.35595920076904,48.82853892417863],[-123.35582460027872,48.82853932470406],[-123.35577290087386,48.82864342367629],[-123.3555827008391,48.82854672449613],[-123.35531260024895,48.82834472472266],[-123.3550301006573,48.82814842396613],[-123.35501670010636,48.82814552390656],[-123.35500750016162,48.82813042458473],[-123.35467469968147,48.827991224149265],[-123.354233200424,48.82780062434872],[-123.35412600023375,48.82776562399299],[-123.35386159997864,48.8276880241171],[-123.35357259966587,48.82758232395045],[-123.35325080004483,48.82737182405855],[-123.35308139935373,48.82728322425181],[-123.35293079954579,48.82722422415018],[-123.35255209958834,48.82719532459829],[-123.35243459981803,48.82716992485629],[-123.35210739927541,48.82707852420051],[-123.35190279902686,48.827070124368284],[-123.35188559952826,48.82706312417808],[-123.35185670003357,48.82698812472919],[-123.35164059863594,48.826846824449476],[-123.35149209862708,48.826822724591345],[-123.3514749991249,48.82681572471121],[-123.351303998874,48.826681524915045],[-123.35083369886097,48.82676072490597],[-123.35078969944418,48.826909524393784],[-123.35068189954632,48.827035424644635],[-123.35079089882083,48.82721292462535],[-123.35098769922952,48.82737022500799],[-123.35109839915935,48.82741162495488],[-123.35111529957396,48.827422624693476],[-123.351156599247,48.82748542516731],[-123.35120779967093,48.827518924244444],[-123.35121830009265,48.82755962490985],[-123.35135549974447,48.82767172416943],[-123.3515854988822,48.82801592438257],[-123.35170069938314,48.828121324809665],[-123.35182870022925,48.82819112488186],[-123.35206910023638,48.828299224338274],[-123.35226479958447,48.82837672471816],[-123.35227789954763,48.82838812471653],[-123.35238200015804,48.82857652435548],[-123.35254960005234,48.82892112449754],[-123.35264770023412,48.82908552435322],[-123.35273700022512,48.82925242482897],[-123.35273719974799,48.829282124841946],[-123.3527096994776,48.82937512459013],[-123.35265619986983,48.829464524442855],[-123.35251570062717,48.82959232464362],[-123.35239990030773,48.829747024566316],[-123.3524527004909,48.82995052436952],[-123.35265650035201,48.83007052450635],[-123.35274670074648,48.830145524483044],[-123.35280920045112,48.83029162492573],[-123.35300229999267,48.830509424566884],[-123.35350660056794,48.83085812434611],[-123.35399040067205,48.83121082407243],[-123.35434700087943,48.83143442456988],[-123.35472540102681,48.83160962442245],[-123.35496700197088,48.83167702461861],[-123.3553266018053,48.83174812435647],[-123.35545780150287,48.83175852444827],[-123.35575580168994,48.83179032444917],[-123.35584940163174,48.8318090241391],[-123.35621780162006,48.83198802385668],[-123.3566012020698,48.83210802405027],[-123.357182202138,48.83224892430708],[-123.35728350213417,48.83228502393732],[-123.35749770193533,48.8323970244307],[-123.35799380197285,48.832548624157795]]],[[[-123.35198139791821,48.819755023889705],[-123.35171619811115,48.81985032431843],[-123.35150029800282,48.81999422390496],[-123.35150169692713,48.82019652411977],[-123.35158709796724,48.82032642394322],[-123.3517169979303,48.820439724177824],[-123.35203809798568,48.82061822445152],[-123.35237639790661,48.82075782393231],[-123.35251619737653,48.82077282406823],[-123.35282599824524,48.820817924248686],[-123.3532069975356,48.82085862405553],[-123.35330519857177,48.820993323738],[-123.3536632990116,48.821086624219554],[-123.35391089803404,48.821058523790924],[-123.35394819794983,48.82104192378662],[-123.35415649859713,48.82102162377091],[-123.35431269809877,48.82077782421047],[-123.35424919836437,48.820573223793275],[-123.35411659787759,48.820515424303665],[-123.35407229842659,48.820464824068885],[-123.35379199760155,48.82030762441789],[-123.35352309833563,48.82024312367393],[-123.35329439764087,48.81999762377345],[-123.35309999786325,48.81990682446758],[-123.35288999742689,48.819861324083085],[-123.35269039804012,48.81977432428763],[-123.3525045974501,48.819728923759634],[-123.35228719715377,48.81971362405447],[-123.35198139791821,48.819755023889705]]],[[[-123.3551698971179,48.81622372401982],[-123.35543339793689,48.816434423824916],[-123.3556379965687,48.816442223569275],[-123.3556436974587,48.81644742374933],[-123.35591619726705,48.816578123192386],[-123.35602219675019,48.81661272362917],[-123.35616619801928,48.81671552379494],[-123.35636739727919,48.81679062367481],[-123.35661959796438,48.816810623418995],[-123.35664419687602,48.8168159235239],[-123.35675749802485,48.816860323692],[-123.35686929786063,48.81698822372488],[-123.35709269833316,48.817071623662564],[-123.35730379743491,48.81722692348141],[-123.35746279753006,48.817296223065526],[-123.35770409779373,48.817345723262754],[-123.3579115976225,48.81745882350765],[-123.35824409845958,48.817457823656476],[-123.35856979756691,48.81724062360362],[-123.35848229782854,48.816986123798905],[-123.35847569733647,48.81698102333134],[-123.35853599810748,48.81691042357478],[-123.35861329800986,48.816525323422525],[-123.358324698021,48.816121923372044],[-123.35808679781802,48.81604432297035],[-123.3577866970761,48.816017023266426],[-123.35742409739896,48.816056323402556],[-123.35712049770385,48.81609742326658],[-123.35703819774392,48.816003323769145],[-123.35675919662992,48.815845123543774],[-123.35640879763783,48.81572472368715],[-123.35623899696081,48.81571202331746],[-123.35615519684822,48.81560252348462],[-123.35591049766036,48.81551122372197],[-123.35583429641291,48.81550512356819],[-123.35580419725007,48.8154855231279],[-123.35560179678848,48.815428923587554],[-123.35533969684923,48.81541052348263],[-123.35490119688504,48.81519662386029],[-123.35466539688764,48.81509062397084],[-123.35456609695198,48.814977123822835],[-123.35425349650151,48.8149486242347],[-123.35404779643841,48.81497192414807],[-123.35378869674142,48.81508712381291],[-123.35373639674252,48.81526402402597],[-123.3537637959343,48.8153694235358],[-123.35362059685093,48.81565762359969],[-123.35387869654942,48.815860323957786],[-123.35393099651262,48.81587002367457],[-123.35398519659368,48.81594072370737],[-123.3542300963179,48.81596302372592],[-123.35464459688492,48.81604722338659],[-123.35490169692798,48.81606662387094],[-123.3551162972151,48.816098623595636],[-123.3551698971179,48.81622372401982]]],[[[-123.31237048282759,48.788283527173085],[-123.31395808254703,48.78694232724137],[-123.31386478224867,48.78689412681138],[-123.31404338357923,48.78674322712505],[-123.31419698351064,48.786679826916156],[-123.31427458331451,48.78667482727088],[-123.31451588214274,48.78647102685733],[-123.31436768345499,48.786414527039845],[-123.31423218265905,48.78638772675084],[-123.31397618303887,48.78631292679639],[-123.31365228230898,48.786175527324296],[-123.31346708321507,48.78606092697027],[-123.31322608289474,48.7858056265148],[-123.31315608254506,48.78568552677375],[-123.31282038230017,48.78562562659083],[-123.31270848252488,48.78551482731669],[-123.31256158182201,48.78540392739147],[-123.31235168250988,48.78522852693523],[-123.31214808156818,48.78512612684205],[-123.30980588273395,48.78559022753675],[-123.30940478248273,48.78617472711479],[-123.30891938253967,48.78726282758613],[-123.30982978211962,48.78761762785569],[-123.3107073830738,48.78808192694223],[-123.31078218247501,48.78807002705943],[-123.31084998294276,48.78796802705175],[-123.31237048282759,48.788283527173085]]],[[[-123.31336338506996,48.795684327934474],[-123.31357058455242,48.79575082746227],[-123.31382198523981,48.79577562748293],[-123.3143905854871,48.79582012702249],[-123.31443458582453,48.7952911271455],[-123.31409688559245,48.795229027492304],[-123.31413408491396,48.794996627301074],[-123.31374268491184,48.794914227681815],[-123.31347578468562,48.79484462772623],[-123.31309568470738,48.79480962758957],[-123.31306588465054,48.7948117270195],[-123.31294838484838,48.794758227591096],[-123.31261608535357,48.79469892739905],[-123.31198248417468,48.794557527413595],[-123.31162958438493,48.79451942720368],[-123.31135838448195,48.79449782714579],[-123.31075418474424,48.794422827445295],[-123.31039218393212,48.794429027542684],[-123.31016558430677,48.79441762781322],[-123.3100278845193,48.79441852740397],[-123.31000218413459,48.7944102280591],[-123.30997608446,48.794328928109096],[-123.30996728350893,48.79420362775058],[-123.3099983840308,48.794114527833656],[-123.31005908366731,48.79403422762545],[-123.31011008429174,48.79391312731278],[-123.31016548396707,48.79382362740272],[-123.31024798489476,48.79377522779005],[-123.3102535835945,48.7937466276212],[-123.31040818439337,48.7937274280977],[-123.31128078391842,48.79381382745725],[-123.31173448508481,48.79373452771906],[-123.31181478432637,48.79371112747664],[-123.31218308391946,48.79355922737834],[-123.31222888473557,48.793551727364225],[-123.31213738456162,48.7933350276458],[-123.31209638441838,48.79323792734427],[-123.3106429836472,48.792680127206744],[-123.31038638389293,48.79248542722546],[-123.31035118329433,48.792531327875025],[-123.30954418357337,48.79271182735149],[-123.30950608444618,48.7927198276981],[-123.3094676832124,48.79272712783937],[-123.3094290835178,48.79273382751116],[-123.30939018374934,48.792739927877335],[-123.30935108371023,48.79274542734916],[-123.30931178312949,48.79275022745898],[-123.30927228345242,48.79275442829582],[-123.30923268426658,48.79275792779511],[-123.30919298355079,48.79276092768277],[-123.30915318305738,48.79276312776509],[-123.3091132834923,48.792764827461816],[-123.30907338352905,48.792765827439034],[-123.30903338400975,48.792766128086775],[-123.30899348411356,48.79276582790316],[-123.30895358345477,48.7927649276653],[-123.30891368363291,48.79276332732097],[-123.30887378363767,48.79276112773337],[-123.30883408338815,48.79275822807047],[-123.30879448335605,48.79275472838775],[-123.30875508371543,48.792750527432354],[-123.30757958272729,48.79261732807592],[-123.30752878375145,48.79261182822994],[-123.30747778321252,48.792607027988616],[-123.30742668389334,48.79260292781148],[-123.30737548312482,48.79259942799578],[-123.30732428310468,48.79259652819027],[-123.30727288332476,48.79259432841267],[-123.3072214837031,48.79259272783407],[-123.30716998283424,48.79259182809249],[-123.30711858309141,48.79259152758576],[-123.30706708369853,48.792591827863916],[-123.30701568259755,48.79259282781584],[-123.30696428404177,48.792594428201944],[-123.30691288280065,48.792596728225845],[-123.30686158288442,48.79259972796122],[-123.306810383228,48.79260322765364],[-123.30675938340934,48.79260742786791],[-123.30670838270859,48.792612328144706],[-123.30665758285816,48.79261782808081],[-123.30660698262855,48.792623928063385],[-123.30655658324501,48.792630627706025],[-123.30650628271516,48.79263802783537],[-123.30645628277212,48.792646028048964],[-123.30640648329263,48.792654727588896],[-123.30638318301816,48.79265922784754],[-123.30636008380603,48.79266442826388],[-123.3063373829143,48.79267012830858],[-123.30631498347012,48.7926765277373],[-123.30629298351565,48.79268342841702],[-123.3062714833265,48.79269102770663],[-123.30625038300224,48.7926990285827],[-123.30622978244199,48.792707728069416],[-123.30620978310554,48.79271682840618],[-123.30619038365394,48.79272652811292],[-123.30599648309665,48.79298222805242],[-123.30609338299102,48.79332612857663],[-123.306499783314,48.79389632806044],[-123.30649458306902,48.79415532825607],[-123.3062864834488,48.79415352846788],[-123.30628318351212,48.79431382787153],[-123.306277883219,48.79457222841928],[-123.30633368399454,48.794593828205755],[-123.30657318319155,48.79463592821837],[-123.3068225837951,48.794649827702635],[-123.30718348394576,48.79472922761706],[-123.30748448370218,48.79473082798302],[-123.3077388841433,48.79472722804882],[-123.30796598476456,48.79470952820093],[-123.30806438327782,48.794715927785006],[-123.30816008421853,48.7947460277809],[-123.30820478342724,48.79477622814387],[-123.30854438450017,48.794970028323604],[-123.30895308414905,48.794994428224044],[-123.30944148478854,48.79500932789143],[-123.30945828460128,48.795006227655634],[-123.30945588449872,48.79502142771452],[-123.30973078436764,48.79518472825753],[-123.31003388449803,48.795286927398095],[-123.31032908385498,48.7953704276604],[-123.31064788505367,48.79539092786663],[-123.31088618454736,48.79548612738184],[-123.31120678440422,48.795511828248536],[-123.31150588553353,48.79551522777698],[-123.31171158455015,48.79554462816039],[-123.3120977841408,48.79563362756557],[-123.31244668517127,48.79563772718432],[-123.31260388537457,48.7956427271172],[-123.31293258497816,48.79569972796709],[-123.31322748490349,48.795606527519546],[-123.31336338506996,48.795684327934474]]],[[[-123.28958000142596,48.87379463372923],[-123.28972650150403,48.87387083354427],[-123.28980400172185,48.87392113351283],[-123.28985280172485,48.87392823400172],[-123.2898649019284,48.87394313398762],[-123.28987620196577,48.87397423380228],[-123.28991000205096,48.8739839334094],[-123.29000560171949,48.87399533420696],[-123.29011170222543,48.87402473340884],[-123.29019580217859,48.874035133698484],[-123.29021710205222,48.87402623371677],[-123.29022020120672,48.87401673361038],[-123.29018340190778,48.87398303403497],[-123.2901792015358,48.873962633551656],[-123.29015780182544,48.873930134005924],[-123.290099501684,48.873890834274476],[-123.29008160191837,48.87385983401632],[-123.29007830238125,48.873845033617556],[-123.29007100115702,48.87374953366097],[-123.29007650147469,48.873747233872884],[-123.29013630211107,48.87374783389574],[-123.29014790192511,48.87373933415553],[-123.29014210166596,48.87373203363244],[-123.29009100173589,48.87370813405352],[-123.29005330171618,48.87368643354064],[-123.29004450204293,48.87367863333573],[-123.29003570152139,48.873659833498465],[-123.29004280165866,48.87363513348451],[-123.29005710238258,48.873616333922314],[-123.29007850137985,48.87359753391705],[-123.29013190160443,48.87357523407647],[-123.29018360176713,48.87356233392918],[-123.29022340112861,48.87355763386561],[-123.29024950184517,48.87355883367788],[-123.29030470192897,48.873574133992165],[-123.2904008020788,48.87360833344082],[-123.29045600168621,48.873634133975685],[-123.29053790209312,48.87366453391465],[-123.2905696016708,48.873670833393795],[-123.29063740199597,48.87367413415512],[-123.29066560222813,48.87367853392339],[-123.29069870189807,48.87368623413309],[-123.29074170169842,48.87370153389451],[-123.29076320157374,48.873712434085256],[-123.2908493018904,48.873736534151874],[-123.29088890124378,48.8737431336612],[-123.29097680199409,48.873764933161134],[-123.29111750219361,48.873794533464476],[-123.29114230133186,48.87380323337442],[-123.2912217020299,48.87385023394122],[-123.29128680199422,48.873877733510085],[-123.29131280117262,48.87388413348616],[-123.29134920157972,48.873887433442924],[-123.2914043023211,48.87388513354369],[-123.29147140282822,48.87387033378034],[-123.29148110191669,48.873863333481935],[-123.29148070159253,48.87385723350164],[-123.29140720187146,48.87381863396829],[-123.29135090185595,48.873774933281716],[-123.29132850269366,48.87375293356675],[-123.29132810215934,48.87374443313468],[-123.291337901806,48.87373583407269],[-123.29135150149573,48.87373343396856],[-123.29143210199169,48.87375533399019],[-123.2915761015735,48.87378273341266],[-123.29160590238395,48.87378713351771],[-123.29166550218301,48.873790433263856],[-123.29169400186866,48.87378873381865],[-123.29170280132072,48.873783333600684],[-123.29170190199956,48.87377603342322],[-123.29168710230202,48.8737642334396],[-123.29165380273875,48.87374343373348],[-123.29162750253533,48.873721533514455],[-123.29155460183921,48.87368283341962],[-123.29155590247996,48.873671233285634],[-123.2915696022337,48.87364823338338],[-123.29156040184942,48.873633633428454],[-123.2915291023762,48.87360653361713],[-123.2915236026925,48.873596833659],[-123.29152590189375,48.87357633401668],[-123.29154440152901,48.873562633812384],[-123.29157200152382,48.873551233779914],[-123.29158810207996,48.87354903400202],[-123.29165480147857,48.873547733732025],[-123.29171720128248,48.873558733548386],[-123.2917648015242,48.87357053340744],[-123.2917829020632,48.87357143350497],[-123.29182300151865,48.873567933724516],[-123.29184780242042,48.87355373372504],[-123.2918504022016,48.87353853400122],[-123.29183320182152,48.87352313387515],[-123.29184230253868,48.87348953343739],[-123.2918376023152,48.87346883298223],[-123.29180460153708,48.873397133989435],[-123.29176220199525,48.87332863314961],[-123.29175280218428,48.87330783324822],[-123.29175450208827,48.873296633277455],[-123.2917662010671,48.87328183337398],[-123.29178760180748,48.873264133367925],[-123.29180400192138,48.873219633394605],[-123.29182050121138,48.8732124334251],[-123.29183780174863,48.87320933354182],[-123.29187620218292,48.87320993329696],[-123.29194500224114,48.87322303348983],[-123.29197030180265,48.87322253319559],[-123.29200780227801,48.87320523314219],[-123.29203030188123,48.873187633588394],[-123.29203580259167,48.87317953379716],[-123.29203030205079,48.87316683321669],[-123.29202350174226,48.873163233422105],[-123.29201520171917,48.8731632335366],[-123.29199870216675,48.873153233627946],[-123.29198910250743,48.87314053353422],[-123.29197820217117,48.87313323364458],[-123.29191370225476,48.873055333142155],[-123.291884902458,48.87301093363115],[-123.29186980234164,48.872975533582284],[-123.29186980195558,48.87296373317296],[-123.29187670181354,48.87295653362631],[-123.29188770150354,48.87295293366692],[-123.29191790185978,48.87295653379947],[-123.29197250205274,48.87295703305093],[-123.29200380132156,48.87294493358696],[-123.29201100127604,48.87292823368124],[-123.29201010260805,48.87291583355226],[-123.29200060214146,48.87290013324578],[-123.29200150248992,48.87287453355604],[-123.29201020213918,48.87286773387579],[-123.29202130190193,48.872864533545815],[-123.2920522020209,48.872871433246395],[-123.29206480202363,48.87287873334963],[-123.29208140128378,48.87287453363529],[-123.29209120186304,48.8728656334301],[-123.29209660240096,48.872849733274734],[-123.29046970131957,48.8724011335949],[-123.29008490212225,48.872997633591574],[-123.2900122012332,48.873096233443604],[-123.28958000142596,48.87379463372923]]],[[[-123.30812688466824,48.79528962772214],[-123.30786028437602,48.79532422794291],[-123.30776478443083,48.79536742830656],[-123.30763208403462,48.79546722849362],[-123.3075272842982,48.79566402779843],[-123.30759368450894,48.79589432840482],[-123.3078715842546,48.79604272825469],[-123.30810418473068,48.796062427935915],[-123.3084320848489,48.79599822800414],[-123.30857158407481,48.79588262776615],[-123.30862588405712,48.795803428438994],[-123.30865218349032,48.795631627752584],[-123.30861748449301,48.795561728194414],[-123.30857568469195,48.79542852801507],[-123.30848968397562,48.7953474280508],[-123.30829098445481,48.795289227542206],[-123.30812688466824,48.79528962772214]]],[[[-123.26030957407843,48.788882132968666],[-123.26042937499969,48.789135233260275],[-123.26074777493547,48.78924713337857],[-123.26142667525583,48.78962563331493],[-123.2618433759914,48.78996173309174],[-123.26225337573983,48.790303132888894],[-123.26412227619734,48.79163293283322],[-123.2662078767978,48.79295273265104],[-123.26620597677706,48.793907333225086],[-123.26922297797832,48.7938964319351],[-123.26928697611953,48.786796831835005],[-123.26061757506086,48.7867360330688],[-123.26058647458231,48.78801723294527],[-123.25992897499388,48.78807823302505],[-123.25781527470586,48.788249633732214],[-123.25728987430492,48.78828313346165],[-123.25734087416318,48.788380233188235],[-123.25997027455514,48.788165433105114],[-123.26030957407843,48.788882132968666]]],[[[-123.29864738266618,48.79291542927376],[-123.30023338224228,48.7933466290343],[-123.30128148276484,48.79340822893873],[-123.30150818295797,48.793460928844546],[-123.30205778264937,48.79242752821279],[-123.30315908308381,48.79268322806142],[-123.30335888307452,48.79211192873565],[-123.30482578277635,48.7923358280936],[-123.30467038309347,48.79304052875549],[-123.30576748288728,48.793293228628706],[-123.30575498379378,48.793275028028056],[-123.30574358258326,48.79325652826877],[-123.30573298305565,48.79323772811597],[-123.30572348369361,48.793218828173615],[-123.3057148827183,48.79319962822526],[-123.30570728376497,48.79318022801157],[-123.30570078374583,48.79316072839606],[-123.30569518316703,48.79314112853037],[-123.30569068376691,48.79312132801335],[-123.30568718355063,48.79310142767089],[-123.30568478369776,48.793081528016955],[-123.3056832832797,48.793061528113434],[-123.30568288263679,48.79304152808761],[-123.30568358358025,48.79302152836365],[-123.30568518319855,48.79300162772096],[-123.3056878831729,48.79298172776689],[-123.30569168350158,48.79296182850134],[-123.30569638393602,48.79294212840623],[-123.30570218290906,48.792922428575125],[-123.30570898316596,48.79290302842794],[-123.3057167834405,48.79288362773323],[-123.30572558312666,48.79286452830646],[-123.30573538265782,48.7928456284732],[-123.30574608287264,48.79282692861985],[-123.30575788352522,48.79280852806205],[-123.30577048265903,48.79279032783277],[-123.30578408365399,48.79277242809595],[-123.3057985833458,48.79275492805471],[-123.30581398333895,48.79273772765663],[-123.3058302829905,48.79272082809889],[-123.30584748277225,48.79270442832476],[-123.30586548310811,48.79268832776809],[-123.30588428356347,48.79267262810229],[-123.30590388317519,48.79265742818113],[-123.30592428354801,48.79264262795202],[-123.30594548328493,48.792628427942546],[-123.30596738318737,48.79261452792153],[-123.30598998329457,48.79260122850599],[-123.30601318306809,48.79258842798424],[-123.30603708304692,48.79257622806687],[-123.30606168302306,48.792564528277055],[-123.30608678350715,48.79255332776651],[-123.30611248322562,48.79254272782154],[-123.30613868387033,48.79253282810714],[-123.30616538379758,48.792523428057294],[-123.30619258321663,48.79251462814774],[-123.3062201823837,48.79250642795418],[-123.30624828248067,48.79249892798932],[-123.30627668316843,48.792492028126965],[-123.30630538284422,48.79248582841869],[-123.30633448349973,48.79248022803812],[-123.30638488355719,48.792471427824076],[-123.30643548322443,48.7924632276571],[-123.30648628308894,48.792455628347824],[-123.30653738295383,48.79244862831053],[-123.30658858306587,48.79244212823054],[-123.30663998242012,48.79243632786136],[-123.30669148261093,48.792431028260005],[-123.3067430835314,48.792426427558766],[-123.30679488322421,48.792422327623974],[-123.30684678300922,48.79241892778658],[-123.30689868389453,48.79241602829315],[-123.30695068306395,48.79241382847267],[-123.30700278372431,48.79241212822117],[-123.30705488330356,48.792411027554266],[-123.3071069826003,48.792410627759075],[-123.30715918339432,48.792410727532555],[-123.30721128293861,48.79241152814171],[-123.30726338301253,48.79241282828357],[-123.30731538371087,48.79241482767678],[-123.3073673830736,48.792417328187334],[-123.30741928343916,48.79242042828434],[-123.30747108320874,48.79242422801996],[-123.30752278313189,48.79242852806404],[-123.30757438246363,48.79243352774707],[-123.30762588376594,48.79243902816313],[-123.30880128379454,48.792572227292496],[-123.30883788372172,48.792576027321495],[-123.30887448347906,48.79257922811026],[-123.3089112836234,48.792581727628914],[-123.3089481831242,48.79258352785182],[-123.30898508309201,48.79258472763642],[-123.30902208364023,48.79258522773831],[-123.30905908379462,48.79258502812336],[-123.30909598343862,48.79258422803609],[-123.30913288391275,48.79258272784531],[-123.30916978361807,48.79258062760298],[-123.30920648401826,48.79257782761368],[-123.30924308304348,48.79257432787407],[-123.3092795833629,48.79257022808682],[-123.30931578425789,48.79256552779784],[-123.30935188377293,48.79256012775913],[-123.30938768422953,48.79255402755406],[-123.30942328377438,48.792547327655505],[-123.30945848350193,48.79254002803389],[-123.31030328363742,48.79235112806303],[-123.31121908427599,48.79114472757717],[-123.31115678344726,48.79099182757243],[-123.31019298304737,48.790563827612615],[-123.31028058315925,48.78986482779932],[-123.309945882384,48.78929892749617],[-123.31066858238924,48.788235027601694],[-123.31065318286718,48.78819282707763],[-123.30973468270285,48.787706827122115],[-123.30872298298259,48.787312527783],[-123.3092482813945,48.7861352272938],[-123.30993228139387,48.785138327692884],[-123.30870978125503,48.783306627768084],[-123.3111491813031,48.78282322709446],[-123.31149938162744,48.782753827413885],[-123.31121808090326,48.782517627264006],[-123.31104488169123,48.782452327216006],[-123.31067078108114,48.78227202698697],[-123.31053508153643,48.78219302693387],[-123.31051198091188,48.78211112695956],[-123.31042298181767,48.78191092729049],[-123.31029788046516,48.78151212746982],[-123.31011628068457,48.7812577269022],[-123.30982388101057,48.78103212695979],[-123.30952648113677,48.780867427142475],[-123.30921528053298,48.78060252723646],[-123.30879038027352,48.78039012759841],[-123.30876598000512,48.780311026880554],[-123.30860708024056,48.780188627584046],[-123.30854038024218,48.78004562703337],[-123.30841958048102,48.779892327646216],[-123.30821388056317,48.77970042684787],[-123.30780448010529,48.77969902772306],[-123.30711517979518,48.77969652765569],[-123.30250407899227,48.77967992828746],[-123.29150977752306,48.77960712962067],[-123.28584737630739,48.77958792968085],[-123.2858669773182,48.7808337300999],[-123.28672057760595,48.78159612955079],[-123.28637827642363,48.781593929777344],[-123.28587187711574,48.78114172996379],[-123.28586517658287,48.78159052996184],[-123.28584907696313,48.78267592957392],[-123.29143587853581,48.782713528852035],[-123.29142707901369,48.7831900296229],[-123.2913607797833,48.78677322966414],[-123.2913728797703,48.79036122951905],[-123.29208778036654,48.7903684296164],[-123.29206858002496,48.79138152942211],[-123.29369448101365,48.79169512924086],[-123.29381068139983,48.791432029372174],[-123.29540358119453,48.79173912962622],[-123.29617088154443,48.7919476295187],[-123.29605468141871,48.792210829438794],[-123.29864738266618,48.79291542927376]]],[[[-123.31264268235823,48.78437842681693],[-123.31252128211943,48.784381227023594],[-123.31243768225751,48.78443382649239],[-123.31245868247156,48.78451392663163],[-123.31251308140001,48.78459962681227],[-123.31252988186449,48.78464662721448],[-123.3125843818977,48.784713027047275],[-123.31270158181253,48.78478212706287],[-123.31280208189027,48.78480972674929],[-123.3129399821016,48.78479032663083],[-123.31293578189567,48.784699026734835],[-123.31278088229654,48.78459952658911],[-123.31281438247134,48.78453042719447],[-123.31295658173171,48.78451932671617],[-123.31306118250973,48.78446672698753],[-123.31297738175104,48.78437552687584],[-123.3128392826206,48.78435622700883],[-123.31264268235823,48.78437842681693]]],[[[-123.27236257030823,48.765826830407775],[-123.27246947126272,48.76682153057464],[-123.27326437187783,48.76736323059023],[-123.28062637216375,48.76739442972954],[-123.28071217149811,48.76504143004152],[-123.27177467056904,48.76500263108679],[-123.27236257030823,48.765826830407775]]],[[[-123.25809426756346,48.764784032296866],[-123.25764406826721,48.76492893202654],[-123.25783596850661,48.764973731959834],[-123.2579142686671,48.764997632173305],[-123.25806806873747,48.76503523231554],[-123.25814626848886,48.76503843211466],[-123.25824786795832,48.76503133223128],[-123.25832586903182,48.765005332294926],[-123.25837776854708,48.76496733236241],[-123.25840356821756,48.76493463211134],[-123.25841956748744,48.76488723210761],[-123.25838316818792,48.76477583198803],[-123.25809426756346,48.764784032296866]]],[[[-123.25781956728416,48.763804532249885],[-123.25772346842247,48.76385293224308],[-123.25762466803509,48.763894532658604],[-123.2575519685778,48.76393773223903],[-123.25744516765344,48.76394483215071],[-123.25729166788503,48.76397273205613],[-123.25710976777194,48.76406963210829],[-123.25701116773271,48.764133531976924],[-123.25691506832611,48.7641836323003],[-123.2568761677075,48.76422333276587],[-123.25686606818125,48.76429053247396],[-123.25690286788567,48.76435073261946],[-123.25703366741789,48.76446583221782],[-123.25717756853733,48.76457913259292],[-123.25726396844794,48.764666732053264],[-123.2573137679549,48.76473213208195],[-123.25736966837053,48.76481603272095],[-123.25802566847524,48.764604931927245],[-123.2583245689446,48.764596432383286],[-123.258225268321,48.764292931686896],[-123.25795076800046,48.76377573212095],[-123.25781956728416,48.763804532249885]]],[[[-123.20955437660056,48.827737440798366],[-123.20980057722944,48.827970940855714],[-123.20999207657647,48.82814144067368],[-123.21012867699515,48.82824014055583],[-123.21042937738166,48.82844654107902],[-123.21059317770853,48.8285362406872],[-123.21088007668995,48.82870664065083],[-123.21122147679935,48.82889484075935],[-123.21149457736426,48.82902934031713],[-123.21174047775517,48.82918184035118],[-123.21204067771927,48.82929824023873],[-123.21268237741303,48.829593840710764],[-123.2127642780875,48.829629740901524],[-123.21305077841045,48.82971914031438],[-123.21332367818476,48.82981754053211],[-123.21359647754721,48.82988904057576],[-123.2138966782352,48.82997843989378],[-123.21418317862208,48.830058840482415],[-123.21472897895339,48.8302377405266],[-123.21479707828307,48.83024664048985],[-123.21535627758321,48.83037154003561],[-123.21565627934042,48.8304249403827],[-123.21579247939852,48.83041574035392],[-123.21584677814792,48.83036164022686],[-123.21581917899846,48.83028974010324],[-123.2157507788395,48.830217840560564],[-123.21550457866078,48.830002439837415],[-123.21549077886978,48.829957540085466],[-123.21538117803468,48.82981373983601],[-123.21517597778019,48.82962524042363],[-123.21503927778906,48.82952654045798],[-123.21494367820212,48.82948174064561],[-123.21462997814209,48.82940133984789],[-123.21437077795001,48.82932084025261],[-123.21412527784737,48.82925834048033],[-123.21387977751218,48.829204840390304],[-123.21378417768153,48.82916904015889],[-123.21370227766644,48.829133240189734],[-123.21340187802802,48.82896284074573],[-123.21282857799984,48.82872103994102],[-123.21247377748949,48.82860474053922],[-123.21217327695243,48.82843434016525],[-123.21184567720063,48.82829104100255],[-123.21125897699154,48.828085140818146],[-123.21091777734733,48.827959840980434],[-123.2107267765132,48.8278882405959],[-123.21038547686135,48.82774494107892],[-123.21018097616505,48.827700340659185],[-123.20992187633328,48.82765584058952],[-123.20962207624349,48.82764734056756],[-123.20955437660056,48.827737440798366]]],[[[-123.20577117660046,48.82983764086831],[-123.20583437614984,48.83012404134718],[-123.20611717731713,48.83034694140422],[-123.20649687764703,48.830576941145644],[-123.20674727767788,48.83070474107134],[-123.20708447727161,48.83089854084175],[-123.20733497763607,48.831008041250314],[-123.20775607776581,48.83123274145286],[-123.20798847739128,48.83136624085035],[-123.2081888780541,48.831449940711245],[-123.20848367791245,48.83152504147614],[-123.20872007748731,48.8315656412228],[-123.20890897808538,48.83163444126703],[-123.20921047821632,48.831780740669124],[-123.20949717850297,48.831909040878415],[-123.20962157748951,48.83198254118438],[-123.20995117820748,48.832162840986875],[-123.21031477867508,48.83237174058146],[-123.21047517811395,48.832418440987844],[-123.21081637847483,48.832534740384766],[-123.21109337891654,48.83261544098354],[-123.21135317834087,48.83266394073064],[-123.21157817825203,48.83266354111339],[-123.21193457907314,48.832494440591944],[-123.21187137869615,48.83224804096771],[-123.21171397847127,48.83211034076093],[-123.21113507810357,48.83179704037922],[-123.21079737851342,48.83162154085594],[-123.21059487746776,48.831526641097966],[-123.21028587830077,48.83139144043115],[-123.21009317793151,48.83127334073812],[-123.20992877787359,48.831185041203945],[-123.20960367740149,48.83102494094368],[-123.20931127705575,48.83086184110636],[-123.20897227801608,48.83074144080894],[-123.20866737781706,48.83059584110425],[-123.20837637686408,48.83050044104574],[-123.2080717775232,48.83038854133753],[-123.20780567728059,48.83023884156154],[-123.20746187694226,48.83006004088828],[-123.2071082771508,48.82990534080105],[-123.20683607702296,48.82981084157393],[-123.20674177749143,48.82979024131093],[-123.20629587691447,48.829663241128884],[-123.20577117660046,48.82983764086831]]],[[[-123.21035958061842,48.838595541372584],[-123.21049687932393,48.83890954115762],[-123.21067738001489,48.839028041189266],[-123.21073048044701,48.839041940789784],[-123.21098808085291,48.8392448413561],[-123.21113188044525,48.83929864058638],[-123.21133978066986,48.839383141270865],[-123.21140577977941,48.839458841242894],[-123.21165248035766,48.83953344090819],[-123.21220278119245,48.839793441127696],[-123.21260628105922,48.839525641127224],[-123.21242778016848,48.83923344100221],[-123.21230978107839,48.839181841238776],[-123.21224798006047,48.83912504112057],[-123.21196628047038,48.83898374133092],[-123.21173947973553,48.83888454096706],[-123.21154128004176,48.83875434085322],[-123.21141687980348,48.83869314150663],[-123.21109428020335,48.83852374077035],[-123.2108208797773,48.83847274084982],[-123.21035958061842,48.838595541372584]]],[[[-123.21606747934706,48.83477354077602],[-123.21618387981846,48.835001840185946],[-123.21649277998257,48.83519264035882],[-123.21676978043493,48.835329040069915],[-123.21705547987752,48.83549574038046],[-123.21751697943525,48.83560133999676],[-123.2180216802244,48.835457440277835],[-123.2178428799127,48.83510674069269],[-123.21766708038652,48.83489934054261],[-123.21749648027257,48.83478734024183],[-123.21722737957003,48.834677040219304],[-123.21697417954897,48.8345995401339],[-123.21641068015872,48.83450764017076],[-123.21606747934706,48.83477354077602]]],[[[-123.23456328240584,48.83378853778921],[-123.23434358188425,48.833807038174875],[-123.2340587826433,48.83394903841801],[-123.23400268239328,48.83413693854468],[-123.23407738255852,48.83428333829591],[-123.23427188197401,48.834449238068906],[-123.23457138238534,48.83461463808887],[-123.23548948336916,48.83500423833763],[-123.23602528332931,48.83520343846048],[-123.2362929828395,48.83527353847129],[-123.23666788359047,48.83530023815816],[-123.23695278326738,48.835016137527234],[-123.23671538226395,48.83474383790574],[-123.23664218307017,48.83469583803214],[-123.23651178323396,48.83455903745712],[-123.23629998277255,48.83439873823001],[-123.23615318320282,48.83431613823106],[-123.23593938229594,48.83424613836458],[-123.23574948272297,48.83413283776954],[-123.2352576828476,48.833869038360525],[-123.23488508294719,48.83378783777898],[-123.23456328240584,48.83378853778921]]],[[[-123.24243898666178,48.84623153771657],[-123.24242568721839,48.846285537436046],[-123.24245348704956,48.846402438110175],[-123.2425769875913,48.84658203821969],[-123.24264548775825,48.84663583782239],[-123.24272708682795,48.84661773824535],[-123.24272688724635,48.84656373803673],[-123.2426577872602,48.846374937955574],[-123.24249348751471,48.84622233812849],[-123.24243898666178,48.84623153771657]]],[[[-123.24972668890608,48.84830683674187],[-123.25080288953905,48.848674837304515],[-123.25164498988646,48.849145137182745],[-123.25274778962907,48.84954303689573],[-123.25277678912315,48.84952443690849],[-123.2525506889547,48.84927403727053],[-123.252135888837,48.84849763707865],[-123.25208358857252,48.848075336622564],[-123.25261138865707,48.84765123691784],[-123.25262168894776,48.84764243719308],[-123.25263138954186,48.84763323662181],[-123.25264028897688,48.84762383682319],[-123.2526483889064,48.84761403722897],[-123.25265568955156,48.847604036824045],[-123.2526622888332,48.84759373717496],[-123.25266798954155,48.8475832370477],[-123.25267278871382,48.84757263690037],[-123.25267678918914,48.84756183675459],[-123.25267988863388,48.84755083690349],[-123.25268218895945,48.84753983723654],[-123.25268358898116,48.84752873716375],[-123.25268398940992,48.84751753701737],[-123.25268508932663,48.846726536742395],[-123.25260358933546,48.84665943698076],[-123.25083148857294,48.84639923655522],[-123.2504822888212,48.84634793709343],[-123.25045698840674,48.84637023658141],[-123.25041858798002,48.846415937254875],[-123.25034458898678,48.84649353721523],[-123.25023888796598,48.846597736996394],[-123.25018208764794,48.846647337129596],[-123.25009978793202,48.84670643739091],[-123.25005428788587,48.84672933696063],[-123.24992158775926,48.84681693708429],[-123.24985958848833,48.84685023725236],[-123.2498162881592,48.84686703762875],[-123.24967508804771,48.84695453684376],[-123.24962518819343,48.84699543745361],[-123.24952718844794,48.8470562368749],[-123.24946118796154,48.84708383741697],[-123.24935088747623,48.847153637010294],[-123.24930578762891,48.84717623713092],[-123.24925468859459,48.84719143660127],[-123.24918498829551,48.847223336754524],[-123.24901808828187,48.84722343756684],[-123.24877988800564,48.84720083680966],[-123.24874238763522,48.84719423726214],[-123.2486653881423,48.847189037557406],[-123.24859358799299,48.847178437037996],[-123.24851588790555,48.84716163779073],[-123.24846088820868,48.84714423754629],[-123.24838438816516,48.847131037348404],[-123.24834218841282,48.847118837318774],[-123.24823698787635,48.847095137352674],[-123.2480551881733,48.84703423712608],[-123.24800788844983,48.84701653756802],[-123.24796778728305,48.84699723727857],[-123.24788078800418,48.84697263728852],[-123.24777898849973,48.8469329375441],[-123.24765978803194,48.84684803691268],[-123.24757088840147,48.84680453701622],[-123.24751938738312,48.8467834373166],[-123.2474893884923,48.84677563727596],[-123.24749208748125,48.84664923760227],[-123.24733368720248,48.846571137274566],[-123.24727598784092,48.84654673718644],[-123.24716548723376,48.84651103763293],[-123.2470955880719,48.846497237040126],[-123.24701928696233,48.84649223717652],[-123.2469533879473,48.846493736925865],[-123.24691728763497,48.84648433765177],[-123.24685218776065,48.84646053761158],[-123.24653028742902,48.84638923747297],[-123.24645628789101,48.846377037627356],[-123.24627378738202,48.84637543720682],[-123.24613288716873,48.8464028373958],[-123.24595518806258,48.84636023747214],[-123.24590268780939,48.84635383698284],[-123.24587588748854,48.8463442370903],[-123.24581508773316,48.846331937559015],[-123.24570088803186,48.846302937824696],[-123.24557828755917,48.846280737865925],[-123.24551108744355,48.846274737306636],[-123.24538618723076,48.846244637770255],[-123.24535058748262,48.846232837711156],[-123.24527778745373,48.846198338013714],[-123.24518758746643,48.84616953775287],[-123.24510058802059,48.846155437878586],[-123.24504078770728,48.84615503740223],[-123.24484198739519,48.846145737404576],[-123.24472858661615,48.84614603770631],[-123.24467248724466,48.84614203767407],[-123.24455338681565,48.84616063787512],[-123.24451888649325,48.84615653763351],[-123.24441938744681,48.84615193712063],[-123.244284386901,48.84617563789388],[-123.24409278703286,48.84617783816454],[-123.24393738721865,48.846186438146276],[-123.24380818762882,48.846213438029736],[-123.24371948791405,48.84625253781049],[-123.2436582879276,48.846297537996335],[-123.2436194866671,48.84633913786513],[-123.24358218721575,48.84639383769046],[-123.2435670871357,48.84645963820506],[-123.24357108712717,48.84651523801756],[-123.24348978751024,48.8466108381117],[-123.24350208743095,48.84671303759597],[-123.24353358750882,48.846776937430235],[-123.24356818723926,48.84683013799417],[-123.24369298695807,48.84694253798067],[-123.24379488689921,48.84700433763047],[-123.24384238779055,48.84702133760608],[-123.24394258694964,48.84707983772787],[-123.24401038685679,48.84711423766686],[-123.24407538731775,48.84713533787749],[-123.24412658757745,48.84716393779944],[-123.24431538777247,48.847250337468935],[-123.24440468742354,48.847296737521],[-123.24457258674705,48.84735003750919],[-123.24477558800073,48.84740293770667],[-123.24480148736471,48.84742053783599],[-123.24489138785367,48.84744163789378],[-123.2449307876552,48.84745463777594],[-123.24508388789373,48.847484737964216],[-123.24516878810127,48.84749403718626],[-123.24524328759742,48.847509537971824],[-123.24534158716071,48.84753693754319],[-123.24542208737974,48.847554637425056],[-123.24550838800985,48.84756543736774],[-123.24562358829147,48.84757383779399],[-123.24567348744877,48.84758873776014],[-123.24590818782406,48.84768533731813],[-123.24603808716336,48.847747537429065],[-123.24622458815013,48.84782143700647],[-123.24634558824984,48.847876637388666],[-123.24654088753017,48.84794473760637],[-123.24659728853673,48.84797353728335],[-123.24674558871948,48.84805923775146],[-123.24678678830962,48.84807823764443],[-123.24685348814651,48.848103337611754],[-123.24697498849562,48.84813223698378],[-123.24710538754236,48.848169737365716],[-123.24744638913475,48.84828453756238],[-123.24746898864383,48.84829673757614],[-123.2475703880416,48.848334337099416],[-123.24788358853199,48.84847473692499],[-123.2481222884692,48.84857723738881],[-123.24829278864983,48.84865713743177],[-123.24838478803164,48.8487266371162],[-123.24843518861509,48.84876963694751],[-123.24851498890989,48.8487994374955],[-123.24859788876104,48.84883883716321],[-123.24868498928772,48.84888553751348],[-123.2487457888704,48.84892563705281],[-123.24881398897496,48.848962037191896],[-123.24890028885281,48.848990937142624],[-123.2489882889516,48.84900663760062],[-123.24907348840321,48.84901173728896],[-123.24922698938798,48.84907183716307],[-123.249319289336,48.84911593717898],[-123.24938638882216,48.849143137359675],[-123.24942628901337,48.84915453716472],[-123.24957828848807,48.848960636996516],[-123.24985108852024,48.84861273730614],[-123.2498160892382,48.8485399372314],[-123.24942768829047,48.84840713688862],[-123.24955328871884,48.84824753669591],[-123.24972668890608,48.84830683674187]]],[[[-123.24012098660364,48.84554753791286],[-123.24027918632692,48.8455661383762],[-123.2403888857982,48.84556593800244],[-123.24051838575332,48.84555503800605],[-123.24065878645695,48.84553413846486],[-123.24082818673729,48.845493737717874],[-123.24088708639103,48.84548303845463],[-123.24096738614882,48.84548653817828],[-123.24116358578532,48.8455093379555],[-123.24136478638668,48.845492838099034],[-123.24140678729998,48.845495638232066],[-123.24148788625214,48.84551073822825],[-123.2417631864469,48.8455293377776],[-123.24202558607848,48.84539453791064],[-123.24202488707434,48.84525153757742],[-123.24198308586125,48.845077937631046],[-123.24191018585445,48.845000837848936],[-123.24187108679679,48.844942037780974],[-123.24174658633035,48.84485123764252],[-123.24171288579475,48.8448173378756],[-123.2416550860894,48.84477103811765],[-123.24159888611638,48.84471983842554],[-123.24144608686605,48.84460273769392],[-123.24140698589069,48.844561837677965],[-123.241349586197,48.84452413810472],[-123.2412598865018,48.844440338181094],[-123.24118618666716,48.84438713821989],[-123.24113288628322,48.844340537591506],[-123.24106728649527,48.844303737678025],[-123.2410038864383,48.844262138073184],[-123.2409310858286,48.844207538255965],[-123.24085628684068,48.84417683791434],[-123.24067768584435,48.844077238483145],[-123.24056818606283,48.84402943849878],[-123.24048738644282,48.84400723786829],[-123.24030048512685,48.843893437871266],[-123.24026668583232,48.843863837594625],[-123.24022108609176,48.8438121384783],[-123.24015568623395,48.84377403777531],[-123.24008848572974,48.8437259377352],[-123.23997708557532,48.8436819376888],[-123.23989798671914,48.84363733826289],[-123.23963888608283,48.84356173843625],[-123.239582486487,48.843534738319896],[-123.23945418553701,48.843505638256445],[-123.23930168643044,48.84346023821644],[-123.23921778558697,48.843419838065834],[-123.23911688593734,48.84335543835473],[-123.23883608545972,48.84328193784012],[-123.2385432854955,48.84318333857996],[-123.23846978496998,48.84313513831554],[-123.23827258496696,48.84305563828264],[-123.23818568522988,48.843027137854484],[-123.23805688485017,48.84297083802354],[-123.23790488518206,48.8429411387686],[-123.23774438480743,48.84290073819702],[-123.23758198558787,48.842876338336325],[-123.23747598518727,48.84285543786534],[-123.23736528541558,48.842846438619134],[-123.23731228496419,48.842838538426776],[-123.23726648506097,48.842814338402555],[-123.23720228453773,48.84276633819807],[-123.23708278545656,48.842709338074116],[-123.23690808489967,48.842671637953295],[-123.23683238492478,48.84265933869244],[-123.23673738476373,48.84265433892764],[-123.23658348564511,48.84263073861947],[-123.23654758526493,48.84261723835041],[-123.23649908439502,48.84258543838749],[-123.23634248546345,48.842534138013754],[-123.23612338449131,48.84250493826157],[-123.23600198452648,48.84247323829358],[-123.23584368546034,48.842449138533745],[-123.23576858535307,48.84243333859137],[-123.2357113845591,48.84241733842355],[-123.2354931850476,48.842373138721435],[-123.23534698507181,48.84235783870793],[-123.23524658520417,48.84233843860501],[-123.23518898487977,48.84233313879997],[-123.23511558525556,48.84231903876783],[-123.23502698431994,48.842313038986326],[-123.23493378439781,48.84230053868769],[-123.23477418463531,48.842273238561134],[-123.23470548460116,48.84225733872552],[-123.23446068508089,48.84221923883276],[-123.23424668494562,48.842174738935185],[-123.23414228509837,48.842165338578845],[-123.23397628456416,48.842115538965025],[-123.23386038446361,48.84210973914146],[-123.23372808477754,48.84209713840561],[-123.23362398428877,48.84207573914074],[-123.23333798372954,48.84207893864179],[-123.23315918438244,48.84213093827784],[-123.23301728499447,48.84221213903245],[-123.23286398423244,48.84234453864488],[-123.23290608493716,48.842508138759754],[-123.23299438443652,48.842617838583074],[-123.2330259851162,48.842679738973644],[-123.23316938493592,48.84279253849036],[-123.23338988543429,48.842908538859405],[-123.23349268438395,48.84293693918424],[-123.23368008420077,48.84300853890671],[-123.23371938439999,48.84302003855481],[-123.23379748534009,48.843064538781675],[-123.23385538471129,48.843086238849345],[-123.23397488438847,48.84315183863],[-123.23420608522682,48.843251338479334],[-123.23440678551391,48.843361438646376],[-123.23450498523324,48.843393638555455],[-123.23464148500668,48.84345883896216],[-123.23466248470992,48.84347263855045],[-123.23473708432907,48.84353783859647],[-123.23480838520527,48.843594038279505],[-123.23489528446876,48.84364763863409],[-123.23500048470947,48.84369913872488],[-123.23510128535564,48.84375583806365],[-123.23522338562587,48.843839338722255],[-123.23530418540328,48.84387063819521],[-123.23537398547987,48.843916338732555],[-123.23548918558767,48.84397033829188],[-123.23556038561405,48.84399493850358],[-123.23569448523104,48.844051538840986],[-123.2358378853186,48.84410403853545],[-123.23601878530678,48.844190638791844],[-123.23612678558708,48.844237838422444],[-123.23619248564441,48.844276538392215],[-123.23628338612407,48.84431133839937],[-123.23639318531609,48.84435933859741],[-123.23646528518442,48.844384538777604],[-123.23653248497331,48.84442063834381],[-123.23661668487604,48.844448138481845],[-123.23670288553367,48.84449253894564],[-123.23677878535152,48.84451513809602],[-123.23696748511554,48.84460033837643],[-123.23707938626657,48.84463973825907],[-123.237152186193,48.84468053829156],[-123.23726248575174,48.844722738636726],[-123.23736978569227,48.844755138928846],[-123.23742118571597,48.84476633866167],[-123.23747248551706,48.844782038048265],[-123.23772708562616,48.844878238469704],[-123.23803548620732,48.84498133790838],[-123.2383296864768,48.84506453821609],[-123.2384404861507,48.8450796381221],[-123.23847758591837,48.8450900384074],[-123.23858458608584,48.84512713866664],[-123.23864628622212,48.84514183780451],[-123.23875048663795,48.845175638211785],[-123.23892908627184,48.84523973776333],[-123.2390757857903,48.845281938670304],[-123.23923838639625,48.84533513790627],[-123.23933288586956,48.845349338477966],[-123.23943348578628,48.84537323841561],[-123.23950748658558,48.84537313779988],[-123.23959958717234,48.84539773838942],[-123.23970378614885,48.84541583795224],[-123.23978538655834,48.845438038468146],[-123.23991388650467,48.845459338333065],[-123.23993588645236,48.845471137904795],[-123.24012098660364,48.84554753791286]]],[[[-123.23007948282628,48.84092223900275],[-123.23005238387266,48.840958339246804],[-123.23012078413109,48.84101213921142],[-123.23042138394865,48.84118243891805],[-123.2304761838502,48.84123633891682],[-123.23057178352406,48.84127213932665],[-123.23068048402453,48.84120893887307],[-123.23066658371631,48.8411550393083],[-123.23058458355915,48.84109213875188],[-123.2305161833649,48.84104733936613],[-123.23042068429308,48.84102053888684],[-123.23013398403594,48.84091313869877],[-123.23007948282628,48.84092223900275]]],[[[-123.2300372839326,48.8406165386223],[-123.23001018333458,48.84066153934343],[-123.23035188369242,48.84086773877044],[-123.23048828392336,48.840903439071155],[-123.2305290836634,48.84087643939503],[-123.23044668358486,48.84075063914537],[-123.23028298308914,48.840714939387105],[-123.23010538398822,48.84061633917906],[-123.2300372839326,48.8406165386223]]],[[[-123.20042027650136,48.83322444216836],[-123.20042127672744,48.83349724207568],[-123.20045867652843,48.83370234215101],[-123.2006153767498,48.83390774186963],[-123.20078257699355,48.83403134172789],[-123.20110017737909,48.83417394185198],[-123.20155047722973,48.83430834172122],[-123.20189937720717,48.83446764239724],[-123.20218067740363,48.83450094243273],[-123.20274167708199,48.83443814168861],[-123.20262267730007,48.833999542135736],[-123.20236567761822,48.83380834202565],[-123.20210067713587,48.83356094194529],[-123.20189667665399,48.83342694170424],[-123.20158097627356,48.83327624178601],[-123.20123677730237,48.83309544226854],[-123.20076367638507,48.8330615424197],[-123.20042027650136,48.83322444216836]]],[[[-123.20734427880808,48.836956141893154],[-123.20734567920647,48.837302041565415],[-123.20756747985091,48.83745974169876],[-123.20758077949492,48.837477241117575],[-123.20763807883388,48.83765434116692],[-123.20774507989124,48.83777714164762],[-123.20801837913399,48.83794534102364],[-123.20829097905033,48.83807164138612],[-123.20858238016211,48.83817254161916],[-123.2090630790267,48.83823514106005],[-123.20925048005796,48.83786064125742],[-123.20897837953258,48.83768194096676],[-123.20894677939002,48.83764884161956],[-123.20891357906034,48.83759444166874],[-123.20885167858201,48.83741284105958],[-123.20873677952699,48.83729224141616],[-123.20857177911999,48.83717034135806],[-123.2082583787036,48.837051341488056],[-123.20784057921796,48.83690834099462],[-123.20734427880808,48.836956141893154]]],[[[-123.19815477569499,48.83160474221209],[-123.19785417607254,48.83171884271113],[-123.19778047593502,48.83204074226024],[-123.19789377559097,48.83213374231699],[-123.19793947635331,48.83221594180439],[-123.19802917659891,48.83231904200533],[-123.19834087585669,48.83253444215174],[-123.19850007613041,48.83260764232013],[-123.19881757628157,48.832766042647485],[-123.19915207666206,48.8329857422036],[-123.19943527670758,48.833083541807326],[-123.19978417657842,48.83325014177118],[-123.20035237669056,48.83330274215201],[-123.20035167702135,48.8331093420581],[-123.20039237714592,48.833073341904445],[-123.20039147642044,48.83284634198805],[-123.20032057629835,48.83275334233855],[-123.20028827707829,48.832700341884745],[-123.20021327644427,48.83261844187195],[-123.19985927724609,48.832375742113314],[-123.1997745763748,48.83232944191691],[-123.19944437576926,48.832112542081816],[-123.1991799756184,48.832002941871714],[-123.19900857603486,48.83189794258144],[-123.1987026760438,48.83167794197844],[-123.19848447649302,48.831582442433856],[-123.19815477569499,48.83160474221209]]],[[[-123.1802555708594,48.82227994425584],[-123.18000897085406,48.82252544347441],[-123.18017447125101,48.82279684352343],[-123.18043967115169,48.82303254332608],[-123.18060637066456,48.823162043943675],[-123.18081847035124,48.82330144381552],[-123.18110527181105,48.823498843697486],[-123.18140417126567,48.823695244048196],[-123.18151327099093,48.823756743399315],[-123.18178477175249,48.82390114327924],[-123.18195847150105,48.82402404362479],[-123.18218937121198,48.824155543787285],[-123.18230647150004,48.82421054364097],[-123.18264727219055,48.824350443433474],[-123.18296557229722,48.82447234355876],[-123.18342017156714,48.824685643498505],[-123.18348607227527,48.824721743510615],[-123.1838137718634,48.824919143321104],[-123.18398947230963,48.82501534327675],[-123.1843075727926,48.82517454342388],[-123.18462287171823,48.82527804375005],[-123.18492537282994,48.825355643780824],[-123.18517617256931,48.8254529430602],[-123.18534817283714,48.825549843368236],[-123.1856354727891,48.82570254342777],[-123.18592057292425,48.82586184320765],[-123.18622847236719,48.82599664367828],[-123.18648627271223,48.82610144342868],[-123.18662417242678,48.826192043369616],[-123.1868234727061,48.826292743209635],[-123.18718627254076,48.826464343438296],[-123.18747577349419,48.82656794336658],[-123.18777547252779,48.82673204321423],[-123.18828227337582,48.82702004298866],[-123.18859047396862,48.827183943133655],[-123.18920927389387,48.82743394289839],[-123.18936447331286,48.82687994272378],[-123.18911237295809,48.82662414315239],[-123.18887687344213,48.82649324342595],[-123.18860257374246,48.826381743353345],[-123.18850237275213,48.82631594318653],[-123.18820137263162,48.82613464328045],[-123.18804327310501,48.82597414262845],[-123.18789157333009,48.825896643302194],[-123.18765837296316,48.8257434427203],[-123.18740077246689,48.8256140430473],[-123.18707317323053,48.825467743120676],[-123.18661437280548,48.82518334306208],[-123.18631397267667,48.825003843487444],[-123.18601707158429,48.82481804314689],[-123.18553377167011,48.824575243571125],[-123.18519587177566,48.8244154438039],[-123.18491257190577,48.824266543906134],[-123.18461057263211,48.824145743681456],[-123.18438757141574,48.82400794334502],[-123.18380597175829,48.823735043783294],[-123.18328817112123,48.823449843366426],[-123.18317917086074,48.823408943701416],[-123.18291727167333,48.82328924316003],[-123.18274097102704,48.823146743551874],[-123.18229477154543,48.8229361432731],[-123.18209817159354,48.822798343442514],[-123.18150237055958,48.82247364366748],[-123.18111737040631,48.82231974396129],[-123.18068777081953,48.82226134384023],[-123.1802555708594,48.82227994425584]]],[[[-123.1744607665224,48.80963704438553],[-123.17454146658812,48.80965544415792],[-123.1749163663086,48.809716944081885],[-123.17509546706717,48.80977444405022],[-123.17518066656528,48.809810643443825],[-123.17523596633681,48.809830544078366],[-123.17531576640914,48.80985104348828],[-123.17540916643223,48.80986254437218],[-123.17558596612396,48.8098652436998],[-123.17584656658941,48.809878244111125],[-123.17589896673724,48.80988324355628],[-123.17596666605982,48.80989904372914],[-123.17642586642874,48.809988343344834],[-123.1767083671562,48.81003464380215],[-123.17687686652604,48.810077043333536],[-123.17704356741321,48.81011434317769],[-123.17716146737736,48.810146843835305],[-123.1772164666199,48.81016464394119],[-123.17723566693425,48.81020654373866],[-123.17726506731837,48.81025124351131],[-123.17730796725294,48.81029744378081],[-123.17733416713602,48.81031934340736],[-123.17738176654007,48.81035174333699],[-123.1776120672639,48.81048504348207],[-123.1776735677251,48.81051234337083],[-123.17771086758417,48.810525243776816],[-123.17785746753619,48.81056074316616],[-123.17803386740647,48.810612643730394],[-123.17816826762608,48.81067094343592],[-123.17859696729754,48.81083544357046],[-123.17873456727168,48.81087384316951],[-123.17900406708124,48.810937543348764],[-123.17921466794718,48.810984343291075],[-123.17935406751639,48.81100784337227],[-123.17968956800048,48.81110624353798],[-123.17982886711239,48.81116404336551],[-123.1799528677782,48.81122034370506],[-123.18001856807804,48.811260143721455],[-123.1800873676366,48.81129484388885],[-123.18021206780227,48.81134314320456],[-123.18044196754411,48.81141884368725],[-123.18066596776701,48.8114821431417],[-123.18083656807049,48.81153934370766],[-123.18116486852996,48.811631643142945],[-123.18127996785528,48.81166984284621],[-123.1813993675206,48.81170074300272],[-123.18186426820532,48.81179694341681],[-123.18210296848127,48.81185924321932],[-123.18219696847821,48.81188684332767],[-123.18244196868635,48.811969143187746],[-123.1826186680685,48.81203504309689],[-123.1827540680843,48.8120931431489],[-123.18282846821178,48.81213484290972],[-123.18287996901122,48.81215744292644],[-123.18309746816384,48.81223154345888],[-123.18314616821507,48.81225374315406],[-123.18322406823867,48.812296443554985],[-123.18340126847373,48.81237824316979],[-123.18346836917692,48.812412942858046],[-123.18362686824686,48.81247144336835],[-123.18378926897785,48.81252264269602],[-123.18387666826371,48.81254064291577],[-123.18396876865415,48.812578642665976],[-123.18407706858086,48.81261124264933],[-123.18421926906143,48.81265954286858],[-123.18429246837503,48.81267524306412],[-123.18436516858137,48.81268574256601],[-123.18449506917882,48.81271724323194],[-123.18470636901884,48.81277464272381],[-123.18482266956079,48.812802242946724],[-123.1850414690077,48.81283974289076],[-123.18535146947413,48.81294474305197],[-123.1854813699029,48.812995742922666],[-123.1855372692674,48.813013242683496],[-123.18561776967651,48.813031842770535],[-123.1857081688399,48.81304674324808],[-123.18589226915702,48.813083942594005],[-123.18598556967248,48.81312374253611],[-123.18618226907306,48.81320034303941],[-123.18627036981243,48.81324574243992],[-123.18636286875685,48.81327704259076],[-123.18646336897737,48.81331914305611],[-123.18665026958153,48.813384542470594],[-123.18701556949786,48.81349684237178],[-123.18708016985366,48.813524642229794],[-123.18715046964175,48.8135477421413],[-123.18724536997222,48.813567342928884],[-123.18743077014845,48.813612642395256],[-123.18749516967823,48.813634042775774],[-123.18760776941485,48.81366224313348],[-123.18773136971473,48.81369774235078],[-123.1877894694871,48.81371984227784],[-123.18787236993073,48.81376234264108],[-123.18793617032809,48.8137901423696],[-123.18811966974793,48.81385194262419],[-123.18818246977476,48.813865342786904],[-123.1883563700739,48.813888842404026],[-123.1884023704426,48.81389994238368],[-123.18845056997006,48.81390744255611],[-123.18849526931825,48.813910942275854],[-123.18859197029248,48.81391114269231],[-123.18865887011766,48.81392454251895],[-123.18873646947242,48.81393114263941],[-123.18891227013191,48.81393144278823],[-123.18904626933681,48.81382824244372],[-123.18908606966872,48.813789042592205],[-123.18912656990656,48.81372044258632],[-123.18913086963623,48.81363384229311],[-123.18908896999432,48.81354944194135],[-123.18904246994886,48.81351174235994],[-123.19441586997496,48.80994494139592],[-123.19145156852059,48.80794894160031],[-123.19111716920573,48.80772374202897],[-123.19064806823812,48.80740794240632],[-123.19053416855634,48.80751974203029],[-123.19032446837251,48.80769404181066],[-123.18975776898321,48.80812594172963],[-123.1893812687156,48.80830384162682],[-123.18858536845441,48.808866542536336],[-123.18854856867064,48.80889204268873],[-123.18851116851249,48.80891704274299],[-123.18847306869806,48.808941741920286],[-123.18843436851992,48.80896584252413],[-123.18839486833014,48.808989542417955],[-123.1883548681217,48.809012842041305],[-123.1883141689972,48.809035542157226],[-123.18827296862585,48.809057842386295],[-123.18823106809941,48.80907964196509],[-123.18818856778438,48.80910094225028],[-123.18814556810975,48.809121742590065],[-123.18810196813814,48.809141942340254],[-123.18805786873497,48.80916174262591],[-123.18801316903648,48.80918094232017],[-123.18796806795247,48.809199642185504],[-123.18792236831368,48.80921784236674],[-123.18787626859452,48.80923544184963],[-123.18782956786464,48.809252542417305],[-123.18778256806918,48.80926904244629],[-123.18773496856892,48.80928494269051],[-123.18768706811917,48.80930034245072],[-123.1876386689796,48.80931514258585],[-123.18758996889345,48.80932944223572],[-123.18753876833112,48.80934364250173],[-123.18748716835631,48.80935714239071],[-123.18743516823727,48.80937014205532],[-123.18738286907644,48.80938244270001],[-123.18733026789694,48.80939404227432],[-123.18727726839136,48.809405142048675],[-123.18722406905056,48.809415542536655],[-123.18717056885106,48.80942534204978],[-123.1871167683919,48.80943444292545],[-123.18706266830758,48.809442942439816],[-123.1870084687505,48.80945084249868],[-123.18695396777427,48.80945804229507],[-123.18689936921893,48.8094645425792],[-123.18684456837325,48.80947044281824],[-123.1867895676975,48.80947574224128],[-123.18537346863035,48.80960494243777],[-123.18286636801962,48.808963443226226],[-123.18187936746938,48.80879254348509],[-123.18008636706517,48.808762442907316],[-123.17926326703586,48.808523543466904],[-123.17806176671922,48.80809334345113],[-123.17799396676972,48.808092943146164],[-123.17245656549994,48.80808464410004],[-123.17244666586383,48.80887074455984],[-123.17244376652094,48.80909624390884],[-123.17252566622741,48.80909594362644],[-123.17257306572851,48.80909094377727],[-123.1726706669134,48.80907274429289],[-123.17276606679846,48.809149344131264],[-123.17282236620032,48.80918404422793],[-123.17287296676652,48.809208444251176],[-123.17296766613211,48.80924794366089],[-123.17310006628125,48.80931284442008],[-123.17320956603564,48.80935404376484],[-123.17344376601395,48.809427643875196],[-123.17363486670254,48.80949344350423],[-123.17375126625356,48.80952504353549],[-123.17384036652317,48.80953974361697],[-123.17399026674292,48.80955084379571],[-123.17427276621197,48.80959064362789],[-123.17433896599844,48.809604044170996],[-123.1744607665224,48.80963704438553]]],[[[-123.16756986423843,48.80749644435629],[-123.16761906444063,48.80752484433891],[-123.16770846466295,48.807592244565335],[-123.16772506520815,48.80762384446907],[-123.16776816555794,48.807677544732414],[-123.16780006512224,48.807706144206804],[-123.16784386494939,48.807735844099014],[-123.16787686495904,48.80775344486241],[-123.16795336426854,48.80778374432283],[-123.16802126467955,48.80780144511537],[-123.16824226543262,48.807834944543536],[-123.16838426519395,48.807617944015064],[-123.16861106558189,48.807271544662605],[-123.16852506495654,48.807055044566006],[-123.16730286414749,48.806907544798335],[-123.16729536480072,48.80726754490788],[-123.1672904646263,48.807508045149824],[-123.1674001649076,48.807515244854734],[-123.16747516513571,48.80749034452832],[-123.16756986423843,48.80749644435629]]],[[[-123.18147556669979,48.80485284273862],[-123.18181706658221,48.80567584280408],[-123.18170966704123,48.80636154241863],[-123.18172276660297,48.80788734313794],[-123.18200866761761,48.80862784294074],[-123.18295076794053,48.80879104290376],[-123.18540626751778,48.80941934269513],[-123.18677966836363,48.80929394219528],[-123.1868302682273,48.80928904259628],[-123.1868807681238,48.80928344225132],[-123.18693106754539,48.80927724229286],[-123.18698126873122,48.80927044249797],[-123.18703116850209,48.80926294244565],[-123.18708086902066,48.80925484239557],[-123.18713036905604,48.80924614273349],[-123.18717956823971,48.80923684210076],[-123.18722846831989,48.809226942933286],[-123.18727706762019,48.80921634231376],[-123.18732536838317,48.809205242445984],[-123.18737336771675,48.80919344232423],[-123.1874210679263,48.809181142143544],[-123.18746836865691,48.809168242072154],[-123.18751526875299,48.809154642013475],[-123.18756186849113,48.80914054228293],[-123.18760806874555,48.80912584266358],[-123.18765386777685,48.809110442247146],[-123.18769916861812,48.80909464197642],[-123.18774406817114,48.809078142918885],[-123.18778846843962,48.8090611419025],[-123.18783236871475,48.80904364213394],[-123.1878757684863,48.80902554231978],[-123.18791866898208,48.80900684207553],[-123.18796096904154,48.80898774220584],[-123.18800266881209,48.808968041746716],[-123.18804386858461,48.80894784253951],[-123.18808446806644,48.80892704274459],[-123.18812446775523,48.80890584213064],[-123.18816386889088,48.808884141839606],[-123.18820256807717,48.80886184199977],[-123.18824066805277,48.808839142155314],[-123.1882781688175,48.80881604230703],[-123.18831486784988,48.80879234236674],[-123.18835096890024,48.808768242039065],[-123.18838636849958,48.808743741934904],[-123.18918226851633,48.808181042117006],[-123.18953066891889,48.80780954215541],[-123.19015016883216,48.80746204187994],[-123.19045756820985,48.807279642128],[-123.18903626813058,48.806322541924004],[-123.18905736729532,48.805236141863084],[-123.18907156714943,48.80450394203829],[-123.18089996612864,48.80445854299526],[-123.18147556669979,48.80485284273862]]],[[[-123.17799876673654,48.80786494384472],[-123.17938386765208,48.80836094344152],[-123.18014726674883,48.808582443265955],[-123.18151116756678,48.80860534295642],[-123.18166736785228,48.80847604292698],[-123.18144916746458,48.80791054268046],[-123.18143566659299,48.80635274251441],[-123.18153936602286,48.80569094263292],[-123.18122996585878,48.80494514323148],[-123.18051636602263,48.80445634314067],[-123.17807046542056,48.8044426432537],[-123.17799876673654,48.80786494384472]]],[[[-123.11738925515428,48.80204984998712],[-123.11729395562087,48.802067949941026],[-123.11721235584335,48.802113049773496],[-123.11715805513485,48.80217605048765],[-123.11722615480429,48.80220295004897],[-123.11730795572967,48.80221185033837],[-123.1175668549991,48.802283550000205],[-123.11773015584481,48.80226544979951],[-123.11775715544165,48.80215745004972],[-123.1175935555283,48.802067649963945],[-123.11751185555293,48.802049749673394],[-123.11738925515428,48.80204984998712]]],[[[-123.10202865286915,48.802325351461924],[-123.10202875329351,48.8023703515771],[-123.10217865257752,48.80241525166798],[-123.10232865325959,48.802514051733176],[-123.10241035305451,48.802540951891615],[-123.10249205385276,48.80254085197608],[-123.10256015331856,48.80252285180427],[-123.10270975342719,48.802441751256936],[-123.10269605328276,48.80239675199732],[-123.10224655223806,48.80232515170281],[-123.10202865286915,48.802325351461924]]],[[[-123.04187543983271,48.787320558071364],[-123.04168573942525,48.78744605823756],[-123.04143833907821,48.78762895775806],[-123.0411984389479,48.78784055808192],[-123.04113333875638,48.78794825804712],[-123.04112213890326,48.78810485834164],[-123.04082603854829,48.78816775793078],[-123.04061113956729,48.78830995815442],[-123.04049413969841,48.788449157916055],[-123.04047023947855,48.7885285577844],[-123.04012693926364,48.78886045848091],[-123.04065443917175,48.78906525832596],[-123.0408551397446,48.78916715830605],[-123.04116913981085,48.789244758392684],[-123.04151254038077,48.78910285810846],[-123.04166104004265,48.7888668575477],[-123.04178573952152,48.788791957663825],[-123.04198523973417,48.78859395811193],[-123.04208013920429,48.788524957705675],[-123.04243503925805,48.78835585802219],[-123.04264813954777,48.788163657730856],[-123.04277753910057,48.78790665798297],[-123.0427774388013,48.78779315777179],[-123.04274243978031,48.78760905750319],[-123.0426683395727,48.78747875737447],[-123.0424479395078,48.787296957995245],[-123.04217503969551,48.787260958176525],[-123.04187543983271,48.787320558071364]]],[[[-123.04643873918774,48.781917056934645],[-123.04608513860752,48.782040756760516],[-123.04566993910373,48.78229035757448],[-123.04557163849813,48.7824576570932],[-123.04542603918973,48.782612056982884],[-123.04505803857471,48.783035457493654],[-123.04481733844986,48.78332505731595],[-123.04463373861864,48.783692257510154],[-123.04448463912358,48.78403965757347],[-123.0443722393295,48.78434565708191],[-123.04437943929673,48.78459265737677],[-123.0444383388383,48.78497075736956],[-123.0446545390047,48.785398757374296],[-123.0449387395617,48.785636656969935],[-123.04517364013964,48.78572215746761],[-123.04538484008519,48.78572085725289],[-123.04567063915921,48.785626357485974],[-123.04584863993699,48.78547335700768],[-123.04601583988249,48.7852662576307],[-123.04635823928545,48.78461645735388],[-123.04638223849412,48.78438155709833],[-123.04666683979093,48.78429775734309],[-123.04666983800786,48.7818688571233],[-123.04643873918774,48.781917056934645]]],[[[-123.0950685504518,48.7972719524756],[-123.09539925038636,48.79733405231136],[-123.09561285074584,48.79735275213798],[-123.09590165073594,48.79739585269381],[-123.09617055020837,48.7974311524167],[-123.09649605067645,48.797484652260295],[-123.0968362509784,48.79753115246831],[-123.09714355132898,48.797564751935326],[-123.09741505108607,48.797624251790324],[-123.09775415088752,48.79768235258156],[-123.09821275125294,48.79773085227809],[-123.09851235112947,48.7977396519032],[-123.09880625163825,48.797770452158],[-123.09896415152872,48.79780505205156],[-123.09927965109898,48.7979043524096],[-123.09960655121117,48.797972851897896],[-123.09972005132691,48.79799415212338],[-123.09982585096938,48.79800805195991],[-123.10006325132312,48.798016052032125],[-123.10010165118155,48.79802445165829],[-123.10026465170215,48.798093451475474],[-123.10061515125635,48.798223952025346],[-123.10084405135001,48.798274151359244],[-123.10104915167658,48.79828905156008],[-123.10120125184214,48.79835065129167],[-123.10133445230979,48.79837565160767],[-123.10169315141458,48.79845435181757],[-123.10194745170637,48.79846805170164],[-123.10226045260039,48.79842355181896],[-123.10256495226741,48.798272151431135],[-123.10256455197322,48.79805275154905],[-123.10243185181857,48.797898551372164],[-123.1023850517612,48.79786555166661],[-123.10241425216766,48.797813851151595],[-123.10241385214678,48.797634951121275],[-123.10220685196327,48.79749855129772],[-123.10193425157189,48.7974088515425],[-123.10184865177901,48.79726245138986],[-123.10155695137723,48.797180251507385],[-123.10131695185224,48.797180451851936],[-123.10118175182106,48.797206051919616],[-123.10110935127054,48.7971901514619],[-123.10079705101589,48.79707265161743],[-123.10057255137112,48.79705065158524],[-123.10062465131831,48.7970849513093],[-123.10053605101483,48.797042952025095],[-123.1005624505077,48.79705155151836],[-123.10052985083388,48.79701935172714],[-123.10034755204833,48.79692105185311],[-123.10000235107663,48.796713451311135],[-123.09979595122284,48.796649951961825],[-123.09972325103362,48.79660735176017],[-123.09940355081773,48.79637845229828],[-123.09922745091568,48.796285652006134],[-123.09888585050416,48.796154352113724],[-123.09859365088495,48.79602925144894],[-123.09831995082682,48.79595505140415],[-123.09801165068521,48.79589015172214],[-123.09799115098416,48.79588115179214],[-123.09767454997572,48.79569065204492],[-123.09737575053852,48.795566351792324],[-123.09722525048555,48.79551675220897],[-123.09704905021043,48.79548195175654],[-123.09681695090664,48.795447352311584],[-123.09675605092808,48.79540725204586],[-123.0963327498816,48.7952678517384],[-123.09569914970155,48.79511965267834],[-123.09537174921638,48.79504785207193],[-123.09504955039651,48.79497155227565],[-123.09485054942165,48.79491035194123],[-123.09454784929424,48.794830652024984],[-123.09372724993337,48.794698052652905],[-123.09345594931855,48.794613452217],[-123.09323554977954,48.79458935269727],[-123.0929768488798,48.79457155249448],[-123.09264284982677,48.79453505235638],[-123.09244434913977,48.794527052298704],[-123.09216984930016,48.79447545284075],[-123.09191854896714,48.7944535523818],[-123.09168364869241,48.79445375275463],[-123.0913515494057,48.794464452874884],[-123.09102534943035,48.79452455223396],[-123.09085224949376,48.79459335237378],[-123.09089194934833,48.794553953089434],[-123.09090104858952,48.79455555245345],[-123.0905836496062,48.79447375288269],[-123.09042944884882,48.794448452760534],[-123.09020974946942,48.794434152595635],[-123.09005904823243,48.79437345261484],[-123.08972604821528,48.79417225249356],[-123.08940314879924,48.79405525285652],[-123.08891214864782,48.79391805299815],[-123.08862814868498,48.793871352439034],[-123.0881684481392,48.79387175341716],[-123.08790964873863,48.79385395258413],[-123.0872493479391,48.79385445330668],[-123.08714964821506,48.79382815327256],[-123.0869681480949,48.79373615325808],[-123.08675214802477,48.79368445303233],[-123.0863870483358,48.79362445322052],[-123.086265647671,48.79361505327275],[-123.08619274865472,48.79351905296592],[-123.08592674847486,48.79344395311645],[-123.08557014791445,48.793432352987814],[-123.08524044795394,48.793451553148316],[-123.08491954775234,48.79346195357636],[-123.08473254837456,48.7934991536271],[-123.0846214476779,48.79352675330575],[-123.08446704790694,48.79346565296307],[-123.08417824751413,48.79342105315711],[-123.08401044756575,48.79339895352607],[-123.08401024794004,48.79328685353496],[-123.08377384792217,48.7931309531111],[-123.08346924785178,48.79308385337412],[-123.08321384665835,48.79302075334431],[-123.08290634814658,48.793021053738116],[-123.08286364704418,48.7930304535128],[-123.08274904694146,48.79289815386649],[-123.08245104788594,48.79284915352968],[-123.08213244743698,48.79278805309659],[-123.0814985475165,48.792658053461075],[-123.08136014742851,48.79264515366835],[-123.08116854702654,48.79263865330559],[-123.08109954674633,48.79261205427732],[-123.08087644716693,48.79249165390314],[-123.08063144670253,48.79249185403125],[-123.08051814714385,48.792504453445765],[-123.08021894645681,48.79254235418995],[-123.08009514644714,48.792562853773774],[-123.07982244643516,48.792614553504706],[-123.07969174719855,48.79262905361278],[-123.07956364741626,48.792547953904915],[-123.07935804660717,48.79250275403244],[-123.07932514723441,48.79249005390634],[-123.07932534640436,48.792573654138685],[-123.07928034641317,48.7924621541244],[-123.07917074669709,48.79233575354248],[-123.07879134662625,48.792223253876365],[-123.07808374659975,48.792034853966534],[-123.07805914594668,48.7920348538099],[-123.0779549459991,48.79201195406219],[-123.07795184612827,48.79198975415749],[-123.07777644612985,48.791850853850725],[-123.07759844592945,48.79178385444868],[-123.07712424603552,48.79168255419884],[-123.07685344567574,48.791593254615606],[-123.07666164590844,48.7915753542236],[-123.07645754591012,48.79158965440169],[-123.07643634654958,48.79154785401525],[-123.0763138465231,48.79140645406077],[-123.07611164671923,48.7913398543377],[-123.07567804557421,48.79125165396682],[-123.07538184572216,48.79121265401697],[-123.07514464547572,48.791186754272644],[-123.07476764502638,48.791119454286886],[-123.07455104585239,48.79111955386493],[-123.0744659458397,48.79113575427901],[-123.07433174603837,48.79107675463649],[-123.07412724550669,48.791054354459746],[-123.07389594555957,48.79107535397365],[-123.07378844526775,48.7910044546401],[-123.07355764517912,48.7909537545652],[-123.07324514557833,48.79092815406803],[-123.07322264496949,48.79092185493031],[-123.07313374492564,48.790882754797785],[-123.07298214566973,48.790749554218706],[-123.07255554484732,48.790655854593666],[-123.0723237450401,48.79064425468721],[-123.07207604496708,48.79064435491339],[-123.07190554534783,48.79056705470985],[-123.0717581446718,48.790534755121755],[-123.07164294497862,48.790519554405606],[-123.071356644461,48.790512154464835],[-123.07134654410734,48.79050845452518],[-123.07116724418829,48.79039025471808],[-123.07100014524228,48.79034625487699],[-123.07090344518642,48.79033565446926],[-123.07063214510974,48.79028205453069],[-123.07033174498241,48.79024775427525],[-123.07013534473055,48.79019795482761],[-123.06979074399584,48.7901861551275],[-123.0694544439338,48.79021665482466],[-123.06914664395433,48.79025035523511],[-123.06902884374664,48.79018925491632],[-123.06876574433471,48.790090154757536],[-123.06836804444173,48.790042654891224],[-123.06807784379419,48.7900547554656],[-123.06792484412152,48.790080155514005],[-123.06784534389033,48.79008015497957],[-123.0675322445334,48.790062354831676],[-123.06727764430661,48.79006255524729],[-123.06693934473284,48.79003685525819],[-123.06663984378986,48.79001985545419],[-123.06651674416113,48.7900036550961],[-123.06579914439233,48.78992675532925],[-123.06551554401983,48.78994475567484],[-123.06521844395795,48.789910755155255],[-123.06485904416628,48.78991095506129],[-123.06426684387382,48.789948655180375],[-123.06372724297411,48.78999255554684],[-123.0633040427312,48.789992855466195],[-123.06307264315491,48.790010955672884],[-123.06215674350592,48.79001145558667],[-123.06190844327084,48.79002125604973],[-123.0616460429208,48.79003865585372],[-123.06076744343268,48.79003915543756],[-123.06052974245162,48.790049155657506],[-123.06030084252298,48.7900670560723],[-123.06002074288054,48.79007595621466],[-123.0598319421606,48.79008645577623],[-123.0596880434369,48.79010555579936],[-123.05936684323196,48.79013345632921],[-123.0590469430997,48.79018645633701],[-123.0588903422482,48.7902325559212],[-123.05861454342649,48.790323855984134],[-123.0583527429508,48.7904059558254],[-123.05806164252625,48.790507356097066],[-123.05775684213916,48.79066325621747],[-123.05750044321115,48.79076145622663],[-123.05708434249871,48.79096355643599],[-123.05676124293178,48.79110895621872],[-123.05636284221052,48.791253556346376],[-123.05602484229465,48.79136095687238],[-123.05573574248425,48.79146165701342],[-123.05539844241113,48.79163125707034],[-123.0553331431046,48.7916529562352],[-123.05505374272425,48.79172335647904],[-123.0545449423278,48.7918780566163],[-123.05427614259646,48.79194925677661],[-123.05400344270785,48.79202945621519],[-123.05386094231487,48.79208835699996],[-123.05358584183797,48.79222705690898],[-123.05297114200229,48.79243895731732],[-123.05266564246529,48.79252325684278],[-123.05232644293493,48.79260405703387],[-123.052030742404,48.7926841570459],[-123.05152554271011,48.7927920568594],[-123.05131574264365,48.79289995685738],[-123.0511814419203,48.79302445675733],[-123.05109944203463,48.79324165753566],[-123.05091654196139,48.7933453575701],[-123.05076124252807,48.793489256817175],[-123.05076144230631,48.79368305766082],[-123.05085444252774,48.79384665732938],[-123.05118574278278,48.79403605702538],[-123.05146864300613,48.79408265688348],[-123.05169564190535,48.79408255710576],[-123.05188464304821,48.794076556756636],[-123.05203514317415,48.79413765669445],[-123.052238342887,48.79415435747049],[-123.05249524333375,48.79415415687416],[-123.05277494261453,48.79413465671234],[-123.05309284331605,48.79410825689422],[-123.05397764278486,48.79408045718992],[-123.05426824278194,48.79403985738166],[-123.05484954316753,48.79395025715684],[-123.0550878435591,48.793920156420455],[-123.0553360435129,48.79392825658832],[-123.05563044324668,48.79391885648734],[-123.05648864410027,48.79391845672192],[-123.05677714360294,48.79390875619368],[-123.05794464409766,48.793835556480445],[-123.05817364355985,48.79381865654604],[-123.05824254392209,48.79381855583511],[-123.05856934388872,48.793845456500684],[-123.05928854333062,48.79384505620671],[-123.05952004447015,48.79385395630742],[-123.06072194437424,48.793853256059336],[-123.06091194450944,48.79386795619549],[-123.06103754366465,48.793888656323375],[-123.0612915440254,48.794021255866404],[-123.06133824370039,48.79405205627519],[-123.0615222440915,48.79422545603886],[-123.06178844410016,48.794427456145044],[-123.06195844445269,48.79460845569716],[-123.06214004477437,48.79477105567001],[-123.06221304483442,48.79486725617748],[-123.06260784527454,48.79532495566147],[-123.06267524513733,48.79541395591372],[-123.06279314519215,48.79565505594081],[-123.06281814538168,48.795786456272104],[-123.06287344521546,48.79596825613919],[-123.06290974445167,48.796135155989134],[-123.06291004558118,48.79634885582181],[-123.06286924585889,48.79648395604229],[-123.06277984536295,48.79662045591393],[-123.06275304529787,48.79662685579847],[-123.06220704498429,48.796661556154476],[-123.06194974563326,48.796695656256034],[-123.06164654462856,48.796783556139715],[-123.06141534465468,48.796923756682276],[-123.06131664431715,48.797015155974705],[-123.06119604472704,48.79715475615999],[-123.0610475446212,48.797343256696934],[-123.06077364493783,48.79755645651055],[-123.06073074530168,48.79781315666656],[-123.06101204480687,48.79799865635614],[-123.06126784571926,48.79803615651135],[-123.06150694534439,48.79803595574587],[-123.0617320450174,48.7979763560786],[-123.06191084517391,48.7979024559399],[-123.061964945889,48.79786055630287],[-123.06209424500224,48.79783205588315],[-123.06226954472417,48.79774175612738],[-123.06250214498051,48.797608856493255],[-123.06262554539546,48.79759595575116],[-123.06269634563299,48.79759945635298],[-123.06271774608341,48.797606556074996],[-123.06289214488191,48.797730455691365],[-123.06312944603016,48.79781325614177],[-123.06323184532101,48.79788075628752],[-123.06337904568595,48.79791315619619],[-123.0637072459488,48.79800165566934],[-123.06386824542665,48.798016756382566],[-123.0645401461202,48.79801635580737],[-123.06486084597368,48.79800655615882],[-123.06510434570627,48.79798625626454],[-123.065240445669,48.79796825601345],[-123.06556434574367,48.79794125605386],[-123.06585694619191,48.79790595559121],[-123.06649384647753,48.7978697556316],[-123.06712704584041,48.79780425569023],[-123.06737484578808,48.79776775550168],[-123.06758314666541,48.79774475564047],[-123.06778204558738,48.797744555472725],[-123.06795894697633,48.7977663555249],[-123.06830684554008,48.79782365531761],[-123.06856124637784,48.79783335498014],[-123.0687748468955,48.797848955329215],[-123.06901114620253,48.797887854924355],[-123.06916614649488,48.797887755099296],[-123.06939344584401,48.79789595502364],[-123.06965354615183,48.797913855403394],[-123.06993324676725,48.797922455474925],[-123.07043034706993,48.7979664548401],[-123.07073394669526,48.797986355080795],[-123.07165184687702,48.79794995528991],[-123.07169264722538,48.797953754569846],[-123.0720566471309,48.798020855383584],[-123.07212734661015,48.798020855153034],[-123.0723866478861,48.798080655149136],[-123.07278444721,48.79810135530474],[-123.07293114711446,48.7981012545465],[-123.07326624738388,48.7980694547417],[-123.07341564680462,48.79803975527717],[-123.07366664693265,48.798001855163236],[-123.07381154738805,48.79800175511479],[-123.07421824715112,48.798037454680234],[-123.0743869469915,48.798037354715156],[-123.07462354702096,48.79802855518483],[-123.07485714727648,48.798036154413715],[-123.075199947283,48.79807525435829],[-123.07556414680288,48.798044954505244],[-123.07591354815743,48.798033754658526],[-123.07629474803669,48.79789905445071],[-123.07639224712771,48.79773765438331],[-123.0763920469762,48.79760365420358],[-123.07630034779727,48.797362454511926],[-123.07604894761367,48.79709735433874],[-123.07578174689516,48.796911854943836],[-123.07570824694704,48.79684535500287],[-123.07565654773869,48.79676585474179],[-123.07551504737111,48.796672554630234],[-123.0754469470753,48.79663655443096],[-123.07538974785162,48.7965988547485],[-123.07512094689189,48.79653985466054],[-123.07474504710049,48.79650345445243],[-123.07447664668757,48.79645535478622],[-123.07421994645703,48.79639565442401],[-123.07392724729439,48.796374354455274],[-123.07371624633899,48.796366254794],[-123.0735614464261,48.796342354704166],[-123.07346644599318,48.79630655472055],[-123.07315364670153,48.7962575552397],[-123.0729864471611,48.79621625452688],[-123.07251944683878,48.79603085471021],[-123.07248784611606,48.796014155141194],[-123.07238184681862,48.79593265500193],[-123.07235094703026,48.795881754668294],[-123.07226514683062,48.79572035468519],[-123.072218446281,48.79557435531266],[-123.07218114656787,48.79531235435696],[-123.07218094577613,48.79516075472302],[-123.07221144597445,48.79503885517412],[-123.07219254582836,48.79493935457544],[-123.07216664660277,48.794728454558296],[-123.07216654549876,48.7946341547488],[-123.0721770463674,48.794464154217316],[-123.07219874628025,48.794430454886594],[-123.07228194591532,48.79426515449562],[-123.07218924572439,48.79410215489607],[-123.07221464610691,48.79399515446381],[-123.07225574602319,48.79386405481341],[-123.07229194526047,48.79385565467626],[-123.07265724556322,48.79385535469417],[-123.07283974580407,48.79386385525345],[-123.07341174637594,48.79388115499721],[-123.07358184539713,48.79389825442808],[-123.07391154609414,48.79391705479603],[-123.074129645997,48.793924855085265],[-123.07422794563885,48.79394105454252],[-123.07491694617599,48.79399525502154],[-123.0750946465288,48.794018554380585],[-123.07526724640626,48.794051054865754],[-123.07559194585147,48.79411905411595],[-123.07610164712774,48.794158454626285],[-123.07673074704248,48.79417575427109],[-123.07687684619778,48.79419325451332],[-123.07709824730047,48.79420225409773],[-123.07740544718884,48.79423445425421],[-123.07758044681813,48.79426515383614],[-123.07786304719595,48.7943303540673],[-123.07852414787052,48.79441725432399],[-123.07887194733189,48.79442795437945],[-123.0792395476211,48.79438995393821],[-123.07946774715799,48.794382254062754],[-123.07952724715598,48.79438655409792],[-123.07957714755085,48.79439755414059],[-123.07962584748266,48.79441765345559],[-123.07978554719817,48.79451325408664],[-123.08018454815831,48.794651054034055],[-123.08063694775059,48.794650753302136],[-123.0808399470671,48.794617054111974],[-123.08089994742105,48.79459175390906],[-123.08104234708001,48.79463585421578],[-123.08130374729136,48.79472655358958],[-123.08159574735528,48.79481315407168],[-123.0817208480551,48.79484405325816],[-123.08199204820784,48.79490355400455],[-123.08242554849296,48.79496235370899],[-123.0829281477786,48.79498965390535],[-123.08312964825572,48.79500725357943],[-123.08340034800361,48.79502495348742],[-123.08361424784309,48.79504505376494],[-123.08375354809421,48.795198053502745],[-123.08393994878035,48.79524715364774],[-123.08419874870276,48.79530095370799],[-123.0844911485243,48.795377953669956],[-123.08481354859818,48.79541645345137],[-123.08503894808676,48.795453453169266],[-123.08511354801969,48.79547805376561],[-123.08542604856147,48.795539753674724],[-123.08612134933918,48.79564245339564],[-123.08623884862881,48.79565095293787],[-123.08640594826404,48.79568025350449],[-123.08668094937725,48.795743653405474],[-123.08697834870452,48.795792452802395],[-123.08752914865482,48.795862953348085],[-123.08760024892082,48.79587635273901],[-123.08793864936997,48.79595655340056],[-123.08821494929698,48.7960110530984],[-123.08851624923835,48.79607715330469],[-123.08874554907241,48.79610725343432],[-123.08905264950666,48.796142352964594],[-123.0893466500326,48.79618835318909],[-123.08946474919405,48.79619795316884],[-123.08976434880304,48.79623375271612],[-123.09006984935786,48.79625875259175],[-123.09029054930235,48.79630455260794],[-123.09063135008613,48.79638875259352],[-123.09077084941981,48.79640905289067],[-123.09125844934049,48.79649145240701],[-123.09136794980641,48.796503352668566],[-123.09169475002554,48.79652045287606],[-123.09183875004756,48.79654405215735],[-123.092195249564,48.7965908522911],[-123.09240504995243,48.796611452190476],[-123.09250844931606,48.7967099527735],[-123.09281105011628,48.79682385292851],[-123.09299555045011,48.7968507528901],[-123.0932870496397,48.796879452376444],[-123.09354585031048,48.79689715265758],[-123.09379695060065,48.796921852606715],[-123.09398604963292,48.79695105252836],[-123.09422955026503,48.7970198527808],[-123.09450715032841,48.79712035278429],[-123.09476795040841,48.79718715222962],[-123.0950685504518,48.7972719524756]],[[-123.06902294588167,48.796299954884304],[-123.06900264641835,48.79629955536843],[-123.06898234599768,48.7962985549476],[-123.06896214618168,48.79629695472004],[-123.06894214585061,48.79629465526179],[-123.0689223456543,48.796291655376734],[-123.06890274610616,48.79628815563614],[-123.06888344622277,48.796283854848895],[-123.06886444550997,48.79627905525984],[-123.06884584595616,48.796273655481535],[-123.0688277458607,48.7962675552779],[-123.06881004656665,48.79626095536296],[-123.06879284637334,48.79625375550061],[-123.06877624655125,48.79624605525846],[-123.068760245871,48.79623785502056],[-123.06874474610312,48.796229055264995],[-123.06873004562719,48.796219755657766],[-123.06871604556355,48.79621005562309],[-123.06870274591213,48.7961999551613],[-123.06869024613334,48.79618935566149],[-123.0686784461856,48.79617835492279],[-123.06866754579097,48.79616705557507],[-123.06865754537608,48.79615535513273],[-123.0686483459928,48.79614335502843],[-123.06864014597926,48.796131054977344],[-123.06863274605605,48.79611855492969],[-123.06862634637176,48.796105855029424],[-123.06862084565607,48.79609285570938],[-123.06861634669697,48.796079755434455],[-123.06861284580432,48.79606655535606],[-123.06861034601764,48.7960532555193],[-123.06860874635616,48.796039855637986],[-123.06860824602762,48.796026455520796],[-123.06860824614274,48.796024654874095],[-123.06860874568758,48.796011155382516],[-123.06861034572322,48.79599785502969],[-123.0686128464612,48.79598445544481],[-123.06861634547882,48.7959712550961],[-123.06862084610677,48.79595815555974],[-123.06862624584372,48.79594525540171],[-123.06863264537873,48.79593245562699],[-123.06864004587099,48.79591995560992],[-123.06864824594196,48.795907755590385],[-123.06865734569986,48.79589575576074],[-123.06866744583222,48.79588405487551],[-123.06867824659456,48.79587275541916],[-123.06868994552144,48.79586175500422],[-123.068702445476,48.795851155491206],[-123.06871574529633,48.7958409552549],[-123.06872974545455,48.795831254914795],[-123.06874444566083,48.795821955189496],[-123.06875984620508,48.79581315535965],[-123.06877584574923,48.79580495561612],[-123.068792345843,48.79579715514675],[-123.06880954591631,48.79578995504899],[-123.06882724582212,48.79578335517918],[-123.06884534552148,48.795777255586266],[-123.06886384653464,48.79577175516729],[-123.0688828452127,48.79576695502388],[-123.06890214574723,48.79576265491562],[-123.06892164644276,48.79575905551082],[-123.06894144624634,48.795756055376884],[-123.06896144563173,48.79575375513362],[-123.06898164553921,48.79575205511617],[-123.06900184546392,48.79575105565875],[-123.06902224656133,48.795750655230705],[-123.06904254546907,48.795750955460605],[-123.06906284504583,48.795751955054264],[-123.06908304583335,48.79575355487368],[-123.06910314566395,48.79575585496744],[-123.06912304537002,48.79575885547867],[-123.0691426455613,48.79576245526091],[-123.0691620459879,48.79576665498376],[-123.06918104585418,48.79577145570107],[-123.06919964610061,48.79577695549789],[-123.06921784556515,48.7957829550001],[-123.06923554653245,48.7957895552569],[-123.06925274538192,48.79579675541139],[-123.06926944638404,48.795804555124924],[-123.06928544576895,48.79581275564864],[-123.06930094549652,48.79582155530344],[-123.06931564595952,48.79583085480962],[-123.06932974578473,48.795840555412525],[-123.06934304576441,48.7958507550551],[-123.06935564535668,48.79586135512593],[-123.06936734564309,48.79587235509941],[-123.06937824550062,48.79588365555161],[-123.06938834645001,48.7958953553801],[-123.06939754599034,48.79590735540255],[-123.06940574618186,48.79591965537881],[-123.06941314536168,48.79593225502256],[-123.06941954612971,48.79594505495576],[-123.06942504555195,48.79595795532569],[-123.06942954597983,48.795971055173055],[-123.0694330461828,48.795984354881895],[-123.06943554586846,48.79599775517119],[-123.06943704662292,48.796011155179954],[-123.06943764638463,48.79602455514872],[-123.06943724685588,48.79603805531435],[-123.06943584535287,48.79605155515464],[-123.06943344585308,48.79606495504956],[-123.06943004531529,48.79607825495413],[-123.06942564590655,48.79609135481956],[-123.06942024633034,48.79610445478793],[-123.06941394675921,48.79611725529236],[-123.06940664650402,48.796129855328424],[-123.0693984456716,48.79614215508762],[-123.06938934571451,48.79615425547574],[-123.06937934640868,48.79616605520266],[-123.06936844623256,48.79617745537069],[-123.06935674558481,48.79618845545243],[-123.06934424656714,48.796199155157375],[-123.06933094620507,48.79620935468174],[-123.06931694570206,48.796219155600404],[-123.06930214537539,48.79622855523512],[-123.06928674602223,48.796237354781645],[-123.06927064565605,48.79624565562775],[-123.06925394597405,48.79625345485363],[-123.06923674578711,48.7962606550433],[-123.06921904661641,48.796267355093825],[-123.06920074538061,48.79627345500948],[-123.06918214625071,48.796278955262856],[-123.0691630463951,48.79628375518894],[-123.06914374564786,48.79628805535793],[-123.06912404638648,48.796291655100916],[-123.06910414536328,48.796294654992764],[-123.06908394557821,48.79629695512763],[-123.06906374635206,48.79629855550506],[-123.06904334601563,48.796299554834754],[-123.06902294588167,48.796299954884304]],[[-123.07200604633417,48.797044654613444],[-123.07198574678029,48.797044355006896],[-123.07196544715855,48.79704335482846],[-123.07194524722229,48.7970416547446],[-123.07192524702234,48.7970393547034],[-123.07190544655953,48.79703645470499],[-123.07188584676703,48.79703285508423],[-123.07186654711457,48.79702865497689],[-123.07184764735517,48.79702385504972],[-123.07182904685907,48.79701835454258],[-123.0718108464867,48.79701235550623],[-123.07179314705927,48.797005754925095],[-123.07177604645106,48.79699855504605],[-123.07175934661676,48.79699085544253],[-123.0717433466524,48.79698255481607],[-123.071727947264,48.7969738550806],[-123.07171324651615,48.79696455470668],[-123.0716992467455,48.79695485469495],[-123.07168594707423,48.796944654951865],[-123.07167334686613,48.79693415442445],[-123.07166164626133,48.7969231554999],[-123.07165074674985,48.796911854878424],[-123.07164074713774,48.796900155141955],[-123.07163154673952,48.79688815528921],[-123.07162334600417,48.79687595473929],[-123.07161594722521,48.796863354837114],[-123.07160954652583,48.7968506550997],[-123.07160404631618,48.79683775481145],[-123.07159954634736,48.79682465463935],[-123.07159604661838,48.796811354583625],[-123.0715935458432,48.79679805478723],[-123.07159194643184,48.79678465453431],[-123.07159144695382,48.796771254823916],[-123.07159144629233,48.7967694553684],[-123.07159194641395,48.79675605472125],[-123.07159354646687,48.79674265461659],[-123.07159604717542,48.79672935501064],[-123.07159954712864,48.796716154945294],[-123.07160404690642,48.796703055232925],[-123.07160944582324,48.796690154871605],[-123.07161584637365,48.79667735529152],[-123.07162314693919,48.79666485515585],[-123.07163144639293,48.79665255503744],[-123.07164054633789,48.79664065498611],[-123.07165054599938,48.796628955097106],[-123.0716614465512,48.796617654745184],[-123.07167314729607,48.79660665517805],[-123.07168564671974,48.796596055248166],[-123.07169884688128,48.79658585471697],[-123.07171284595024,48.79657615511224],[-123.07172754575699,48.7965668549055],[-123.07174294682738,48.796558154667636],[-123.07175894700579,48.79654985474038],[-123.07177554717036,48.79654205521711],[-123.07179264663749,48.79653485509586],[-123.07181034638857,48.79652825465919],[-123.07182844655662,48.79652215530089],[-123.07184694715568,48.79651675477082],[-123.0718659473432,48.796511855172696],[-123.07188514658225,48.79650765464911],[-123.07190474624088,48.79650395520292],[-123.07192454583097,48.79650105492456],[-123.07194454692083,48.796498655202605],[-123.07196464666583,48.79649695508425],[-123.07198494604773,48.796495954852155],[-123.07200524584876,48.79649555470451],[-123.07202564611848,48.796495854588905],[-123.07204594728788,48.79649685518119],[-123.07206614696628,48.79649855524041],[-123.07208614691658,48.796500855247686],[-123.07210604630973,48.796503755057046],[-123.07212564645515,48.79650735543827],[-123.07214504629405,48.79651155495552],[-123.07216404683787,48.79651635509749],[-123.07218264657469,48.796521854717184],[-123.07220084613891,48.796527854868444],[-123.07221854665882,48.796534454979046],[-123.07223574632427,48.7965416546207],[-123.07225234654639,48.7965494547524],[-123.07226844596731,48.79655765465701],[-123.07228384677518,48.79656645519864],[-123.07229864668044,48.796575755325215],[-123.07231264646316,48.79658545523603],[-123.07232604715395,48.79659565516107],[-123.0723385467409,48.79660625458882],[-123.0723502467858,48.796617254614276],[-123.07236124680921,48.796628554613896],[-123.07237124713825,48.79664025507607],[-123.0723804464637,48.79665225523078],[-123.07238874684427,48.79666455484092],[-123.07239604664936,48.79667715482074],[-123.07240244633023,48.79668985488142],[-123.07240794706418,48.796702854398255],[-123.07241244604234,48.79671595491039],[-123.07241594695286,48.79672915526645],[-123.07241844705308,48.79674255470328],[-123.07242004672638,48.79675595494032],[-123.07242054646845,48.79676935464569],[-123.07242014666123,48.7967828552452],[-123.07241874732134,48.79679635478275],[-123.07241634691957,48.79680975436075],[-123.07241294603588,48.796823054791595],[-123.07240854624936,48.79683615521369],[-123.07240314692638,48.79684925457348],[-123.07239684634153,48.79686205488018],[-123.07238954685137,48.79687465517756],[-123.07238134674672,48.79688695522517],[-123.07237224690635,48.79689905511653],[-123.0723622473815,48.79691075509232],[-123.07235144729106,48.79692225476493],[-123.07233974721683,48.79693325523991],[-123.0723272469265,48.796943954933376],[-123.07231394705279,48.79695415489829],[-123.07229984666412,48.79696395479952],[-123.07228514684519,48.79697325510747],[-123.07226974603316,48.79698205472703],[-123.07225364749878,48.79699045499279],[-123.07223694684475,48.79699825514162],[-123.07221974628314,48.79700545507189],[-123.07220204669342,48.79701215487706],[-123.0721838468991,48.79701815518155],[-123.07216514626705,48.79702365493169],[-123.072146146464,48.797028555410684],[-123.07212674627851,48.79703275504566],[-123.07210704634261,48.797036354596635],[-123.07208714640942,48.797039354729684],[-123.0720670468309,48.79704165496697],[-123.0720468470771,48.79704335444373],[-123.072026447031,48.79704435522077],[-123.07200604633417,48.797044654613444]]],[[[-123.08810995039333,48.79957515351438],[-123.08824714998885,48.79958755300898],[-123.08833785025062,48.79961655317355],[-123.08848735050886,48.79963755323512],[-123.08878945023346,48.79966405343672],[-123.08888314951923,48.79965275313386],[-123.0890164507996,48.799652553239575],[-123.08920254965714,48.79963115304843],[-123.08940375064047,48.79960305308199],[-123.0896058502024,48.79950265324887],[-123.0897033506616,48.799373453130116],[-123.08970315055542,48.79924715340012],[-123.08964945053653,48.79915885264493],[-123.08957065009496,48.79904215336697],[-123.08951655015484,48.79900055287772],[-123.08946394950978,48.7989427530201],[-123.08939584964615,48.79888295297692],[-123.08927604966306,48.79881005284518],[-123.0891932491608,48.7987691529107],[-123.0891179492744,48.79870715299807],[-123.08902915006351,48.79866115349877],[-123.08898024935311,48.798619753062354],[-123.08885464896144,48.79844315290569],[-123.08881414934802,48.79839745311975],[-123.08877825054331,48.79833835322899],[-123.08870304978164,48.79824325348856],[-123.08867944995103,48.798200653134984],[-123.08859994966855,48.798089452888966],[-123.08854064988905,48.798045453466216],[-123.08850524996915,48.7980032527472],[-123.08831664925317,48.79780725329079],[-123.08823574930496,48.79763805326018],[-123.08821764970094,48.79756665354215],[-123.08808624904024,48.797412052906495],[-123.0879515493648,48.79729515331809],[-123.08782274934427,48.79724615352252],[-123.08775694956738,48.797212453289355],[-123.08763364848865,48.79717145301826],[-123.0875535492784,48.79715785290129],[-123.08748034941812,48.79713825281457],[-123.0873603486099,48.79711785297304],[-123.08725244892608,48.797092253621656],[-123.08676984929303,48.79704785351176],[-123.08667344938877,48.79704325324707],[-123.08660014938376,48.79704585280835],[-123.08643244883599,48.797024552991125],[-123.08621654878807,48.797060453150486],[-123.085959149124,48.797186752909454],[-123.08588404969585,48.79724195355581],[-123.08561884826268,48.797419753314315],[-123.08555324874548,48.797444753541136],[-123.0854503484131,48.79750185313325],[-123.08519664904794,48.79756815352798],[-123.08511774839602,48.79775895338132],[-123.08521054846965,48.79793115361839],[-123.08520204874705,48.79807235370334],[-123.08525784966528,48.798219053473744],[-123.0854190488139,48.798295553763],[-123.08542834894757,48.79833645343708],[-123.08541744905908,48.7984423536147],[-123.08542074867319,48.7984661535421],[-123.08537514887956,48.79858175341684],[-123.0853492488137,48.79861235377735],[-123.08526764935777,48.798686653249995],[-123.08521204965741,48.79884315367817],[-123.08521224950022,48.79894405329315],[-123.08525784891384,48.79905255359879],[-123.08538374908295,48.799154453749175],[-123.0855338496546,48.79920085364991],[-123.08576384908848,48.799261753660744],[-123.08581684989927,48.799268753575106],[-123.08591115004717,48.799299853199436],[-123.0861552491581,48.79934485380489],[-123.086394749907,48.79937545377447],[-123.08649744971505,48.79939385330557],[-123.08657864992811,48.799393853732084],[-123.08676464939293,48.79941075299565],[-123.08683934932009,48.79941075365111],[-123.08688645016534,48.7994132537027],[-123.08697155024383,48.799423453451745],[-123.08702134929595,48.79942335369353],[-123.08707095046782,48.79943225351888],[-123.08715304933408,48.79946625321477],[-123.08721255009685,48.79953215356211],[-123.087455250344,48.79955075321104],[-123.08763284968096,48.799518453109485],[-123.08772164971259,48.799539753254976],[-123.08779744927395,48.79954875319893],[-123.08788514929576,48.799568053220106],[-123.0879880499017,48.79956795350689],[-123.08810995039333,48.79957515351438]]],[[[-123.09327915072302,48.800060652332625],[-123.09340675186402,48.80041795281124],[-123.09363695172637,48.80047805276628],[-123.09375075119195,48.8005035526678],[-123.09382905129762,48.80051145269725],[-123.09395225130224,48.800517552790474],[-123.094037750564,48.80054025261023],[-123.0944654505092,48.800637652467294],[-123.09458035156584,48.80064345291852],[-123.09453505127573,48.80041565275782],[-123.09450905106108,48.80028455285294],[-123.09446075121214,48.80004105295305],[-123.09415745035685,48.7999677525154],[-123.09388755072526,48.79993925292978],[-123.09327915072302,48.800060652332625]]],[[[-123.15649566041748,48.797756045174985],[-123.16378256181454,48.80068574486028],[-123.16710366279112,48.8007123442372],[-123.1672206616301,48.79527114400807],[-123.16723766150984,48.79416914388347],[-123.16723946097893,48.794050744233026],[-123.16785696128565,48.79422234362899],[-123.16836676095845,48.79327974374756],[-123.1682717610132,48.79326854339894],[-123.16807946120204,48.79320674346827],[-123.16785626095316,48.79318944424797],[-123.1676100609628,48.7931527443174],[-123.16741786031582,48.793106943769864],[-123.1672596615447,48.793081144147386],[-123.16711656139051,48.793054544309264],[-123.16701096089288,48.793031443805646],[-123.16686566124156,48.79294884341874],[-123.16674306108946,48.79291884388405],[-123.16659006034713,48.792917744260755],[-123.16647526050423,48.7929216436884],[-123.16632596124445,48.7929733443803],[-123.1662081607899,48.792990643766366],[-123.16609416117511,48.79305584382405],[-123.16602226041446,48.79308764429323],[-123.16595476054327,48.793102644244065],[-123.16592846098169,48.79313754406715],[-123.16587026044857,48.793184443979165],[-123.16573546040064,48.79315034409183],[-123.16564846011646,48.793065343929875],[-123.16550385993392,48.79293694388633],[-123.16543516037511,48.79294884387362],[-123.165279761024,48.79294444440466],[-123.16522936061827,48.79293254418797],[-123.16521946012494,48.79293284391533],[-123.16509466028418,48.793069944555],[-123.1649251609074,48.79304924446201],[-123.16478566055811,48.793000143822475],[-123.16469776096025,48.792896544381485],[-123.16470826014564,48.79281804439009],[-123.1646684598935,48.792804943916224],[-123.16451116076243,48.79280374398146],[-123.16441026073225,48.79275954389231],[-123.16440996072839,48.79267144458328],[-123.16437096044868,48.79261364428423],[-123.16431946052987,48.792584644362506],[-123.16422326000345,48.792504444089076],[-123.16418176103947,48.79250514417901],[-123.16414176026703,48.792517443988785],[-123.16403195999354,48.79256864452512],[-123.16395906073366,48.79262724402377],[-123.16385946049581,48.79265604454671],[-123.16373565979666,48.792671544413935],[-123.16348566057587,48.79274934467344],[-123.16337276079486,48.79282124409031],[-123.16325135953616,48.79282714420438],[-123.16310735984887,48.79278564476004],[-123.16298465987926,48.79269054447153],[-123.16294885943931,48.7926721441834],[-123.1628653595694,48.79267634449054],[-123.16275895964087,48.7927075443501],[-123.16264566047901,48.7927094447207],[-123.16248045993284,48.79264214441705],[-123.16237975950762,48.79259384423337],[-123.16222725962363,48.79253484466419],[-123.16211235959157,48.79248604476939],[-123.16206275965442,48.79241894446028],[-123.1620593603708,48.79237624419826],[-123.16201726019887,48.792359044737346],[-123.16192965980102,48.792355644121976],[-123.16178835964897,48.79236364494523],[-123.16166026024466,48.79239154446106],[-123.16155976011812,48.79234834406396],[-123.1615546603726,48.792247944311164],[-123.16149905954764,48.79214994508796],[-123.16139176025672,48.792160244790914],[-123.1612477601261,48.79221954494252],[-123.16115105968697,48.79217134458764],[-123.16108586005751,48.792116144765],[-123.16111415903369,48.792043544499975],[-123.16110705950585,48.792035245009124],[-123.16108015944066,48.792037344740486],[-123.16097945980607,48.79206874469163],[-123.16083215993444,48.792073044393504],[-123.16079396022748,48.79201514484336],[-123.16068156012241,48.791942444797996],[-123.16062825979631,48.7919003442632],[-123.16050925975503,48.79188234423181],[-123.16033765975381,48.7918930445533],[-123.16014005930808,48.79191844435015],[-123.15999655909101,48.79183864462939],[-123.15991655891818,48.79178814474594],[-123.15984935951157,48.79180444428087],[-123.15979345975141,48.791838945058764],[-123.15967975973506,48.7918795448783],[-123.15954285903604,48.79183204494958],[-123.15946025933377,48.79181574516822],[-123.1593642595436,48.79180434493962],[-123.15927535889216,48.791778344915166],[-123.15924185866531,48.79166474456823],[-123.15934325877517,48.79157794464578],[-123.1594183596296,48.79154924448481],[-123.15943195962122,48.79152104481011],[-123.15935365938243,48.7915080450293],[-123.15917075852313,48.79150834460412],[-123.15906225873428,48.79145834480668],[-123.15900145887584,48.79138804445594],[-123.15888215841363,48.79133654460115],[-123.15881075858941,48.7913177446387],[-123.15881055951719,48.791251144834845],[-123.15888945919775,48.791166745029365],[-123.1591413600519,48.79104604496954],[-123.15914155873388,48.791041944613504],[-123.1590240593299,48.79097544488726],[-123.15892935961169,48.79090714487296],[-123.15887395936483,48.79082584425201],[-123.15870955827496,48.79080504461757],[-123.15857075917636,48.790761045127766],[-123.1584062588953,48.7906715451003],[-123.15831595860712,48.790615945107646],[-123.15815705880699,48.79057674529117],[-123.15797095870593,48.79058034493756],[-123.1579333587346,48.79063034474767],[-123.1578648582933,48.79067574479274],[-123.15768105915153,48.79071244492587],[-123.15761155821033,48.79061764506778],[-123.15757665912831,48.79060564491989],[-123.1574852593626,48.79064774491735],[-123.15735785849087,48.79064254523958],[-123.15723035951612,48.79060624502793],[-123.15696085846484,48.79058724521566],[-123.15683755878736,48.79055924465048],[-123.15671465870987,48.79052544508114],[-123.1565672578775,48.79052284480934],[-123.1564715592188,48.790490544941356],[-123.15642195888306,48.79046024456301],[-123.15631075824012,48.790543145336194],[-123.15629795919263,48.790564245000944],[-123.15629175830982,48.79059194468621],[-123.15630135821168,48.790646545076456],[-123.15629305864161,48.79066304457301],[-123.15627115885579,48.790672145224995],[-123.15623025852747,48.79067214480685],[-123.15619575909331,48.79066534478598],[-123.15616745807593,48.79064944504236],[-123.1561212579011,48.79060254491611],[-123.15607655871376,48.79057614532798],[-123.1559082586337,48.79049004554733],[-123.15568695805926,48.79035264479713],[-123.15549065798962,48.79024204535214],[-123.15547185858807,48.790186545246485],[-123.15546865861661,48.790161945371096],[-123.15540015826333,48.79017024532911],[-123.15533485849711,48.790155944847676],[-123.1552445583697,48.790125244737226],[-123.15516355795293,48.79010884573645],[-123.15502985882213,48.79011934498383],[-123.15492725819655,48.790144144788684],[-123.15480595845777,48.790160745201995],[-123.1547032577797,48.79014644519665],[-123.15463165803851,48.79011574527158],[-123.15455055895357,48.790064545431164],[-123.15443505815263,48.7899229454345],[-123.15436015764791,48.78986754516397],[-123.15426975760452,48.7898121450338],[-123.15419505829841,48.789787645027225],[-123.15409245790157,48.78979594512907],[-123.15396175740858,48.78979004521781],[-123.15385585769104,48.78976544516094],[-123.15379665764901,48.78973064579258],[-123.15371115779398,48.78966384514521],[-123.15362695796293,48.78961264491509],[-123.15356455759714,48.789567545441166],[-123.1534524581255,48.78952654572486],[-123.15331865762529,48.78950004541778],[-123.15319415858424,48.78948994548097],[-123.15306965762652,48.78948594512917],[-123.15292255781814,48.78947104500079],[-123.1528119580662,48.78941804509504],[-123.15274935828593,48.789352845285826],[-123.1526769580942,48.789242045275934],[-123.1526395574763,48.789198945064285],[-123.15255865758024,48.7892072457889],[-123.15251525816383,48.789252545129834],[-123.15245005733124,48.78930604528999],[-123.15237865842337,48.789349245515695],[-123.15232585789629,48.78937394564523],[-123.15210445723959,48.78936744575663],[-123.15202645741186,48.78934694539505],[-123.15194825714507,48.78928514564157],[-123.15194805769738,48.78922674591742],[-123.15196775774834,48.789149545221804],[-123.15199555721168,48.78910634573986],[-123.15200795738912,48.78907754504342],[-123.15198915788123,48.789052945161195],[-123.15186165687976,48.78904074557252],[-123.15171225793718,48.789020445324525],[-123.15158785736537,48.78903494589556],[-123.15154025666341,48.789034245356845],[-123.15145205816819,48.789020245772846],[-123.15137345759602,48.78899774588261],[-123.15131015810188,48.7889724457753],[-123.15123055817638,48.78892184569641],[-123.15116735685685,48.78886294531782],[-123.15107695707873,48.788817845231485],[-123.1509710567507,48.78877284558346],[-123.1508465572465,48.788731845900756],[-123.15073445644649,48.7887073454097],[-123.15034555730156,48.78870584554704],[-123.15020555769408,48.78869364571848],[-123.14989425654413,48.78861604563497],[-123.14976345748063,48.7885792459497],[-123.14950515765669,48.78854054588549],[-123.14939925753986,48.78850984602],[-123.14930265666891,48.7884544453804],[-123.14921225668823,48.788388845462606],[-123.14914995728824,48.788356045843],[-123.14907835620735,48.788337645881555],[-123.14893825670462,48.788319346272196],[-123.14882145750519,48.78831204602218],[-123.14857885601538,48.788316545603664],[-123.14851345748657,48.788310446102805],[-123.14827055643694,48.78822444636009],[-123.14815855693158,48.78819994589666],[-123.14804025634378,48.788181646042624],[-123.1479531567435,48.78817554562488],[-123.14785045657065,48.788157146097575],[-123.14779435631955,48.78812644566788],[-123.14774755698443,48.788075145811504],[-123.14775975726933,48.7880011460355],[-123.14776265655489,48.787931346235254],[-123.1477562569118,48.787875845562944],[-123.1477250566125,48.78785324578201],[-123.14763805618954,48.787863645960364],[-123.1474453570819,48.78793784576153],[-123.14735205688594,48.787956446293535],[-123.14723075570393,48.78795254570489],[-123.14710005598705,48.787921846380435],[-123.14695675628921,48.78787484601831],[-123.14684785676975,48.787844146103915],[-123.14667705570615,48.7878334457877],[-123.14655255647858,48.78780274631043],[-123.14642185558462,48.787792645813056],[-123.1463067565048,48.78776604616018],[-123.14619145609622,48.787723046543825],[-123.14607315611406,48.78767394572875],[-123.14595175616829,48.78765964600537],[-123.14581165573729,48.787631146246646],[-123.14568405604588,48.787598346567805],[-123.14557815567629,48.78756564585675],[-123.14547225576626,48.7875103466065],[-123.14539735653132,48.78744094646131],[-123.14530085545829,48.78742014589269],[-123.14521375572569,48.78740584609222],[-123.14434495573106,48.78705894583648],[-123.14360155588146,48.786856845944286],[-123.14342155578657,48.786586246660505],[-123.14239585575292,48.78619814662102],[-123.14144085493027,48.78602714614222],[-123.14019105529431,48.78549004662491],[-123.13921665500251,48.78510194699292],[-123.13826855378774,48.784933746667754],[-123.1373201543562,48.784681046972516],[-123.13462345268113,48.78355584697251],[-123.13447135353725,48.783516046738136],[-123.13127445295216,48.78267954767308],[-123.13024925214526,48.78243244723153],[-123.1290187521119,48.78198244816674],[-123.12836925211207,48.78171244808062],[-123.12768565124107,48.78146494781825],[-123.12655835139036,48.78130814771931],[-123.12549855106779,48.7808354482628],[-123.12409705135958,48.78029534804596],[-123.12348235082484,48.780208947801356],[-123.12266235083337,48.78009374827176],[-123.12167184981057,48.77998194874274],[-123.12030504998818,48.77962234818948],[-123.11869974947454,48.77946604909999],[-123.11743604882913,48.779354449038266],[-123.11538694893184,48.77924364898693],[-123.11422564893276,48.779132049159536],[-123.11333724883677,48.77888464914656],[-123.11314534835685,48.77866644905016],[-123.11284124870433,48.778562249592824],[-123.11278384821354,48.77852854911347],[-123.1124846484619,48.77852704978731],[-123.11210714833632,48.77852524996117],[-123.11197814870123,48.778696249538044],[-123.11187504881427,48.77889934931155],[-123.11167754882085,48.77917724925371],[-123.11153974854034,48.77924854922373],[-123.11126254880836,48.7793766493049],[-123.11118614867246,48.77941494935575],[-123.11112144775396,48.77941944975358],[-123.11066484759104,48.77957784962931],[-123.11049254797119,48.77963334988739],[-123.11044114824757,48.77963904980525],[-123.11038274817543,48.779641349673724],[-123.11022814893028,48.77962474974579],[-123.10977604783064,48.77952564969449],[-123.10954084875283,48.77950334999439],[-123.1092775474302,48.779457849692385],[-123.10902454857916,48.779450349545534],[-123.10877394879236,48.77944875012307],[-123.10834554779507,48.77936325044027],[-123.10803204800305,48.779304450073305],[-123.10765924723157,48.779258249905624],[-123.10732494779006,48.77921205004145],[-123.10715524775027,48.779208349675805],[-123.10688754713073,48.779150350413204],[-123.10667104758569,48.77912895002777],[-123.10647694710212,48.77908564996228],[-123.10622074772489,48.77905205046141],[-123.1059993471578,48.779014549881104],[-123.10528474750681,48.778976749950814],[-123.10489784704815,48.77891565022516],[-123.10445194753285,48.77887755046952],[-123.1041355474917,48.77885905074203],[-123.10345444673992,48.77877565016527],[-123.10307394737313,48.77875595025401],[-123.10281934731873,48.77873775066003],[-123.10258394690806,48.778708150592266],[-123.10227544630827,48.77866285031084],[-123.10206534657846,48.77863875073876],[-123.10190204627551,48.77863115101806],[-123.1017164462243,48.77862945051016],[-123.10142744635725,48.77860125051967],[-123.1010042462156,48.778544651182244],[-123.10100424692628,48.77877445104445],[-123.10100344698695,48.779322650853466],[-123.10099514751295,48.784814651043696],[-123.1123361505984,48.78691495016835],[-123.11230365122903,48.78929395018307],[-123.11227015198438,48.79175374985975],[-123.1130001513465,48.791971250144336],[-123.11387975283016,48.79223324984107],[-123.11435765164303,48.7923756499794],[-123.11493775308368,48.79254735008103],[-123.11548485296096,48.792709249859904],[-123.11623875308648,48.79287784998948],[-123.11661555296845,48.79296135010474],[-123.11727335265329,48.792906250121696],[-123.11778175215078,48.793002149358514],[-123.11782455315969,48.79301024965999],[-123.1233111540359,48.79307744890434],[-123.13437145581753,48.79321184753261],[-123.13433525623978,48.79433554780563],[-123.14526435833065,48.797589546951414],[-123.14989655963959,48.79896674633493],[-123.15590096079724,48.79769674526873],[-123.1561940605668,48.797634745205],[-123.15649566041748,48.797756045174985]]],[[[-123.14540405486198,48.78604214590843],[-123.14452305515084,48.78603884609464],[-123.14460255510298,48.7860813463528],[-123.14540335501951,48.786192846065774],[-123.14540405486198,48.78604214590843]]],[[[-123.24997157070761,48.77970123419123],[-123.25013587092525,48.77979833420715],[-123.250130471231,48.77989123397568],[-123.25021827126596,48.77997083382711],[-123.25024767034323,48.78005343393265],[-123.25024657115854,48.78053813373094],[-123.2503460707876,48.780737634429855],[-123.25052577102348,48.780971333910045],[-123.25066617166306,48.78112713357945],[-123.25066087162821,48.7811552337256],[-123.25064997112592,48.78132243417032],[-123.25059947073717,48.78139263394463],[-123.25049387211706,48.781503233956364],[-123.25036087142882,48.78174543394193],[-123.2503724718142,48.78192993416275],[-123.25040597138279,48.782117434328335],[-123.25053127224116,48.78252963386624],[-123.25052467136304,48.78276573371653],[-123.25055897116337,48.783138834041246],[-123.25064147200465,48.783538433969184],[-123.25084357279573,48.78398493416114],[-123.25099257148138,48.78434873387238],[-123.25113687250753,48.78456393426818],[-123.25124687208057,48.78481673364524],[-123.25153497277879,48.78534933371484],[-123.25169237253337,48.78573193377823],[-123.25211067289483,48.786293233616576],[-123.2522765723918,48.786677033694616],[-123.25263137347568,48.78667953398679],[-123.2529094736986,48.78668153395205],[-123.25299917308087,48.786682133435356],[-123.25538307429942,48.78669913380356],[-123.25576027422255,48.78670173364822],[-123.25829917335787,48.78671973315036],[-123.25831707305403,48.78488243315197],[-123.25835247292956,48.7812606333129],[-123.25099587185755,48.78123863383547],[-123.2510000708005,48.781174134108866],[-123.25101837121197,48.781077933422615],[-123.25082397130386,48.780862833452964],[-123.25066107100108,48.78065103354691],[-123.25058677113898,48.78050223365906],[-123.250587871717,48.780027534027205],[-123.2505336713374,48.779875134197646],[-123.25047487163481,48.77982193394036],[-123.25048187053483,48.779701234128304],[-123.25028257019906,48.779583433939756],[-123.25024987042383,48.779476633936135],[-123.2499024709405,48.779475533746975],[-123.24997157070761,48.77970123419123]]],[[[-123.19569876338143,48.78340804005857],[-123.19563346275837,48.78436754001908],[-123.19509106278768,48.78495794051328],[-123.19709836305402,48.7836089398517],[-123.19681566310778,48.78326474032688],[-123.19660356271486,48.78317873993536],[-123.19615006280411,48.78299484023726],[-123.19569876338143,48.78340804005857]]],[[[-123.16675316058924,48.79288294373394],[-123.16689426142541,48.792917544002194],[-123.167037660353,48.792999343711145],[-123.16727356074092,48.79304634436239],[-123.1674336606239,48.79307244420276],[-123.1676253612384,48.79311814379337],[-123.1678654606686,48.79315394395226],[-123.16809496114402,48.79317164362263],[-123.1682887609693,48.79323394400981],[-123.16838536039788,48.79324544363613],[-123.16847746173738,48.79307504408752],[-123.16726516144955,48.79275664383147],[-123.16725816101143,48.792765144067964],[-123.16725026124645,48.79277334336488],[-123.16724146169202,48.792781043974855],[-123.16723186144854,48.79278834412122],[-123.1672215614885,48.7927952439864],[-123.16721046044042,48.792801543631555],[-123.16719876135447,48.792807343513246],[-123.16718646119067,48.79281264358941],[-123.16717356077926,48.79281724371896],[-123.1671602613593,48.792821243931705],[-123.16714646073004,48.792824644429686],[-123.16713246076775,48.79282734366116],[-123.16711816102008,48.79282934426364],[-123.1671035608444,48.79283074389284],[-123.16708896140806,48.79283144420279],[-123.16707436102418,48.792831344290285],[-123.16705976132052,48.79283064352619],[-123.16704526087346,48.792829244395755],[-123.16703096136555,48.79282714387653],[-123.16701686092267,48.79282434355041],[-123.16700316136654,48.79282094425983],[-123.16698986042752,48.79281684428997],[-123.16697706128794,48.79281224400663],[-123.16696476051011,48.79280694361254],[-123.16695306075425,48.79280104419398],[-123.16694206112066,48.79279464397516],[-123.16693176096351,48.79278774415315],[-123.16692226119419,48.792780443378916],[-123.16691356064483,48.79277264357014],[-123.16690576080939,48.79276444418957],[-123.1668988603979,48.79275594409017],[-123.16689286069959,48.79274704441952],[-123.16688786068973,48.79273794387796],[-123.16688386153307,48.79272864408939],[-123.16688096057835,48.79271914438343],[-123.16687896125379,48.79270954414211],[-123.1668780605272,48.79269994373922],[-123.1668782609163,48.792690243937315],[-123.16687946074117,48.79268054421765],[-123.16688176078785,48.79267104370725],[-123.16688506085158,48.792661544090855],[-123.16688936126805,48.7926523435916],[-123.1668945611256,48.792643343558716],[-123.16690086055637,48.79263454393137],[-123.1669080610534,48.7926261441406],[-123.16691616151184,48.79261804409502],[-123.16692506083503,48.79261034408756],[-123.1669348605167,48.79260314358036],[-123.16694536100692,48.79259644344573],[-123.16695656120113,48.7925901435922],[-123.16696846137299,48.79258454425135],[-123.16698086105578,48.79257944371938],[-123.16699386045171,48.792574943852166],[-123.16700726065744,48.79257104432533],[-123.16702116135589,48.79256784417411],[-123.16703526092134,48.79256524399701],[-123.16704966143108,48.79256334406798],[-123.16706416094196,48.792562144021076],[-123.16707876126618,48.7925616442831],[-123.16709346059302,48.79256184442711],[-123.1671080601433,48.79256264365298],[-123.1671224610925,48.79256424396898],[-123.16713676091412,48.79256654422824],[-123.16715076082886,48.79256944363062],[-123.16716436103081,48.792572943617294],[-123.16717756081411,48.79257714385276],[-123.16719026043606,48.79258204376946],[-123.16720236033771,48.79258744385601],[-123.16721396078508,48.79259344395988],[-123.16722476079731,48.79259994348353],[-123.16723486070053,48.79260694380696],[-123.1672442606182,48.79261434445413],[-123.16725276035734,48.79262224395425],[-123.16726036120669,48.79263054345499],[-123.1672670614146,48.792639144062164],[-123.16728336047474,48.79165554355079],[-123.1661595608559,48.79131224404421],[-123.16503696065111,48.791161343963815],[-123.16399465947303,48.79101254411492],[-123.16278825951622,48.7908722445187],[-123.1628228593279,48.78998604441838],[-123.16255065988892,48.78998354389884],[-123.1623954596529,48.789982144672],[-123.16146075921596,48.78979354425784],[-123.15631915872626,48.789744645373744],[-123.15633015787664,48.78883544460307],[-123.15489365790798,48.788640445281985],[-123.15100325681688,48.787634445120204],[-123.15083815698335,48.787616545804696],[-123.14949965689777,48.78747144574014],[-123.1484556564621,48.78730874616464],[-123.1460286563952,48.78652374596921],[-123.14598245537525,48.78650904575182],[-123.14593585548168,48.786495046086564],[-123.14588895620791,48.78648154580295],[-123.14584165594879,48.786468545891836],[-123.14579405613189,48.78645614583508],[-123.14574605638062,48.78644434623885],[-123.14569775601431,48.78643304640662],[-123.14564915608518,48.78642234642707],[-123.14560035573739,48.78641224607783],[-123.14555125582304,48.786402745580375],[-123.14550185586899,48.78639374565685],[-123.14545225607294,48.786385346174335],[-123.14540245585074,48.786377546320516],[-123.14495465518009,48.78630904652024],[-123.1444982548883,48.78623624612635],[-123.14417735511358,48.786134845892896],[-123.14406265502652,48.786037146184825],[-123.14373755582365,48.78589274624168],[-123.14323445569309,48.7855660461041],[-123.14266775527875,48.7853487460447],[-123.14251905483951,48.785321046312504],[-123.1420677545638,48.78523614669901],[-123.14202035496463,48.78522694595689],[-123.14197315522907,48.78521714674418],[-123.1419263547547,48.78520684670536],[-123.14187975497804,48.78519584652677],[-123.14183355400336,48.785184246246374],[-123.14178765450013,48.78517204651001],[-123.14174225521839,48.7851593461593],[-123.14169705522846,48.785146046528965],[-123.14165235518539,48.78513204653544],[-123.1416080542294,48.7851176461934],[-123.14156425503415,48.78510254591695],[-123.1415208550487,48.78508694682859],[-123.14147785556744,48.785070846535646],[-123.14143545453632,48.78505404686231],[-123.14139345505525,48.78503684607455],[-123.14135205507013,48.785019045996705],[-123.14131115467156,48.78500074650837],[-123.14127075450703,48.784981946413716],[-123.14123095506986,48.784962546646696],[-123.14119175482516,48.78494274653095],[-123.14115305435573,48.78492234653455],[-123.14044325431475,48.784539046861525],[-123.14040595463679,48.784519346662954],[-123.14036805487899,48.78450024691362],[-123.14032955464627,48.784481646327556],[-123.14029045433229,48.78446364618908],[-123.14025075470613,48.78444614683614],[-123.14021045383288,48.784429246305145],[-123.14016965459811,48.784412846769094],[-123.140128253926,48.78439714652643],[-123.14008645403159,48.78438194706104],[-123.14004415487804,48.78436744671405],[-123.14000135373679,48.784353446504426],[-123.1399580544979,48.78434014703558],[-123.13991445504854,48.78432744658984],[-123.13987035464741,48.784315346367755],[-123.139825854056,48.78430394705315],[-123.13978105447806,48.78429314637522],[-123.1397358536666,48.78428294651514],[-123.13969035425797,48.784273446575696],[-123.1396445544393,48.78426464612905],[-123.13959855347441,48.78425644649468],[-123.13955215372614,48.78424884690667],[-123.13950565365465,48.78424194680632],[-123.13945885374694,48.78423574700894],[-123.13941185437058,48.78423024691409],[-123.1386407544226,48.78414494704125],[-123.13858795379348,48.78413874730725],[-123.13853535332325,48.78413184662482],[-123.13848295398634,48.78412434709132],[-123.13843075358434,48.784116146994734],[-123.13837885488208,48.784107246975864],[-123.13832715369837,48.78409774725249],[-123.13827575363683,48.78408754679586],[-123.13822475422968,48.78407674667721],[-123.13817395357614,48.784065346470925],[-123.13812355332021,48.78405314685455],[-123.1380735541783,48.78404044685452],[-123.1380238537117,48.78402704689347],[-123.13797465427844,48.78401304667516],[-123.13792575352451,48.78399834649715],[-123.13787735361372,48.78398314653636],[-123.13782935333704,48.78396724683077],[-123.13778195324048,48.78395074665732],[-123.13773495381628,48.78393364682899],[-123.13768845420607,48.78391594713293],[-123.13764245363497,48.783897747230775],[-123.13759705402558,48.78387884720344],[-123.13755215345765,48.78385944697181],[-123.13750795402812,48.78383944649166],[-123.13746425422394,48.78381894662106],[-123.13742115338044,48.783797846674496],[-123.13737865330938,48.78377614708039],[-123.13733685360329,48.78375394690253],[-123.13729565389411,48.7837312467399],[-123.13725515390395,48.783708047192164],[-123.13721535324632,48.78368424697552],[-123.13717615362029,48.783660046865144],[-123.13713775408249,48.78363534677493],[-123.13710015359952,48.78361004661771],[-123.136594452895,48.78326494694055],[-123.13582385316934,48.7828388475256],[-123.13578315335661,48.78281674741618],[-123.1357418538277,48.78279504677587],[-123.1357001538224,48.782773847277184],[-123.13565775295287,48.7827531475027],[-123.13561495348088,48.78273294728706],[-123.13557155306194,48.782713146921836],[-123.13552765347369,48.7826939471825],[-123.13548335302235,48.78267514729655],[-123.13543845265124,48.78265684734638],[-123.13539315367339,48.78263904695136],[-123.13534745343048,48.78262184735244],[-123.13530125260164,48.78260504700324],[-123.13525465296277,48.7825888466795],[-123.13520765283694,48.782573147489295],[-123.13516015359723,48.78255804691022],[-123.13448475338203,48.782346647193776],[-123.13380425309359,48.78204054744968],[-123.13334695253147,48.78180914696457],[-123.132581952178,48.78124694697252],[-123.13224705239841,48.781083047292476],[-123.13161205143375,48.78088954716242],[-123.13026155181073,48.780582347629284],[-123.12874885097179,48.78009624782787],[-123.1277862512572,48.779792147283146],[-123.124981450121,48.778760647855556],[-123.12385375098302,48.77870054814888],[-123.12365635080238,48.778580248034245],[-123.12350405058329,48.77857974830283],[-123.11777134887971,48.77855244924236],[-123.1179578488983,48.77794614855187],[-123.1175198487624,48.777887248842156],[-123.11710304856658,48.777780348693796],[-123.11535614820721,48.77733214882958],[-123.11512044877003,48.77727164944264],[-123.11489054807333,48.77720204908531],[-123.11500214918988,48.77853924909191],[-123.11286644887029,48.77852894950058],[-123.1131844485997,48.77863924934345],[-123.11337514879743,48.77885614889543],[-123.11424034894097,48.77909704951654],[-123.11539304904636,48.77920794911562],[-123.11744185007365,48.779318649129465],[-123.11870734946571,48.77943034911493],[-123.12031924945555,48.77958734853247],[-123.12168664988953,48.77994714829881],[-123.12267265041717,48.780058448830864],[-123.12348285089395,48.780172248668585],[-123.12411695064671,48.78026134787846],[-123.12552745054083,48.780804947782215],[-123.12657995130651,48.7812744483557],[-123.12770475228258,48.781430847871576],[-123.12839685165419,48.781681347910265],[-123.1290464525144,48.78195154774927],[-123.13027195231047,48.78239964747356],[-123.13129375254813,48.78264594765341],[-123.13447175333653,48.78347744682605],[-123.13464825377916,48.783523647196574],[-123.13734505377627,48.78464884696455],[-123.13828585374581,48.78489954662107],[-123.13923815443856,48.78506844718114],[-123.14021995441948,48.78545954692762],[-123.1414701545786,48.785996846555506],[-123.14164575454775,48.78602794658144],[-123.14241675472093,48.7861646464181],[-123.14346415530555,48.786560846571795],[-123.1436426559919,48.78682904587615],[-123.14436955548183,48.78702674682191],[-123.14524195532665,48.7873750459494],[-123.1453195564182,48.7874036462115],[-123.14539745643971,48.78741394614216],[-123.14553145638625,48.78752874631087],[-123.1456123559461,48.787555346343474],[-123.14577735591516,48.78759824585141],[-123.14595785676559,48.78762064618051],[-123.14609175592369,48.787657445676935],[-123.14622565616082,48.78770864654616],[-123.14635025706298,48.787751646226084],[-123.1465151559409,48.78778014594299],[-123.14670505720757,48.78780664621206],[-123.14683575614602,48.787818845860464],[-123.14698515680665,48.78785764626333],[-123.14713145614782,48.78790474633403],[-123.14724665633237,48.787927145676825],[-123.14736445640698,48.78793184620329],[-123.14759755650331,48.787841146246336],[-123.1476690568047,48.787820445939936],[-123.14776235620208,48.78782444595493],[-123.14780295727053,48.78786754596499],[-123.14780625644632,48.78794764631823],[-123.14779725711078,48.78804424580162],[-123.14781605705355,48.788109945528575],[-123.1478721567851,48.78813664615137],[-123.14794685600526,48.78815504602589],[-123.1480930564858,48.78816304569602],[-123.14821765671935,48.788189546272726],[-123.14832035687031,48.78822434605593],[-123.14840755663072,48.78825924583667],[-123.1485227570023,48.78828374604135],[-123.14865345724404,48.788297945940315],[-123.14884325691483,48.78829564588934],[-123.14912325682752,48.78831784566582],[-123.14924475702674,48.78836704606283],[-123.14934765643179,48.7884511459597],[-123.14943655661257,48.78849954610309],[-123.14955795738858,48.78853014564093],[-123.14971045628403,48.78854844551175],[-123.14987855682308,48.78856264601927],[-123.14999375668741,48.788609745360375],[-123.15013075692293,48.78865684561016],[-123.15030195710072,48.788677145309585],[-123.1504325570731,48.78866664574348],[-123.15058185737745,48.78866854604325],[-123.15078725711702,48.78868674567812],[-123.15083705678812,48.788699045330546],[-123.15106755723791,48.78877684594335],[-123.15118895713509,48.78882594526287],[-123.15127495705208,48.78890254546783],[-123.15134505760196,48.78895214517996],[-123.15142635741698,48.78898134549313],[-123.15149645781274,48.78899874580043],[-123.15158525675265,48.789007645441025],[-123.15180865818057,48.78900384573225],[-123.15198365722812,48.789035045208436],[-123.15201295663236,48.78904474529959],[-123.15204375742333,48.789059345435405],[-123.152061757007,48.78908864535238],[-123.15205985696333,48.78911714559024],[-123.15203925694195,48.789137145385396],[-123.15202065793295,48.7891782450842],[-123.15202095743822,48.78927474513373],[-123.15205755734347,48.78931594549641],[-123.15211485821234,48.78933644529506],[-123.15221185723784,48.789347045148695],[-123.15231055804219,48.78934634559104],[-123.15236645773433,48.78932154589356],[-123.15244095832627,48.789270145663814],[-123.15248125804912,48.78922284515081],[-123.15253065827241,48.7891908456338],[-123.15258965732598,48.789168145488055],[-123.1526705573476,48.78917624582733],[-123.1527266575466,48.78921934516145],[-123.1527508578131,48.78928124558181],[-123.15278165798402,48.789325945635056],[-123.15283045841232,48.78938124547492],[-123.15288095798628,48.789417245539134],[-123.15293655732172,48.78944424578603],[-123.15301005810694,48.78945604544761],[-123.15309145805392,48.7894633457505],[-123.15327185782554,48.78947334491975],[-123.1534025577538,48.789489645162526],[-123.15353955784163,48.78952854569614],[-123.15374525730947,48.78964534513186],[-123.15380765823768,48.7897110447655],[-123.15389485829395,48.789745845620935],[-123.15399445796982,48.78975804483419],[-123.15410645798855,48.78975784484285],[-123.15419665790625,48.789751545241614],[-123.1542744585371,48.78976174497256],[-123.15434305808814,48.789806845684204],[-123.15444285782553,48.789882745025125],[-123.15451155778848,48.789950445192055],[-123.15457085864799,48.79002634521436],[-123.15466445861802,48.79010224551592],[-123.15472495807222,48.79012594479181],[-123.154858758307,48.79013394566743],[-123.1549738577805,48.79011124495964],[-123.1550888580884,48.79008224521935],[-123.15517905764808,48.79008014503489],[-123.15524445746286,48.79009234502118],[-123.1553472583646,48.790137445380104],[-123.15539075810354,48.790143545456644],[-123.15543745750851,48.79012904501173],[-123.15547165799806,48.79012494537977],[-123.15550595851525,48.79015364536457],[-123.15552785856286,48.79020494470732],[-123.15561205877869,48.79026644469648],[-123.1557179590911,48.79031774533575],[-123.15594245862016,48.79046944490988],[-123.15612535851693,48.79056584507611],[-123.15615265784791,48.79058654501914],[-123.15617885808851,48.790616244965086],[-123.15619465909656,48.79064114497905],[-123.15622505823056,48.79065554534149],[-123.15626375838596,48.79065694485056],[-123.15627625863965,48.79065134513263],[-123.15626045885749,48.790598844763394],[-123.15626865934296,48.790557445159315],[-123.15629985851297,48.79050344464306],[-123.1563113587977,48.79049824462516],[-123.15641445845995,48.790406645150085],[-123.15650305834042,48.79046074512584],[-123.15658105881356,48.79048704507491],[-123.15672625882013,48.79048964456309],[-123.15685685838253,48.79052564517873],[-123.15697275894394,48.790551844706364],[-123.15724425839745,48.79057094532221],[-123.15737065852973,48.79060694533422],[-123.15746965928027,48.7906110446118],[-123.15757265851366,48.79056354528861],[-123.15765265921833,48.790591244597714],[-123.15770975835912,48.79066914514285],[-123.15783595837594,48.7906438448473],[-123.15788845831014,48.790609045073914],[-123.15793665873836,48.79054504444966],[-123.1581661588199,48.79054054505914],[-123.1583451590706,48.79058474436547],[-123.15844215901195,48.790644444512814],[-123.15860025925898,48.79073044447239],[-123.1587267595725,48.79077064485463],[-123.15891205934128,48.790794045042844],[-123.15897545917717,48.790887144681435],[-123.15906195896545,48.79094954528505],[-123.15919685904117,48.79102584473818],[-123.15919495889354,48.791064844366396],[-123.15893015943293,48.79119174481445],[-123.15886505943537,48.79126134434887],[-123.1588651588459,48.791293344668475],[-123.15890735940451,48.7913044446464],[-123.15904225917643,48.79136264433667],[-123.15910345866938,48.791433444936395],[-123.15918775982152,48.79147234470727],[-123.15936035921321,48.79147204527951],[-123.15950146002498,48.79149554471052],[-123.15946385970763,48.79157344474752],[-123.15937975917561,48.79160554481609],[-123.15929995922063,48.791673844992346],[-123.15932335897469,48.79175304504176],[-123.15938025972339,48.79176964497006],[-123.15947295937254,48.79178064504902],[-123.15956345915775,48.79179864444868],[-123.15967935937472,48.79183874490033],[-123.15976135922591,48.791809444544505],[-123.15982015897463,48.791773244819844],[-123.15992955919468,48.79174664507077],[-123.1600329599846,48.791811844855665],[-123.16015525959153,48.791879845093035],[-123.16032985983024,48.79185734464512],[-123.16051295967351,48.79184594439687],[-123.16065825941726,48.79186804485073],[-123.16072155939396,48.791918044462804],[-123.16083965961593,48.7919943443661],[-123.16086716005104,48.792036044101174],[-123.16096605935559,48.7920330450104],[-123.16106495994711,48.7920023448711],[-123.16113645954798,48.79199664482183],[-123.16117235958936,48.79203834434991],[-123.16114525969725,48.79210794484509],[-123.16118956006392,48.792145444697496],[-123.16125065986151,48.792175944586745],[-123.1613726600755,48.792125744916866],[-123.1615346593034,48.79211014427098],[-123.16160876049936,48.79224084449584],[-123.16161325975291,48.79232844469191],[-123.16166806059867,48.792351944453756],[-123.16177745952517,48.79232814425407],[-123.16192896066113,48.792319644443104],[-123.16203416013724,48.792323644113246],[-123.16211216062663,48.7923555443336],[-123.16211656011617,48.792409744646044],[-123.16215465971179,48.79246114462879],[-123.16225576074049,48.79250414451443],[-123.16240966073293,48.79256374452117],[-123.16251085969401,48.79261224446645],[-123.16266045990515,48.79267324409292],[-123.16274676021787,48.7926717444696],[-123.16285196002488,48.792640944452586],[-123.16296556033764,48.792635244297394],[-123.16302246037984,48.79266434477505],[-123.16314066054085,48.79275604384784],[-123.16326076012967,48.79279064394108],[-123.16334916016203,48.792786344072816],[-123.1634541602192,48.79271934398654],[-123.16371915989866,48.792636944571896],[-123.16384325979521,48.79262144443296],[-123.16392526014744,48.79259774433307],[-123.1639945603876,48.79254204448665],[-123.16411436092223,48.79248624409777],[-123.1641690603257,48.792469444521224],[-123.16424906060313,48.792467944342604],[-123.1643587601113,48.79255954435987],[-123.1644157605965,48.792591443892675],[-123.1644643608653,48.792663744014966],[-123.16446466091124,48.79274024452976],[-123.16452786026736,48.7927679446434],[-123.16468156055112,48.792769144404716],[-123.16476575994533,48.792796843909464],[-123.16475346026711,48.79288864450624],[-123.16482536000451,48.79297334418373],[-123.16494336110232,48.7930148442551],[-123.16506756055692,48.79303004398326],[-123.16518716060412,48.79289774377099],[-123.16523766007597,48.79289624400107],[-123.16529026120901,48.79290874443091],[-123.16542926049131,48.79291264395722],[-123.16552596089181,48.79289584396423],[-123.16569276098822,48.79304444385934],[-123.16577096095214,48.79312074359739],[-123.16585306103572,48.79314154377454],[-123.16588246146299,48.79311784415467],[-123.16591596075817,48.793073343686196],[-123.16599806045339,48.79305514453275],[-123.16606106046727,48.79302714425183],[-123.16618296024242,48.79295744423107],[-123.16630706125272,48.792939243677665],[-123.1664605610417,48.79288614428767],[-123.16658896049913,48.79288184398143],[-123.16675316058924,48.79288294373394]]],[[[-123.18390096154977,48.786330342000376],[-123.18941126313905,48.78636994050187],[-123.18953746068685,48.77913934038327],[-123.18402666033917,48.77912724149521],[-123.18390096154977,48.786330342000376]]],[[[-123.19492316330941,48.784929540876135],[-123.1954690630889,48.78433434000111],[-123.19553416366556,48.783370440404184],[-123.1960082623065,48.782937340142276],[-123.19615696216795,48.781096340575445],[-123.19760016331077,48.78120024023739],[-123.1976682630964,48.78052733983745],[-123.19367456191517,48.78006554075448],[-123.19492316330941,48.784929540876135]]],[[[-123.24779426630275,48.76485423366432],[-123.2498345671062,48.76486603273908],[-123.24986776618191,48.76168543326615],[-123.25099056551367,48.7609533326807],[-123.25239006571434,48.76004063316248],[-123.25245926589338,48.759995432448925],[-123.25270176580827,48.75983723308546],[-123.25267016686253,48.759813232851826],[-123.25261526673926,48.759754132737804],[-123.25247426656667,48.759577832590374],[-123.2523309662,48.75929733212387],[-123.25210996545944,48.75898263227671],[-123.25182476533087,48.75877813247329],[-123.25130826597352,48.758345832860584],[-123.25099786609984,48.75828993282425],[-123.25055536503099,48.758201832611256],[-123.25035276547224,48.7581175325391],[-123.25018136562572,48.75803343314855],[-123.25009186486243,48.75797103330443],[-123.24997226464396,48.757866532779815],[-123.24975756498053,48.757719533291976],[-123.24943986497624,48.757597032553825],[-123.24925796472425,48.75735843289399],[-123.24902526528673,48.75728213267119],[-123.24884406475589,48.75726543312057],[-123.24857696460194,48.757273633507765],[-123.24854236504504,48.75720573322388],[-123.24834076421108,48.75695143343654],[-123.24821896488201,48.75683953274667],[-123.24808546509274,48.756784733188205],[-123.24806486507654,48.756771132927064],[-123.24789826454078,48.75657443307149],[-123.24769736398005,48.756110833605],[-123.24763486371069,48.755877833338026],[-123.24750416421892,48.75572773334154],[-123.24740426428188,48.755690232804035],[-123.24739426452102,48.75565773283197],[-123.24700516444092,48.75535513274382],[-123.24666106413476,48.755204532746205],[-123.24644256428248,48.755071233408486],[-123.24616066414299,48.75499903310549],[-123.2459792634407,48.75483723341755],[-123.24578646389283,48.75477403322506],[-123.24548796295146,48.754692533203716],[-123.2453915637177,48.75464503268941],[-123.24511606421814,48.754549333227764],[-123.2448205639512,48.754478133137454],[-123.24457746291732,48.754436333337516],[-123.24423686271327,48.75432913334506],[-123.24397326297094,48.7542838331026],[-123.24394816257058,48.754276533300846],[-123.24385156319889,48.75420033379895],[-123.24358626286394,48.75416903320702],[-123.24344316290612,48.75408953352694],[-123.24324156339402,48.754030733326864],[-123.2430832636753,48.75401013355569],[-123.24308316240888,48.753986633211625],[-123.24296676335085,48.75383393299014],[-123.24264896323054,48.75368943365744],[-123.24240116327606,48.753669533788305],[-123.24207816284923,48.753714733299574],[-123.24168106305483,48.7538088338018],[-123.24146356249537,48.75384523355808],[-123.2412595622565,48.75385463352839],[-123.2407976629701,48.75395723347479],[-123.24068936278849,48.75400763364302],[-123.24064176298634,48.7540203336681],[-123.24038286242323,48.75411073363493],[-123.24009366260957,48.75415153347914],[-123.23995006214862,48.75410973391146],[-123.2395956620156,48.75403003387508],[-123.2393905622623,48.753987233691575],[-123.23912246252418,48.7538870339304],[-123.23900616211698,48.753860633701976],[-123.23888816258497,48.753776833494214],[-123.23874616263669,48.753723733845],[-123.2383420615575,48.7535116336703],[-123.23792366167679,48.753511634046525],[-123.23770526155955,48.75342283438976],[-123.2372994623036,48.753292233860506],[-123.23708266167425,48.75320233373995],[-123.23670496201422,48.753163033807944],[-123.23642716111603,48.753198034242736],[-123.23626316111589,48.75325223404816],[-123.23558206109739,48.753408134316565],[-123.23520846174242,48.75343453406859],[-123.23485106102277,48.75348273459694],[-123.23454266166424,48.75351743417936],[-123.23418696149636,48.753530334375405],[-123.23402196153953,48.75352693431919],[-123.23380396132775,48.753481234746545],[-123.23338116185438,48.753336834286976],[-123.23313586073598,48.753265334723366],[-123.23283356171372,48.75316343456809],[-123.23264246114107,48.75313253412455],[-123.23246516141675,48.753001734657154],[-123.23211436153122,48.752877734849974],[-123.23193386048165,48.752738434997454],[-123.23168216045198,48.75274883496049],[-123.23147276116767,48.75270233498873],[-123.23097196084362,48.75263333459132],[-123.2308035601698,48.75270483506816],[-123.23068086023957,48.75267113468144],[-123.2306370609115,48.752609135015675],[-123.23028026088792,48.75243423448485],[-123.23011306085951,48.752299934618605],[-123.23027006074932,48.75209253511449],[-123.23009706096346,48.751922134584575],[-123.230115960516,48.75182523492749],[-123.23005376031264,48.75174443488375],[-123.23014536113914,48.7516227350465],[-123.23027315945657,48.75139473465786],[-123.22997766068424,48.75105643470453],[-123.22982576019805,48.750996934897486],[-123.22973525999585,48.75083333499624],[-123.22960795935022,48.7506343349775],[-123.22938605994234,48.750567335217106],[-123.22924276016028,48.75077123494311],[-123.22919716054193,48.75442453520281],[-123.22917706157529,48.75612853540229],[-123.21824085960625,48.75607143662017],[-123.21821416023063,48.75812553631893],[-123.22270726166697,48.75894763628706],[-123.22279226151169,48.75896293585527],[-123.22287746120274,48.75897753594379],[-123.22296296048036,48.75899163598078],[-123.22304866082436,48.75900503615101],[-123.2231345616574,48.759017836106054],[-123.22322056028422,48.75903013575923],[-123.22330686085785,48.75904173566784],[-123.22339336069358,48.75905283620874],[-123.22347996132918,48.75906323555895],[-123.22356676179236,48.75907303588815],[-123.22365376091268,48.759082235573004],[-123.22374076053599,48.759090935681],[-123.2238280620835,48.759098936040594],[-123.22391536107715,48.75910633631898],[-123.22400286173902,48.75911303552752],[-123.22409036166223,48.75911923554382],[-123.22417806080409,48.759124835724414],[-123.22426576098556,48.75912973621067],[-123.22554136189605,48.759197235782125],[-123.22557296210114,48.75919863598529],[-123.22560476214109,48.759199535685305],[-123.2256365608141,48.7591999354505],[-123.2256682620754,48.75919983562503],[-123.22570006104893,48.75919923556052],[-123.22573176136505,48.75919803582741],[-123.22576346096976,48.75919643542615],[-123.22579506191461,48.75919423535646],[-123.2268792612487,48.758199935084136],[-123.22768846139708,48.75798633574813],[-123.23459276290302,48.75969763520686],[-123.23388756383456,48.76095083482179],[-123.2349280633788,48.761373234536414],[-123.23500106326983,48.76140253490682],[-123.23507466354472,48.76143133511504],[-123.2351485633206,48.76145963525063],[-123.23522306343813,48.761487334756865],[-123.23529796395012,48.76151453429956],[-123.2353732636276,48.76154123426352],[-123.23544896369563,48.761567434261764],[-123.23552516378335,48.76159303432555],[-123.23560176357395,48.761618035153845],[-123.23567876384875,48.76164263446906],[-123.235756064735,48.76166663486125],[-123.23583386382064,48.76169003488865],[-123.2359119636129,48.76171293444709],[-123.23599046432318,48.761735234378676],[-123.23606936417907,48.761757034721626],[-123.23614856346595,48.76177823451376],[-123.23684216469192,48.761961334756926],[-123.23695116384792,48.761990334197144],[-123.23705986439997,48.76201993481961],[-123.23716826460115,48.762050134191554],[-123.23727626399238,48.76208073409521],[-123.2373839642067,48.76211193437357],[-123.23749136397652,48.76214363494896],[-123.23759826396103,48.76217583483299],[-123.23823386476944,48.762369134191886],[-123.2382907645872,48.762386834249924],[-123.23834726418434,48.762405034198586],[-123.23840336483617,48.76242383411765],[-123.2384590640901,48.76244323477977],[-123.23851426468278,48.7624631344552],[-123.23856896474483,48.76248353472795],[-123.23862326405717,48.76250453454929],[-123.23867706475968,48.76252613385165],[-123.2387302646192,48.76254823445777],[-123.23878306368611,48.762570834150196],[-123.2388352643665,48.76259393437662],[-123.2388869652149,48.76261763447401],[-123.23893816495742,48.76264183436414],[-123.23898876450566,48.76266653436598],[-123.23923346453908,48.76278783437172],[-123.24000236457205,48.762123134351256],[-123.24779426630275,48.76485423366432]]],[[[-123.21980945759736,48.74540363553626],[-123.2200813570475,48.74543753560261],[-123.22041625784773,48.7455819357531],[-123.2207615574825,48.74508483521753],[-123.22039875724823,48.74494733587851],[-123.22029975671218,48.74483453531945],[-123.21968245720483,48.744646535528524],[-123.21847975650483,48.744279835636405],[-123.2185305553175,48.74162813533779],[-123.21836435626071,48.74154643601569],[-123.21831255589993,48.741532435536136],[-123.21823565603924,48.74151053562267],[-123.21815925560782,48.74148813555325],[-123.21808315530325,48.74146513585058],[-123.21800755624632,48.74144143550608],[-123.21793235635928,48.7414172356911],[-123.21785755564653,48.74139243594979],[-123.21778325618648,48.741367036027356],[-123.21770945617183,48.74134103549931],[-123.21763605592159,48.74131443585992],[-123.21756315511801,48.741287336074365],[-123.21749085584189,48.7412596354314],[-123.2174189551096,48.74123133606636],[-123.2173475562831,48.741202535787906],[-123.21727665568729,48.74117313529714],[-123.21720635475593,48.74114313553707],[-123.21713665535708,48.74111263538351],[-123.21706745477714,48.74108153583318],[-123.21699875488405,48.74104993576172],[-123.21693065530077,48.741017835686485],[-123.21686315480638,48.74098513553772],[-123.21679625520711,48.74095193619951],[-123.21663535590135,48.74087323597005],[-123.21656275536292,48.740838135431254],[-123.21648955531988,48.74080353560893],[-123.21641585480917,48.7407694362068],[-123.21634155484608,48.74073593596662],[-123.21626675563901,48.74070293575818],[-123.21619135511213,48.74067043583437],[-123.21611555495913,48.74063843645649],[-123.21603915534712,48.74060703623454],[-123.21596225467503,48.7405761356129],[-123.21588495559094,48.74054583560445],[-123.21580705517869,48.740516035873284],[-123.2157287545481,48.740486735870164],[-123.21564995465208,48.740458036344464],[-123.21557065490532,48.74042993648337],[-123.21549095493367,48.74040233634647],[-123.21541085472691,48.74037533638924],[-123.21533025466223,48.74034893609269],[-123.21524925494874,48.74032303632805],[-123.21516785440957,48.74029773592804],[-123.21508605543458,48.740273036128556],[-123.21400385488447,48.73995063631369],[-123.21319195397996,48.73980043639156],[-123.21301435499599,48.739741036346665],[-123.21290165414406,48.73970293581194],[-123.21284035487662,48.73968213626976],[-123.21277955507587,48.739660736168865],[-123.21271915448135,48.739638736186876],[-123.21265925394012,48.73961613645964],[-123.21259985468058,48.73959293660271],[-123.21254095429693,48.739569235836235],[-123.21248265480085,48.73954503591932],[-123.21242485413738,48.739520236647124],[-123.2123675541788,48.73949483643825],[-123.21231075368402,48.739468936135594],[-123.21225465434352,48.739442536011104],[-123.21219905384085,48.73941553653572],[-123.21214405427759,48.73938813636483],[-123.21208965381595,48.73936013616943],[-123.21201675464943,48.73932233651159],[-123.21194325477332,48.73928513637265],[-123.21186925440318,48.73924843662767],[-123.21179465392022,48.73921223675377],[-123.21171945455026,48.73917653636381],[-123.21164375468237,48.7391413363634],[-123.21156755431517,48.739106636751124],[-123.21149075324739,48.73907243619243],[-123.21141345348701,48.739038736444826],[-123.21133565384885,48.73900563634017],[-123.21125735370495,48.73897303661794],[-123.2111784546639,48.738940936369026],[-123.21109915414776,48.73890933621032],[-123.21101945336258,48.73887833621116],[-123.210848353435,48.7388126365963],[-123.20921375344024,48.738370436494606],[-123.20817995360812,48.73815153659929],[-123.20700485305423,48.7378081364658],[-123.20696065378303,48.737795637029656],[-123.20691605354763,48.7377836365084],[-123.2068710528721,48.737772336624005],[-123.20682565362173,48.73776153689066],[-123.20678005321659,48.73775143683794],[-123.20673405239484,48.737741936964746],[-123.20668775322204,48.73773303702634],[-123.20664125350054,48.73772473712307],[-123.20659455261645,48.737717136898745],[-123.20654755337557,48.73771013660789],[-123.20650035355061,48.7377038368066],[-123.20645295316896,48.737698137039004],[-123.2064053534555,48.7376930369192],[-123.20635765340913,48.73768863661826],[-123.2063098524136,48.737684836877214],[-123.20626195230746,48.7376817365691],[-123.20621395305734,48.737679237246596],[-123.20616585288262,48.7376774369307],[-123.20611765297689,48.73767623678862],[-123.20606955317868,48.73767573713368],[-123.20602135303169,48.73767593729654],[-123.20597325243546,48.73767673667966],[-123.20592515293981,48.73767813637844],[-123.20587705328495,48.737680237233945],[-123.20457235303947,48.73774603688798],[-123.20449505275022,48.737750236919794],[-123.20441795217134,48.73775503747628],[-123.2043409523298,48.7377604368319],[-123.20426395228556,48.73776653730693],[-123.20418715262068,48.73777313665527],[-123.20411045239528,48.73778033719731],[-123.20403385285888,48.737788236995165],[-123.20395745304866,48.73779663686442],[-123.2038811520856,48.73780563711692],[-123.20386215199476,48.73780803685164],[-123.20379945208983,48.737815336944635],[-123.20373675228257,48.737822136727054],[-123.20367385209545,48.73782833707722],[-123.20361085301593,48.73783393694231],[-123.20354765290587,48.7378391374742],[-123.2034844517494,48.73784363716886],[-123.20342115225392,48.73784763764489],[-123.20335785228768,48.73785113699795],[-123.20329435195661,48.73785403691693],[-123.20323085236227,48.73785633687989],[-123.203167352243,48.73785813772785],[-123.20310375204859,48.73785943692204],[-123.20229195216784,48.73787163749236],[-123.20154385217835,48.73770113709547],[-123.20034195177948,48.73755053720925],[-123.19938945151382,48.7375996376918],[-123.19755965194494,48.7374938378475],[-123.19633465117413,48.73755573809589],[-123.19625885212358,48.7412240378549],[-123.19621375279455,48.744851238106286],[-123.21846155700734,48.7452465354331],[-123.21851895713759,48.74501043606444],[-123.21980945759736,48.74540363553626]]],[[[-123.16606764763495,48.743865241788626],[-123.16604564771382,48.743998541595836],[-123.1660459478701,48.74407844212503],[-123.16606464865836,48.744370942018406],[-123.1662226477926,48.744527041517415],[-123.16643814799325,48.74459794151752],[-123.1667884483352,48.744625141836515],[-123.16696664782671,48.74467544191364],[-123.16732464853105,48.74472404177451],[-123.16743224836944,48.74473594153839],[-123.16770634814434,48.74475274139303],[-123.16795684901282,48.74479184140463],[-123.1682674488946,48.744856641226306],[-123.16871804874853,48.74490564142823],[-123.16899104797014,48.74491534125965],[-123.17022224861374,48.74491844167788],[-123.17051744920524,48.74494234128899],[-123.17083664905955,48.74490674074988],[-123.17096944880025,48.74468564082305],[-123.17090794876984,48.74444484139985],[-123.17061914916631,48.744368940919294],[-123.17048404911183,48.74431414096933],[-123.17051304915844,48.74413824137084],[-123.17042174878998,48.74392864148816],[-123.17012054835189,48.74384614151692],[-123.1697805481318,48.7437294412138],[-123.16962294888945,48.743706541556776],[-123.16934184850673,48.74365534122875],[-123.16913144772975,48.74365564134442],[-123.1688865481806,48.74371004154322],[-123.16873214867064,48.74360274140778],[-123.1685233478792,48.74354394181204],[-123.16821184777218,48.74352474161191],[-123.16791044790472,48.74347324181204],[-123.1674593483741,48.74342424183907],[-123.16715234860226,48.74342464149742],[-123.166742848598,48.74343604160211],[-123.16651184873673,48.74350194167614],[-123.16644134771971,48.74356054157194],[-123.16623264801078,48.74364584149276],[-123.16606764763495,48.743865241788626]]],[[[-123.16690055432356,48.76677624260081],[-123.1668125542265,48.76713224299449],[-123.16734425496591,48.76732974288184],[-123.17342405508313,48.7682304422492],[-123.17447025633012,48.768456242133574],[-123.17866025628412,48.76936034114569],[-123.18205855707987,48.77009354174013],[-123.18192765750962,48.770634841509995],[-123.18186135718365,48.77071414087978],[-123.18208315776377,48.77081894120167],[-123.18214945725397,48.77073964083625],[-123.18280475736458,48.76995484112404],[-123.18312565753418,48.76957044119746],[-123.18329045806408,48.76937314092759],[-123.18294375690994,48.76922674071851],[-123.18243595752986,48.76899994143664],[-123.18175495664651,48.768710241551254],[-123.18110995656521,48.76853314144734],[-123.18061975743696,48.76833264125083],[-123.18002745678547,48.76818524161283],[-123.17959575656344,48.768088441023615],[-123.17902655569185,48.76804314136257],[-123.17867785690754,48.76799864129067],[-123.1784060559408,48.76792614160181],[-123.17800725556611,48.76781114141226],[-123.17699245560037,48.76756534162175],[-123.17632535575285,48.76746264133822],[-123.1759011563135,48.76738734169593],[-123.17568535553892,48.76731904219738],[-123.17502115581118,48.76705444123189],[-123.17478685505496,48.766957541479094],[-123.17455345456356,48.766823941677785],[-123.17399065543248,48.76663894232959],[-123.17365585512856,48.76657214243509],[-123.17342875439405,48.76660704186957],[-123.173139754912,48.76666914203944],[-123.17303475508008,48.76668184248432],[-123.17255715519435,48.76658364224748],[-123.1722508546892,48.76657054190011],[-123.17150605517547,48.766475541807665],[-123.17108135416862,48.76638714237741],[-123.17084735451759,48.76638754244381],[-123.17067925504172,48.766355441882176],[-123.17017225414831,48.76617894240411],[-123.1698753544823,48.76614664233154],[-123.16892895338893,48.765860042219245],[-123.16839965385627,48.765726742151266],[-123.1681786542291,48.76560034279801],[-123.16762795427668,48.765462842140806],[-123.16682155418304,48.765316342437686],[-123.16617075389854,48.76518644238534],[-123.16549025357389,48.76503124294091],[-123.16500095378272,48.76491244276446],[-123.16444215356871,48.76490084328841],[-123.16434585270643,48.764870743157466],[-123.16413265323878,48.7647504429681],[-123.16395895342035,48.764614643302416],[-123.16362965322705,48.764488342990624],[-123.16324435310896,48.764436442560154],[-123.16287255246877,48.764393943015634],[-123.1625380524946,48.764332943001634],[-123.16221825233293,48.764282443562834],[-123.1608027521057,48.764265343534504],[-123.16060225330808,48.7642330434891],[-123.16048105208326,48.76419114350047],[-123.1603436522629,48.76412334306098],[-123.16014485181735,48.76403334339404],[-123.15980135164169,48.763958143115225],[-123.15958495168685,48.76399654370739],[-123.15934025189152,48.76401384337761],[-123.15905815187038,48.76414754350574],[-123.15905795243715,48.76417604297622],[-123.15893765250561,48.76414834353704],[-123.15855255242747,48.76409014339093],[-123.15797935179123,48.76398704413826],[-123.15749525254026,48.76386954374022],[-123.15712835204688,48.76386994364753],[-123.15675325251088,48.763897943814435],[-123.156592451907,48.76391744402638],[-123.15650425143409,48.7639068434472],[-123.15643375178287,48.763857543504294],[-123.15651675133766,48.76381044346379],[-123.15630485208293,48.763531743545116],[-123.15604695211796,48.763454643823295],[-123.15573235200623,48.76342304382373],[-123.15551615079957,48.76341784396706],[-123.15534005123926,48.763376443771875],[-123.15518785084426,48.76339824392841],[-123.15486105190274,48.76329074383991],[-123.15435255075897,48.76324934443533],[-123.15396635050695,48.763320643986496],[-123.15386355145432,48.76332934364358],[-123.1534800513562,48.76320314388282],[-123.15303185077188,48.76342614391437],[-123.15315105061032,48.76363514427838],[-123.15313485133876,48.76364354395384],[-123.15285775079806,48.76371824466211],[-123.1523029506865,48.76390874439771],[-123.15204995069752,48.76397684475963],[-123.15127695120933,48.76389954422425],[-123.15085525130277,48.7639429441602],[-123.15044025040811,48.76397994418715],[-123.15033185070592,48.76398424398462],[-123.1502186512225,48.76396644419687],[-123.15005055103762,48.763874244710436],[-123.14958315065196,48.76378984495564],[-123.14914785063314,48.76373564434462],[-123.14833215052205,48.76369804502135],[-123.14768775062326,48.763646345112406],[-123.14712924995902,48.763668345091226],[-123.14692395013157,48.76370084468877],[-123.14674055057817,48.763711145074126],[-123.14601355009226,48.76369274464881],[-123.14563624944257,48.76372684511493],[-123.14537025007196,48.76374414500256],[-123.14523844966293,48.763740145067906],[-123.14503114990173,48.76369654528653],[-123.14470605022025,48.76364324483629],[-123.14439014924797,48.76360184525458],[-123.1441746495013,48.763632145087655],[-123.14410475000082,48.76363214470864],[-123.14379674893668,48.76358604497452],[-123.14267624885713,48.76346494559152],[-123.14162844867377,48.763388445767475],[-123.14093984935002,48.76337634570703],[-123.14032844902877,48.76335254542334],[-123.13730974805014,48.76305214635955],[-123.13682714820823,48.76301844630822],[-123.13661924808679,48.76295004574205],[-123.13627684832524,48.76286154575825],[-123.1360174483244,48.762861846372196],[-123.13577824788955,48.76282944604429],[-123.13548084736631,48.76278354609835],[-123.1351436477382,48.76269614574837],[-123.13477164794993,48.762671945791475],[-123.13410354726818,48.762726946118136],[-123.13352124810314,48.76279384632001],[-123.13304144733362,48.76288684626569],[-123.13252984803867,48.76299034670011],[-123.13231314803556,48.76311514662092],[-123.132147947621,48.76314574648944],[-123.13190284772196,48.763275646095686],[-123.13185894778017,48.76341424620516],[-123.13148914745065,48.76359514630564],[-123.13124354806509,48.76372094679282],[-123.13097724725395,48.76394154699242],[-123.13124994801701,48.76418104691249],[-123.13155714855009,48.764263746658024],[-123.13199464726908,48.76436184644514],[-123.1325430478045,48.76446974619932],[-123.1325363473568,48.76452354652558],[-123.13245314855895,48.76484724661761],[-123.13280244768204,48.76483074663121],[-123.13325434862112,48.76480944621496],[-123.13319104823242,48.76422234647229],[-123.13474474810171,48.763787346604765],[-123.13589794776223,48.76380084609633],[-123.14154724899532,48.76429574594252],[-123.14386854983704,48.76466554544712],[-123.14880745109939,48.76597604505159],[-123.14876345152108,48.76641944508966],[-123.1496288517647,48.76654244489217],[-123.15324585195363,48.7652291440736],[-123.15489845183102,48.76520424386351],[-123.15663635206175,48.765399344214124],[-123.16206015262533,48.76600854330562],[-123.16690055432356,48.76677624260081]]],[[[-123.14540405486198,48.78604214590843],[-123.15636315817963,48.78611664495642],[-123.16462965899721,48.78620214357105],[-123.16737685889689,48.786230444122644],[-123.17839076055476,48.78629044255577],[-123.17851595943816,48.77911484163803],[-123.1786213574215,48.77198984196474],[-123.16758075549714,48.77173504252254],[-123.16257465494178,48.77161924331215],[-123.16253695442444,48.77233134371348],[-123.1620287541245,48.77222114326356],[-123.16179355493334,48.77221564375618],[-123.16122355471174,48.772202443198836],[-123.1609078539198,48.77251634371664],[-123.16082195477718,48.77260174394149],[-123.16072095539285,48.77270224388956],[-123.16053845429497,48.77270214413335],[-123.15994385453196,48.77270164346507],[-123.15968225424129,48.773054644393554],[-123.15861175465281,48.77231784382093],[-123.15653865371704,48.771677144264785],[-123.1565417536268,48.77147924410488],[-123.14559235149241,48.77140854529849],[-123.13464295060699,48.77133684647525],[-123.13452765237882,48.77861214669309],[-123.12521594989903,48.77858484800508],[-123.12582605050586,48.77886254757708],[-123.12791325081854,48.77963184750704],[-123.12886925168557,48.7799306474593],[-123.1297953521161,48.7802032474615],[-123.13036445157695,48.78041384719075],[-123.13171555201153,48.78072144709614],[-123.13237315233131,48.7809187475314],[-123.13276015174276,48.78110024724908],[-123.13353535333103,48.78167474727409],[-123.13438555243813,48.78206984702708],[-123.13448725236562,48.78212714703492],[-123.13448705268439,48.782147147206956],[-123.13527735306788,48.782394546746765],[-123.13599945249007,48.78270004675028],[-123.13678105347036,48.78313234715409],[-123.13729675300168,48.783484246632575],[-123.1373318542676,48.78350764672537],[-123.13736755351597,48.783530646884266],[-123.13740395370233,48.78355314727708],[-123.1374410534678,48.78357524675179],[-123.13747885371902,48.78359674718236],[-123.13751725337528,48.783617746818166],[-123.13755625405248,48.78363834655863],[-123.13759585426355,48.78365834703841],[-123.13763605387818,48.78367784672091],[-123.13767685425388,48.78369674675638],[-123.13771825338497,48.78371514718944],[-123.13776015400641,48.783733046651676],[-123.13780255320697,48.78375034663535],[-123.13784555419983,48.783767147056864],[-123.13788895346568,48.78378334658802],[-123.13793285434669,48.78379894668101],[-123.13797725380199,48.78381394729233],[-123.13802215351234,48.78382844731278],[-123.13806735435423,48.78384224660852],[-123.13811305357302,48.78385554689328],[-123.1381590539199,48.78386814645209],[-123.13820545350066,48.78388024721272],[-123.13825225457478,48.783891646647376],[-123.13829935392876,48.78390254706947],[-123.13834675440353,48.7839127467633],[-123.13839445457583,48.78392234658597],[-123.13844245398947,48.78393124726059],[-123.13849075374337,48.78393954686643],[-123.13853925404874,48.78394724681409],[-123.13858795432155,48.78395434629119],[-123.13863685468698,48.78396074683307],[-123.13868595397861,48.7839664468154],[-123.13945705359333,48.78405184678473],[-123.13950585387018,48.78405754656985],[-123.13955435450126,48.7840638461825],[-123.13960275416221,48.78407084647693],[-123.13965085399218,48.784078547072674],[-123.13969875455201,48.784086846896905],[-123.13974645461491,48.784095746334614],[-123.1397937546728,48.78410524620244],[-123.13984085463056,48.784115446969636],[-123.13988765456332,48.78412614628253],[-123.1399340543076,48.78413754650023],[-123.13998005405404,48.78414954715039],[-123.14002575482043,48.78416214643632],[-123.14007105436352,48.78417534654056],[-123.14011595514238,48.78418914669449],[-123.14016045411896,48.78420354685609],[-123.14020445461131,48.78421854647287],[-123.14024795416333,48.784234146315065],[-123.14029105449805,48.78425024693319],[-123.14033365454155,48.78426694658153],[-123.14037575441819,48.784284146796296],[-123.14041725486456,48.78430194625928],[-123.14045825495847,48.78432034676339],[-123.14049865458291,48.78433924642895],[-123.14053855404401,48.78435864666414],[-123.14057785484785,48.78437854648969],[-123.140616454814,48.78439894608045],[-123.14132625400403,48.78478224628357],[-123.14136235417483,48.784801346555895],[-123.14139915466896,48.78481994621785],[-123.14143635560141,48.78483804669032],[-123.1414742550452,48.784855646123525],[-123.14151255492588,48.784872746365906],[-123.14155145475631,48.78488934659695],[-123.14159085434933,48.7849053469449],[-123.14163075539444,48.784920846300956],[-123.14167115497138,48.7849357461572],[-123.14171195498042,48.78495014681927],[-123.1417531542564,48.78496404666266],[-123.14179485528457,48.784977246573405],[-123.14183695493048,48.78498994686086],[-123.14187945506832,48.785002145943054],[-123.14192225498233,48.78501364668066],[-123.14196545538549,48.785024646211866],[-123.14200895421342,48.78503504624683],[-123.14205275450405,48.78504484682769],[-123.14209685509151,48.785054046330046],[-123.14214125409873,48.78506264633476],[-123.14252125421504,48.78513344622917],[-123.14274205511464,48.78517464589927],[-123.14278045526493,48.78518204669797],[-123.14281855522617,48.785190046534424],[-123.14285635540016,48.78519874669447],[-123.14289375501626,48.785208046496805],[-123.14293075512285,48.785218046030735],[-123.14296745516343,48.78522854613943],[-123.14300375446858,48.785239746365384],[-123.14303955484131,48.78525144679336],[-123.14307485475558,48.78526384674697],[-123.14310975488284,48.78527674668463],[-123.14314415531732,48.78529024648761],[-123.14317795510563,48.78530434594861],[-123.14321125455635,48.7853190464729],[-123.14324395553521,48.785334146136854],[-123.14327605446051,48.78534994631909],[-123.14330765464064,48.78536614623491],[-123.14333845466199,48.78538294663573],[-123.14336875517618,48.785400246433056],[-123.1433982557128,48.78541804624342],[-123.14342715514157,48.785436346440555],[-123.14391135577442,48.7857519463654],[-123.14435225547467,48.78594774578171],[-123.14540415552572,48.78595174647084],[-123.14540405486198,48.78604214590843]]],[[[-123.10690664684691,48.77634184980244],[-123.10707404762778,48.77667384996265],[-123.10781424751544,48.77691854960398],[-123.10899344793758,48.77729615003599],[-123.10973834819663,48.77744394945021],[-123.11029404772755,48.77755874950393],[-123.11033994817288,48.77733254943137],[-123.11059674771957,48.77606424936748],[-123.1106355480259,48.775872849515764],[-123.11133864776431,48.7761301494873],[-123.11215344809735,48.77627424977099],[-123.11251714797538,48.776391849262474],[-123.1125848457081,48.771264948888],[-123.11261524551995,48.7689608491951],[-123.1115727460248,48.76882494917309],[-123.11099814576795,48.76866104951083],[-123.11042784484711,48.768508749020484],[-123.10971524592789,48.76843184937706],[-123.10864944509369,48.76818354939234],[-123.10772194559635,48.76800494972297],[-123.107155344821,48.76795144939759],[-123.10682434482044,48.76792034922976],[-123.10596794533537,48.76786824975872],[-123.10507874478341,48.767880449684384],[-123.10387854437502,48.76789484970572],[-123.10328864364122,48.76783165006512],[-123.10217594399232,48.76782035054963],[-123.10168524354481,48.76771915014953],[-123.10129854344746,48.767639450753634],[-123.10087844420353,48.7676269504066],[-123.10031934337407,48.767487450381005],[-123.09963004402232,48.76744055032533],[-123.09841204247245,48.76719885052695],[-123.09786324368311,48.76714805067822],[-123.09646114262188,48.76723295115189],[-123.09588774287614,48.767269550310544],[-123.09458454278298,48.76730425131892],[-123.09370814173039,48.7673301508124],[-123.09284764189891,48.76725735092554],[-123.09200604282734,48.76746925108464],[-123.0914138418682,48.76755365187642],[-123.09061854178604,48.76774665164805],[-123.09016214208569,48.76793275151772],[-123.0892270422583,48.76810685131678],[-123.08871944208377,48.768201451787476],[-123.08859324217615,48.768324651988365],[-123.08843214218258,48.768948052120805],[-123.08841304179812,48.76948125171174],[-123.08843014234834,48.7699976514389],[-123.0883658424293,48.7704756518745],[-123.0886505422898,48.770726652027044],[-123.0893162427727,48.77096685146105],[-123.0901839436953,48.771247851802976],[-123.0913318435478,48.77153265135451],[-123.09227034382955,48.77186065127768],[-123.0930191434012,48.77210835117715],[-123.09310754363209,48.77219865149113],[-123.09309794357534,48.772337751661134],[-123.0930862431588,48.77235235119074],[-123.09269614364749,48.77225665113643],[-123.09189374355957,48.772096151653415],[-123.09086104320424,48.77196935148849],[-123.09015124298362,48.77199935214173],[-123.08974354351072,48.77221955181916],[-123.08974324309206,48.77259725228092],[-123.09012064271826,48.772900251736814],[-123.09068854394306,48.77308065149429],[-123.09216524356391,48.77320315114375],[-123.09333274401227,48.773390451205124],[-123.0937344443314,48.77345945081779],[-123.09384524364275,48.77352655168266],[-123.09410754460751,48.773851951482584],[-123.09430634419711,48.77408585161798],[-123.09470524428714,48.774283651380216],[-123.0950813448078,48.7743491512698],[-123.096287544892,48.77472465121809],[-123.09746454556418,48.77503355068662],[-123.09824284575981,48.77512375078131],[-123.09877554467384,48.77513565085833],[-123.09929074560574,48.77521145099206],[-123.09989224493735,48.77515685047805],[-123.1004409452157,48.775066150342184],[-123.10030174501046,48.774605850493636],[-123.09972674524097,48.77425485037683],[-123.09937964501665,48.77411715037766],[-123.099907845047,48.77418065065933],[-123.10029054562719,48.77423235051068],[-123.10502084676088,48.77511725018108],[-123.105419246011,48.77518574990413],[-123.10620944667234,48.775297049611666],[-123.10679164639328,48.775553549606464],[-123.10686974755517,48.77583775018075],[-123.10690664684691,48.77634184980244]]],[[[-123.11225484336558,48.76023724848649],[-123.11233054348959,48.7605841491162],[-123.11266064424963,48.76066774874156],[-123.11292854333196,48.76078244840995],[-123.11323934374238,48.76086864820684],[-123.11349774448458,48.76091104868387],[-123.11369584393958,48.76093094883391],[-123.1140300446183,48.76095714815146],[-123.11433124348838,48.76099474814946],[-123.11496084373415,48.76100574805987],[-123.11542904370474,48.76078834800585],[-123.11535904413515,48.760696248212476],[-123.11544764475948,48.760670048038904],[-123.11566434456944,48.76052634776913],[-123.11570804464817,48.76035124829948],[-123.11561084361777,48.76012764830568],[-123.11516974397874,48.76002604800646],[-123.11486134373062,48.7599584481632],[-123.11461014425493,48.759925448505896],[-123.11421214362878,48.75991534888722],[-123.11409244393032,48.75992674834726],[-123.11378904403236,48.75994814878566],[-123.11334544348055,48.760074448099175],[-123.11334564343882,48.7601429485133],[-123.11316374378185,48.76012764839478],[-123.11290874332204,48.760088148656386],[-123.11265864421692,48.76008844855117],[-123.11225484336558,48.76023724848649]]],[[[-123.11100964374901,48.760395948884],[-123.1112307439488,48.76039564845703],[-123.11160574312402,48.760302348327805],[-123.11163364359696,48.75994174904814],[-123.11155594340376,48.75978834912481],[-123.1113324427472,48.75966204854582],[-123.11085804371818,48.75957414852092],[-123.11056374294698,48.759472549299964],[-123.1103921436757,48.759447548738514],[-123.11008824359023,48.75940954882019],[-123.10981144280103,48.75938944847907],[-123.10930584345081,48.75938994859626],[-123.10919654287954,48.75940044844608],[-123.10889414264669,48.75941734881467],[-123.10879424282425,48.75941744946189],[-123.10793674279344,48.7593905489455],[-123.10764714188,48.75942024892877],[-123.10737154321289,48.75955084921824],[-123.10731704228385,48.75976884911711],[-123.10748444270585,48.75998944951806],[-123.10783394220651,48.76006604913878],[-123.10806014290523,48.760065848646484],[-123.10830414253049,48.76005824941508],[-123.1083417435941,48.76006654916022],[-123.10899574354089,48.76016704897644],[-123.10961224335848,48.7602590484329],[-123.10995404332955,48.76028814880655],[-123.1101993433741,48.760296448967246],[-123.1104668431245,48.76033344879853],[-123.11069654377842,48.76033324890995],[-123.11100964374901,48.760395948884]]]]},"properties":{"OBJECTID":1129,"adminAreaId":"GULF","adminAreaNameEng":"GULF ISLANDS NATIONAL PARK RESERVE OF CANADA","adminAreaNameFra":"RÉSERVE À VOCATION DE PARC NATIONAL DES ÎLES-GULF DU CANADA","adminAreaNameAlt1":null,"adminAreaNameAltLang1":null,"distributionType":"NPR","distributionTypeEng":"National Park Reserve of Canada","distributionTypeFra":"Réserve à vocation de parc national du Canada","absoluteAccuracy":"<100m","absoluteAccuracyEng":"Better than 100 metres","absoluteAccuracyFra":"Meilleure que 100 mètres","adminRegion":"WROC_BC","adminRegionEng":"British Columbia Region","adminRegionFra":"Région de la Colombie-Britannique","jurisdiction":"BC","jurisdictionEng":"British Columbia","jurisdictionFra":"Colombie-Britannique","NID":"a8532b93849c20c344c7","representationPurpose":"legal","representationPurposeEng":"Legal","representationPurposeFra":"Légal","sourceGeoDB":"PE_WROC_UTM10","webReference":"https://clss.nrcan-rncan.gc.ca/data-donnees/sgb_datasets/BC","SHAPE_Length":174695.9631120364,"SHAPE_Area":35315207.496238574}}]}